"","ERR458495","ERR458502","ERR458509","ERR458517","ERR458528","ERR458535","ERR458552","ERR458882","ERR458887","ERR458905","ERR458906","ERR458921"
"ETS1-1",0,0,0,0,0,0,0,0,0,0,0,0
"ETS1-2",0,0,0,0,0,0,0,0,0,0,0,0
"ETS2-1",0,0,0,0,0,0,0,0,0,0,0,0
"ETS2-2",0,0,0,0,0,0,0,0,0,0,0,0
"HRA1",0,0,0,0,0,0,1,0,0,0,2,0
"ICR1",8,54,19,32,29,25,23,14,18,19,32,22
"IRT1",33,31,34,12,24,85,30,37,20,34,62,46
"ITS1-1",0,0,0,0,0,0,0,0,0,0,0,0
"ITS1-2",0,0,0,0,0,0,0,0,0,0,0,0
"ITS2-1",0,0,0,0,0,0,0,0,0,0,0,0
"ITS2-2",0,0,0,0,0,0,0,0,0,0,0,0
"LSR1",14,28,16,18,44,89,15,15,30,43,51,16
"NME1",1,6,5,3,6,1,3,3,3,5,5,3
"PWR1",0,0,0,0,0,0,0,0,0,0,0,0
"Q0010",0,0,0,0,0,0,0,0,0,0,0,0
"Q0017",0,0,0,0,0,0,0,0,0,0,0,0
"Q0020",0,2,1,1,10,2,3,3,6,5,4,0
"Q0032",0,0,0,0,0,0,0,0,0,0,0,0
"Q0045",0,0,1,0,0,0,0,0,0,1,0,0
"Q0050",0,1,1,0,5,1,0,0,1,2,0,0
"Q0055",0,0,0,0,2,3,1,1,0,0,0,0
"Q0060",0,0,0,0,0,0,0,0,0,0,0,0
"Q0065",0,0,0,0,0,0,0,0,0,0,0,0
"Q0070",0,0,0,0,0,0,0,0,0,0,0,0
"Q0075",0,0,0,0,0,0,0,0,0,0,0,0
"Q0080",0,0,0,0,0,0,0,0,0,0,0,0
"Q0085",0,1,0,0,0,0,0,0,0,0,0,0
"Q0092",0,0,0,0,0,0,0,0,0,0,0,0
"Q0105",0,0,0,0,0,0,0,0,0,1,0,0
"Q0110",0,0,0,0,0,0,0,0,0,0,0,0
"Q0115",0,0,0,0,0,0,0,0,0,0,0,0
"Q0120",0,1,0,0,0,0,0,0,0,0,0,0
"Q0130",0,1,0,0,1,0,2,1,0,0,1,1
"Q0140",0,0,0,0,0,0,0,0,0,0,0,0
"Q0142",0,0,0,0,0,0,0,0,0,0,0,0
"Q0143",0,0,0,0,0,0,0,0,0,0,0,0
"Q0144",0,0,0,0,0,0,0,0,0,0,0,0
"Q0158",3,6,2,1,54,11,9,4,11,25,11,8
"Q0160",0,0,0,1,1,0,1,0,0,0,0,1
"Q0182",0,0,0,0,0,0,0,0,0,0,0,0
"Q0250",0,1,0,0,2,0,0,0,1,0,1,0
"Q0255",0,0,0,0,0,0,0,0,0,0,0,0
"Q0275",0,1,0,0,0,0,0,0,0,0,0,0
"Q0285",0,0,0,0,0,0,0,0,0,0,0,0
"Q0297",0,0,0,0,0,0,0,0,0,0,0,0
"RDN18-1",0,0,0,0,0,0,0,0,0,0,0,0
"RDN18-2",0,0,0,0,0,0,0,0,0,0,0,0
"RDN25-1",0,0,0,0,0,0,0,0,0,0,0,0
"RDN25-2",0,0,0,0,0,0,0,0,0,0,0,0
"RDN37-1",0,0,0,0,0,0,0,0,0,0,0,0
"RDN37-2",0,0,0,0,0,0,0,0,0,0,0,0
"RDN5-1",0,1,0,1,0,0,0,0,0,0,3,1
"RDN5-2",0,0,0,0,0,0,0,0,0,0,0,0
"RDN5-3",0,0,0,0,0,0,0,0,0,0,0,0
"RDN5-4",0,0,0,0,0,0,0,0,0,0,0,0
"RDN5-5",0,0,0,0,0,0,0,0,0,0,0,0
"RDN5-6",0,0,1,0,0,0,0,0,0,0,0,0
"RDN58-1",0,0,0,0,0,0,0,0,0,0,0,0
"RDN58-2",0,0,0,0,0,0,0,0,0,0,0,0
"RME2",0,0,0,1,0,0,0,0,2,4,0,0
"RME3",0,0,0,0,0,0,0,0,0,0,0,0
"RNA170",0,2,1,3,2,1,1,3,4,1,1,1
"RPR1",4,4,4,5,8,3,6,4,8,8,11,8
"RUF20",7,37,16,17,21,16,14,22,30,23,42,6
"RUF21",0,12,1,5,4,18,4,3,10,10,12,1
"RUF22",0,0,0,0,0,0,0,0,0,0,0,0
"RUF23",0,3,0,0,0,6,1,0,0,2,1,1
"RUF5-1",0,0,0,0,0,0,0,0,0,0,0,0
"RUF5-2",0,0,0,0,0,0,0,0,0,0,0,0
"SCR1",25,25,11,19,185,41,31,10,66,51,44,28
"snR10",1,3,5,3,5,0,3,2,4,1,6,6
"snR11",13,44,32,37,38,103,28,9,22,22,31,15
"snR128",5,4,4,3,6,2,6,10,7,8,20,9
"snR13",1,0,1,3,4,1,1,1,4,5,9,1
"snR14",1,4,5,2,4,0,1,0,3,1,2,1
"snR161",3,2,1,1,0,2,0,1,2,2,1,0
"snR17a",2,4,3,0,18,2,2,3,7,6,3,1
"snR17b",8,12,7,6,13,0,9,12,12,21,19,6
"snR18",3,7,0,1,0,0,3,0,3,5,5,1
"snR189",0,0,2,2,3,1,3,2,1,1,3,1
"snR19",11,32,14,20,35,95,31,15,21,21,26,9
"snR190",0,1,2,0,10,0,0,2,2,5,3,0
"snR191",0,0,0,1,0,1,0,0,1,2,5,1
"snR24",4,2,3,2,3,0,2,2,3,7,5,2
"snR3",4,4,2,1,4,1,1,5,1,4,4,1
"snR30",41,69,74,55,95,6,62,46,56,74,104,58
"snR31",10,17,13,14,13,2,18,10,24,17,36,11
"snR32",2,5,6,4,8,6,1,8,5,13,12,5
"snR33",11,35,19,34,45,3,17,22,28,21,35,14
"snR34",3,13,9,9,8,2,4,8,5,10,23,3
"snR35",1,8,12,3,7,0,4,10,6,8,15,5
"snR36",0,4,3,5,2,8,1,1,3,3,6,2
"snR37",9,22,7,10,20,3,6,11,17,18,23,9
"snR38",0,1,0,2,0,0,2,0,0,0,2,0
"snR39",0,2,3,2,3,2,2,3,1,2,4,1
"snR39B",3,7,4,5,3,10,1,2,3,4,4,1
"snR4",9,21,10,9,13,17,3,18,14,15,23,11
"snR40",0,4,1,0,1,1,0,0,0,1,6,2
"snR41",5,12,11,8,8,19,2,5,6,2,14,5
"snR42",2,12,9,10,6,3,0,10,11,8,22,5
"snR43",10,38,14,18,14,19,14,18,11,17,17,12
"snR44",9,32,17,16,14,23,19,34,24,36,66,16
"snR45",1,4,4,1,9,1,1,1,6,0,4,1
"snR46",2,11,10,7,16,4,16,6,8,14,17,6
"snR47",0,1,2,2,0,2,4,2,4,4,7,1
"snR48",1,2,0,0,2,0,0,0,1,0,1,3
"snR49",10,21,6,9,15,11,16,22,20,19,32,18
"snR5",3,8,5,4,5,1,2,6,10,8,7,4
"snR50",1,4,3,3,2,2,2,3,2,4,10,1
"snR51",1,8,3,2,5,5,0,4,6,3,9,2
"snR52",0,0,0,1,0,0,0,0,0,0,0,0
"snR53",0,0,0,0,0,1,0,0,1,0,0,0
"snR54",0,1,0,2,0,0,1,1,1,6,6,2
"snR55",2,4,0,3,1,1,1,2,0,0,8,2
"snR56",0,4,0,1,1,5,2,1,1,2,4,0
"snR57",1,9,2,8,4,3,3,5,2,5,5,1
"snR58",0,5,2,1,2,0,1,2,4,2,1,0
"snR59",1,0,0,3,0,0,0,0,0,1,2,0
"snR6",0,0,0,0,0,0,0,0,1,0,0,0
"snR60",0,1,2,0,1,2,0,0,0,1,2,0
"snR61",4,3,6,3,6,2,2,3,3,3,2,4
"snR62",3,9,9,6,4,2,6,3,1,2,6,2
"snR63",11,16,15,10,11,46,16,18,15,19,21,11
"snR64",1,3,3,1,3,2,0,0,5,3,8,3
"snR65",1,4,0,1,6,6,0,1,0,1,3,2
"snR66",0,4,4,3,2,3,4,2,2,7,7,0
"snR67",0,1,2,3,1,1,1,2,2,6,7,0
"snR68",0,4,3,1,1,3,2,3,5,3,12,1
"snR69",3,2,4,1,1,1,2,0,2,0,6,2
"snR7-L",0,0,0,0,0,0,0,0,0,0,0,0
"snR7-S",0,0,0,0,0,0,0,0,0,0,0,0
"snR70",5,20,17,11,13,21,8,7,16,13,15,8
"snR71",1,3,1,3,1,2,1,0,2,4,3,0
"snR72",1,1,0,1,0,0,0,0,1,0,1,1
"snR73",0,0,0,0,1,0,0,0,0,0,1,0
"snR74",0,1,0,0,0,2,0,0,0,0,0,0
"snR75",0,2,3,2,0,0,0,3,1,3,4,2
"snR76",0,6,5,3,3,10,1,7,6,3,11,3
"snR77",0,1,1,2,0,3,2,2,2,0,3,3
"snR78",0,1,0,0,1,1,0,0,1,1,0,0
"snR79",1,2,0,1,1,0,0,2,1,1,1,0
"snR8",2,17,15,16,24,4,19,14,18,16,16,17
"snR80",0,0,0,0,1,0,1,0,1,2,2,2
"snR81",1,4,3,2,6,1,4,5,1,5,8,5
"snR82",6,40,21,18,20,42,17,12,14,9,14,5
"snR83",4,5,5,7,7,59,4,6,11,18,26,0
"snR84",11,28,7,7,18,8,8,17,20,22,35,13
"snR85",1,2,2,0,6,4,2,6,2,3,5,4
"snR86",60,191,144,136,157,236,110,126,126,113,253,103
"snR87",0,2,1,0,1,1,1,1,3,2,3,1
"snR9",6,24,19,14,15,7,18,17,14,12,28,18
"SRG1",12,32,14,19,24,19,10,35,35,51,98,23
"tA(AGC)D",0,0,0,0,0,0,0,0,0,0,0,0
"tA(AGC)F",0,0,0,0,0,0,0,0,0,0,0,0
"tA(AGC)G",0,0,0,0,0,0,0,0,0,0,0,0
"tA(AGC)H",0,1,0,0,0,0,0,0,0,0,0,0
"tA(AGC)J",0,0,0,0,0,0,0,0,0,0,0,0
"tA(AGC)K1",0,0,0,0,0,0,0,0,0,0,0,1
"tA(AGC)K2",0,1,0,0,0,0,1,0,0,0,0,0
"tA(AGC)L",0,0,0,0,0,0,0,0,0,0,0,0
"tA(AGC)M1",0,0,0,0,0,0,0,0,0,0,0,0
"tA(AGC)M2",0,0,0,0,0,0,0,0,0,0,0,0
"tA(AGC)P",0,0,0,0,0,0,0,0,0,0,0,0
"tA(UGC)A",1,0,0,0,0,0,0,0,0,0,0,0
"tA(UGC)E",0,0,0,0,0,0,0,0,0,0,0,0
"tA(UGC)G",0,1,0,0,0,0,0,0,0,0,0,0
"tA(UGC)L",0,1,0,0,0,0,0,0,0,0,0,0
"tA(UGC)O",0,1,0,0,0,3,0,0,0,0,0,0
"tA(UGC)Q",0,0,0,0,0,0,0,0,0,0,0,0
"tC(GCA)B",0,0,0,0,0,0,1,0,0,0,0,0
"tC(GCA)G",0,0,0,0,0,0,0,0,0,0,0,0
"tC(GCA)P1",0,0,0,0,1,0,0,0,0,0,0,0
"tC(GCA)P2",1,0,0,0,0,1,0,0,0,0,0,0
"tC(GCA)Q",0,0,0,0,0,0,0,0,0,0,0,0
"tD(GUC)B",0,0,0,0,0,0,0,0,0,0,0,0
"tD(GUC)D",0,0,0,0,0,0,0,0,0,0,0,0
"tD(GUC)G1",0,0,0,0,0,0,0,0,0,0,0,0
"tD(GUC)G2",0,0,0,0,0,0,0,0,0,0,0,0
"tD(GUC)I1",0,0,0,0,0,0,0,0,0,0,0,0
"tD(GUC)I2",0,0,0,0,0,0,0,0,0,0,0,0
"tD(GUC)J1",0,0,0,0,0,0,0,0,0,0,0,0
"tD(GUC)J2",0,0,0,0,0,0,0,0,0,0,0,0
"tD(GUC)J3",0,0,0,0,0,0,0,0,0,0,0,0
"tD(GUC)J4",0,0,0,0,0,0,0,0,0,0,0,0
"tD(GUC)K",0,0,0,0,0,0,0,0,0,0,0,0
"tD(GUC)L1",0,0,0,0,0,0,0,0,0,0,0,0
"tD(GUC)L2",0,1,1,0,0,0,0,0,0,0,0,0
"tD(GUC)M",0,0,0,0,0,0,0,0,0,1,0,0
"tD(GUC)N",0,0,0,0,0,0,0,1,2,1,2,0
"tD(GUC)O",0,0,1,1,1,0,0,1,0,0,0,1
"tD(GUC)Q",0,0,0,0,0,0,0,0,0,0,0,0
"tE(CUC)D",0,0,0,0,0,0,0,0,0,0,0,0
"tE(CUC)I",0,0,0,0,0,0,0,0,0,0,0,0
"tE(UUC)B",0,0,0,0,0,0,0,0,0,0,0,0
"tE(UUC)C",0,0,0,0,0,0,0,0,0,0,0,0
"tE(UUC)E1",0,0,0,0,0,0,1,0,0,0,0,1
"tE(UUC)E2",0,0,0,0,0,0,0,0,0,0,0,0
"tE(UUC)E3",0,0,0,0,0,0,0,0,0,0,0,0
"tE(UUC)G1",0,0,0,0,1,0,0,0,0,0,0,1
"tE(UUC)G2",0,0,0,0,0,0,0,0,0,0,0,0
"tE(UUC)G3",0,0,0,0,0,0,0,0,0,0,0,0
"tE(UUC)I",0,0,0,0,0,0,0,0,1,0,0,0
"tE(UUC)J",0,0,0,0,1,0,0,0,1,0,0,0
"tE(UUC)K",0,0,0,0,0,0,0,0,1,0,0,0
"tE(UUC)L",0,0,0,0,0,0,0,0,1,0,0,0
"tE(UUC)M",0,0,0,0,0,0,0,0,0,0,0,0
"tE(UUC)P",0,0,0,0,0,0,0,0,0,0,0,0
"tE(UUC)Q",0,0,0,0,0,0,0,0,0,0,0,0
"tF(GAA)B",0,0,0,0,0,0,0,0,0,0,0,0
"tF(GAA)D",0,0,0,0,0,0,0,0,1,0,0,0
"tF(GAA)F",0,1,0,0,0,0,0,0,0,0,0,0
"tF(GAA)G",0,0,0,0,0,0,0,0,0,0,0,0
"tF(GAA)H1",1,3,1,1,0,0,0,0,0,0,0,0
"tF(GAA)H2",0,0,0,0,0,0,0,0,0,0,0,0
"tF(GAA)M",0,0,0,0,1,0,0,0,0,0,2,0
"tF(GAA)N",0,0,1,0,0,0,0,0,0,0,0,0
"tF(GAA)P1",1,0,0,0,0,0,0,0,0,0,0,0
"tF(GAA)P2",0,0,0,0,0,0,0,0,0,0,0,0
"tF(GAA)Q",0,0,0,0,0,0,0,0,0,0,0,0
"tG(CCC)D",0,0,0,0,0,0,0,0,0,0,0,0
"tG(CCC)O",0,0,0,0,0,0,0,0,1,0,0,0
"tG(GCC)B",0,0,0,0,0,0,0,0,0,0,0,0
"tG(GCC)C",0,0,0,0,0,0,0,0,0,0,0,0
"tG(GCC)D1",0,0,0,0,0,0,0,0,0,0,0,0
"tG(GCC)D2",0,1,0,0,0,0,0,1,0,0,0,1
"tG(GCC)E",0,0,0,0,2,0,0,0,0,0,0,0
"tG(GCC)F1",0,0,0,0,0,0,0,0,0,0,0,0
"tG(GCC)F2",0,0,0,0,0,0,0,0,0,0,0,0
"tG(GCC)G1",0,0,0,0,0,0,0,0,0,0,0,0
"tG(GCC)G2",0,0,0,0,0,0,0,0,0,0,0,0
"tG(GCC)J1",0,0,0,0,0,0,0,0,0,0,0,0
"tG(GCC)J2",0,0,0,0,0,0,0,0,0,0,0,0
"tG(GCC)M",0,0,0,0,0,0,0,0,0,0,0,0
"tG(GCC)O1",0,0,0,0,0,0,0,0,0,0,0,0
"tG(GCC)O2",0,0,0,0,0,0,0,0,0,0,0,0
"tG(GCC)P1",0,0,0,0,0,0,0,0,0,0,0,0
"tG(GCC)P2",0,0,0,0,0,1,1,1,0,0,0,0
"tG(UCC)G",0,0,0,0,0,0,0,0,0,0,0,0
"tG(UCC)N",0,0,0,0,0,0,0,0,0,0,0,0
"tG(UCC)O",0,0,0,0,0,0,0,0,0,0,0,0
"tG(UCC)Q",0,0,0,0,0,0,0,0,0,0,0,0
"tH(GUG)E1",0,0,0,0,0,1,0,0,0,0,1,0
"tH(GUG)E2",0,0,0,0,0,0,1,1,0,0,1,0
"tH(GUG)G1",0,0,0,0,0,0,0,0,0,1,1,0
"tH(GUG)G2",0,0,0,0,0,0,0,0,0,0,0,0
"tH(GUG)H",0,0,0,0,0,0,0,0,0,0,0,0
"tH(GUG)K",0,0,0,0,0,0,0,0,0,0,0,0
"tH(GUG)M",0,0,0,1,0,0,0,0,0,1,0,0
"tH(GUG)Q",0,0,0,0,0,0,0,0,0,0,0,0
"tI(AAU)B",0,0,0,0,0,0,0,0,0,0,0,0
"tI(AAU)D",0,0,0,0,0,0,0,0,0,0,0,0
"tI(AAU)E1",0,0,1,0,0,0,0,0,0,0,0,0
"tI(AAU)E2",0,0,0,0,0,0,0,0,1,0,0,0
"tI(AAU)G",0,0,0,0,0,0,1,0,0,0,1,0
"tI(AAU)I1",0,0,0,0,0,0,0,0,0,0,0,0
"tI(AAU)I2",0,0,0,0,0,0,0,0,0,0,0,0
"tI(AAU)L1",0,0,0,0,0,1,0,0,0,0,0,0
"tI(AAU)L2",0,0,0,0,1,0,0,0,0,0,1,0
"tI(AAU)N1",0,0,0,0,1,0,1,0,1,0,0,0
"tI(AAU)N2",0,0,0,0,0,0,0,0,0,0,0,0
"tI(AAU)P1",0,0,0,0,0,0,0,0,0,0,1,0
"tI(AAU)P2",0,0,0,0,0,0,0,0,0,0,0,0
"tI(GAU)Q",0,0,0,0,0,0,0,0,0,0,0,0
"tI(UAU)D",0,0,0,0,0,0,0,0,0,0,0,0
"tI(UAU)L",0,0,0,0,0,0,0,0,0,0,0,0
"tK(CUU)C",0,0,0,0,0,0,0,0,0,0,0,0
"tK(CUU)D1",0,0,0,0,0,0,0,0,0,0,0,0
"tK(CUU)D2",0,0,0,0,0,0,0,0,0,0,0,0
"tK(CUU)E1",0,0,0,0,0,0,0,0,0,0,1,0
"tK(CUU)E2",0,0,0,0,0,0,0,0,0,0,0,0
"tK(CUU)F",0,0,0,0,0,0,0,0,0,0,0,0
"tK(CUU)G1",0,0,0,0,0,0,0,0,0,0,0,0
"tK(CUU)G2",0,0,0,0,0,0,0,0,0,0,0,0
"tK(CUU)G3",0,0,0,0,0,0,0,0,0,0,0,0
"tK(CUU)I",0,0,0,0,0,0,0,0,0,0,0,0
"tK(CUU)J",0,0,0,0,0,0,0,0,0,0,0,0
"tK(CUU)K",0,0,0,0,0,1,0,0,0,0,0,0
"tK(CUU)M",0,0,0,1,0,0,0,0,0,0,0,0
"tK(CUU)P",0,0,0,0,0,0,0,0,0,1,0,0
"tK(UUU)D",0,1,0,1,0,0,0,1,0,0,0,0
"tK(UUU)G1",0,0,0,0,0,0,0,0,0,0,0,0
"tK(UUU)G2",0,0,0,0,0,0,0,0,0,0,0,0
"tK(UUU)K",0,0,0,0,0,0,0,0,0,0,0,0
"tK(UUU)L",0,0,1,0,0,0,0,0,0,0,1,1
"tK(UUU)O",0,2,0,0,2,1,0,1,1,0,1,0
"tK(UUU)P",0,0,0,1,0,1,0,0,0,0,1,1
"tK(UUU)Q",0,0,0,0,0,0,0,0,0,0,0,0
"tL(CAA)A",0,0,0,0,0,0,0,0,0,0,0,0
"tL(CAA)C",0,0,0,0,0,0,0,0,0,0,0,0
"tL(CAA)D",0,0,0,0,0,0,0,0,0,0,0,0
"tL(CAA)G1",0,1,0,1,0,0,0,0,0,0,0,0
"tL(CAA)G2",0,0,0,0,0,0,1,0,0,0,0,0
"tL(CAA)G3",0,0,0,0,1,0,0,0,0,0,0,0
"tL(CAA)K",1,0,0,0,0,0,0,0,0,0,0,0
"tL(CAA)L",2,1,0,0,1,0,0,1,0,2,2,2
"tL(CAA)M",0,0,0,0,0,0,0,0,0,0,0,0
"tL(CAA)N",0,0,0,1,0,0,0,0,0,0,1,0
"tL(GAG)G",0,0,0,0,0,0,1,0,0,1,0,0
"tL(UAA)B1",0,0,0,0,0,0,0,0,0,0,0,0
"tL(UAA)B2",0,0,0,0,0,0,0,0,0,0,0,0
"tL(UAA)D",0,0,0,0,0,0,0,0,0,0,0,0
"tL(UAA)J",0,0,0,0,0,1,0,0,0,0,0,0
"tL(UAA)K",0,0,0,0,0,0,0,0,0,0,0,0
"tL(UAA)L",0,0,0,0,1,0,0,0,0,0,0,0
"tL(UAA)N",0,0,0,0,0,0,0,0,0,0,0,0
"tL(UAA)Q",0,0,0,0,0,0,0,0,0,0,0,0
"tL(UAG)J",0,0,0,0,0,0,0,0,0,0,1,0
"tL(UAG)L1",0,0,0,0,0,0,0,0,2,0,3,1
"tL(UAG)L2",0,0,0,0,0,0,0,0,0,0,0,0
"tM(CAU)C",0,0,0,0,0,0,0,0,0,0,0,0
"tM(CAU)D",0,0,0,0,0,0,0,0,0,0,0,0
"tM(CAU)E",0,0,0,0,0,0,0,1,0,0,0,0
"tM(CAU)J1",0,0,0,0,0,0,0,0,0,0,0,0
"tM(CAU)J2",0,0,0,0,0,0,0,0,0,0,0,0
"tM(CAU)J3",0,0,0,0,1,0,0,0,0,0,0,0
"tM(CAU)M",0,0,1,0,0,0,0,0,0,0,0,0
"tM(CAU)O1",0,0,0,0,0,0,0,0,0,0,0,0
"tM(CAU)O2",0,0,0,0,0,0,0,0,0,0,0,0
"tM(CAU)P",0,0,0,0,1,0,0,0,0,0,0,0
"tM(CAU)Q1",0,0,0,0,0,0,0,0,0,0,0,0
"tM(CAU)Q2",0,0,0,0,0,0,0,0,0,0,0,0
"tN(GUU)C",0,0,0,0,0,0,0,0,0,0,0,0
"tN(GUU)F",0,0,0,0,0,0,0,0,0,1,0,0
"tN(GUU)G",0,1,0,0,0,0,0,0,0,0,0,0
"tN(GUU)K",0,0,0,0,0,0,0,0,0,0,0,0
"tN(GUU)L",0,0,0,0,0,0,0,1,0,0,0,0
"tN(GUU)N1",0,0,0,0,0,0,0,0,0,0,0,0
"tN(GUU)N2",0,0,0,0,0,0,0,0,0,0,0,0
"tN(GUU)O1",0,0,0,0,0,0,0,0,0,0,0,0
"tN(GUU)O2",0,0,0,0,0,0,0,0,0,0,0,0
"tN(GUU)P",0,0,0,0,0,0,0,0,3,0,1,1
"tN(GUU)Q",0,0,0,0,0,0,0,0,0,0,0,0
"tP(AGG)C",0,0,0,0,1,1,0,0,0,0,0,0
"tP(AGG)N",0,0,0,0,0,0,0,0,0,0,0,0
"tP(UGG)A",0,0,0,0,0,0,0,0,0,0,0,0
"tP(UGG)F",0,0,0,0,0,0,0,0,0,0,0,0
"tP(UGG)H",0,0,0,0,0,0,0,0,0,0,0,0
"tP(UGG)L",0,0,0,0,0,0,0,0,0,0,0,0
"tP(UGG)M",0,0,0,1,0,0,0,0,0,0,0,0
"tP(UGG)N1",0,1,0,0,1,0,0,0,0,0,0,1
"tP(UGG)N2",0,0,0,0,0,0,0,0,0,0,0,0
"tP(UGG)O1",0,0,0,0,0,0,0,0,0,0,0,0
"tP(UGG)O2",0,0,0,0,0,0,0,0,0,0,0,0
"tP(UGG)O3",0,0,0,0,0,0,0,0,0,0,1,0
"tP(UGG)Q",0,0,0,0,0,0,0,0,0,0,0,0
"tQ(CUG)M",0,0,0,0,0,0,0,0,0,0,0,0
"tQ(UUG)B",0,0,0,0,0,0,0,0,0,0,0,0
"tQ(UUG)C",0,0,0,0,0,0,0,0,0,0,0,0
"tQ(UUG)D1",0,0,0,0,0,0,0,0,0,0,0,0
"tQ(UUG)D2",0,0,0,0,0,0,0,0,0,0,0,0
"tQ(UUG)D3",0,0,0,0,0,0,0,0,0,0,0,0
"tQ(UUG)E1",0,0,0,0,0,1,1,0,0,0,0,0
"tQ(UUG)E2",0,0,0,0,0,0,0,0,0,0,0,0
"tQ(UUG)H",0,0,0,0,0,0,0,0,0,0,0,0
"tQ(UUG)L",0,0,0,0,0,0,0,0,0,0,0,0
"tQ(UUG)Q",0,0,0,0,0,0,0,0,0,0,0,0
"tR(ACG)D",0,0,0,0,0,0,0,0,0,0,0,0
"tR(ACG)E",0,0,0,0,0,0,0,0,0,0,0,0
"tR(ACG)J",0,0,0,0,0,0,0,0,0,1,1,0
"tR(ACG)K",0,1,0,0,0,0,0,0,0,0,0,0
"tR(ACG)L",0,0,0,0,0,0,0,0,0,0,0,0
"tR(ACG)O",0,0,0,0,0,0,0,0,0,0,0,0
"tR(ACG)Q2",0,0,0,0,0,0,0,0,0,0,0,0
"tR(CCG)L",0,0,0,0,0,0,0,0,0,0,1,0
"tR(CCU)J",0,0,0,0,0,0,1,0,0,0,0,0
"tR(UCU)B",0,0,0,0,0,0,0,0,0,0,0,0
"tR(UCU)D",0,0,0,0,0,0,0,0,0,0,0,0
"tR(UCU)E",0,0,0,0,0,0,0,0,0,0,1,0
"tR(UCU)G1",0,0,0,0,0,2,0,0,0,0,1,0
"tR(UCU)G2",0,0,0,0,0,0,0,0,0,0,0,0
"tR(UCU)G3",0,0,0,0,0,0,0,0,0,0,0,0
"tR(UCU)J1",0,0,0,0,0,0,0,0,0,0,0,0
"tR(UCU)J2",0,0,0,0,0,0,0,0,0,0,0,0
"tR(UCU)K",0,0,0,0,0,0,0,0,0,0,0,0
"tR(UCU)M1",0,0,1,0,0,0,0,0,0,0,0,0
"tR(UCU)M2",0,0,0,0,0,0,0,0,0,0,0,0
"tR(UCU)Q1",0,0,0,0,0,0,0,0,0,0,0,0
"tS(AGA)A",0,0,0,0,0,0,0,0,0,0,0,0
"tS(AGA)B",0,1,0,0,0,0,0,0,0,0,0,0
"tS(AGA)D1",0,0,0,0,0,0,0,0,0,0,0,0
"tS(AGA)D2",0,0,0,0,0,0,0,0,0,0,0,0
"tS(AGA)D3",0,1,0,0,0,0,0,0,0,0,0,0
"tS(AGA)E",0,0,0,0,0,0,0,0,0,0,0,0
"tS(AGA)G",0,0,0,0,0,0,0,0,0,0,0,0
"tS(AGA)H",0,0,0,0,0,0,0,0,0,0,1,0
"tS(AGA)J",0,0,1,0,0,0,0,0,0,0,0,0
"tS(AGA)L",0,0,0,0,0,0,0,0,0,0,0,0
"tS(AGA)M",0,1,0,0,0,0,0,0,0,0,0,0
"tS(CGA)C",0,0,0,0,0,0,0,0,0,0,0,0
"tS(GCU)F",0,0,0,0,0,0,0,0,0,0,0,1
"tS(GCU)O",0,0,0,0,0,0,0,0,0,0,0,0
"tS(GCU)Q1",0,0,0,0,0,0,0,0,0,0,0,0
"tS(UGA)E",0,0,2,1,0,0,0,0,0,1,0,0
"tS(UGA)I",0,1,1,0,1,5,3,0,0,0,0,0
"tS(UGA)P",0,0,0,0,0,0,0,0,0,0,0,0
"tS(UGA)Q2",0,0,0,0,0,0,0,0,0,0,0,0
"tT(AGU)B",0,0,0,0,0,0,0,0,0,0,0,0
"tT(AGU)C",0,0,0,0,0,0,0,0,0,0,0,0
"tT(AGU)D",0,0,0,0,0,0,0,0,0,0,0,0
"tT(AGU)H",0,0,0,0,0,0,0,0,0,0,0,0
"tT(AGU)I1",0,0,0,0,1,1,0,0,0,1,0,1
"tT(AGU)I2",0,0,0,0,0,0,0,0,0,0,0,0
"tT(AGU)J",0,0,0,0,0,0,0,0,0,0,0,0
"tT(AGU)N1",0,0,0,0,0,1,0,1,0,0,0,0
"tT(AGU)N2",0,0,0,0,0,0,0,0,0,0,0,0
"tT(AGU)O1",0,0,0,0,0,0,0,0,0,0,0,0
"tT(AGU)O2",0,0,0,0,0,0,0,0,0,0,0,0
"tT(CGU)K",0,0,0,0,0,0,0,0,0,0,0,0
"tT(UAG)Q2",0,0,0,0,0,0,0,0,0,0,0,0
"tT(UGU)G1",0,0,0,0,0,0,0,0,0,0,0,0
"tT(UGU)G2",0,0,0,0,0,0,0,0,0,0,0,0
"tT(UGU)H",0,0,0,0,0,0,0,0,0,0,0,0
"tT(UGU)P",0,0,0,0,0,0,0,0,0,0,0,0
"tT(UGU)Q1",0,0,0,0,0,0,0,0,0,0,0,0
"tV(AAC)E1",0,0,0,0,0,0,0,0,0,0,0,0
"tV(AAC)E2",0,0,0,0,0,0,0,0,0,0,0,1
"tV(AAC)G1",0,1,0,1,0,0,0,0,0,0,1,0
"tV(AAC)G2",0,1,1,1,0,0,0,0,1,0,0,0
"tV(AAC)G3",0,1,0,0,0,0,0,0,1,0,0,0
"tV(AAC)H",0,0,0,0,0,0,0,0,0,0,0,0
"tV(AAC)J",0,0,0,0,0,0,0,0,0,0,0,0
"tV(AAC)K1",0,0,0,0,0,0,0,0,0,0,0,0
"tV(AAC)K2",0,0,0,0,0,0,0,0,1,0,0,0
"tV(AAC)L",0,0,0,0,0,0,0,0,0,0,0,0
"tV(AAC)M1",0,0,0,0,0,0,0,0,0,0,0,0
"tV(AAC)M2",0,0,0,0,0,0,1,0,1,0,0,0
"tV(AAC)M3",0,0,0,0,0,0,0,0,0,0,0,0
"tV(AAC)O",0,1,0,0,0,1,0,0,0,1,1,0
"tV(CAC)D",0,0,0,0,0,1,0,0,0,0,0,0
"tV(CAC)H",0,0,0,0,0,0,0,0,0,0,0,0
"tV(UAC)B",0,0,0,0,0,0,0,0,0,0,0,0
"tV(UAC)D",0,0,0,0,0,0,0,0,0,0,0,0
"tV(UAC)Q",0,0,0,0,0,0,0,0,0,0,0,0
"tW(CCA)G1",0,0,0,0,0,0,0,0,0,0,1,0
"tW(CCA)G2",0,0,0,0,0,0,0,0,0,0,1,0
"tW(CCA)J",0,0,0,0,0,0,0,0,0,0,0,0
"tW(CCA)K",0,0,0,0,0,1,0,0,0,0,0,0
"tW(CCA)M",0,0,0,0,0,0,0,0,0,0,0,0
"tW(CCA)P",0,0,0,1,0,0,0,0,1,2,1,0
"tW(UCA)Q",0,0,0,0,0,0,0,0,0,0,0,0
"tX(XXX)D",0,0,0,0,0,0,0,0,0,0,0,0
"tX(XXX)L",0,0,0,0,0,0,0,0,0,0,0,0
"tY(GUA)D",0,0,0,0,0,0,0,0,0,0,0,0
"tY(GUA)F1",0,0,0,0,0,0,0,0,0,0,0,0
"tY(GUA)F2",0,0,0,0,0,0,0,0,0,0,0,0
"tY(GUA)J1",0,0,0,0,0,0,0,0,0,0,0,0
"tY(GUA)J2",0,0,0,0,0,0,0,0,0,0,0,0
"tY(GUA)M1",0,0,0,0,1,0,0,0,0,0,0,0
"tY(GUA)M2",0,0,0,0,0,0,0,0,0,0,0,0
"tY(GUA)O",0,0,1,0,0,0,0,0,0,0,0,0
"tY(GUA)Q",0,0,0,0,0,0,0,0,0,0,0,0
"YAL001C",28,124,96,110,76,133,62,57,58,78,152,47
"YAL002W",32,97,92,93,60,86,44,50,69,70,145,67
"YAL003W",960,1065,926,951,894,465,930,1270,1217,1688,2678,1565
"YAL004W",0,0,0,0,0,0,0,0,0,0,0,0
"YAL005C",729,695,676,774,670,214,532,529,851,624,1158,1260
"YAL007C",81,267,209,200,167,90,142,108,110,137,270,114
"YAL008W",48,123,83,78,81,28,56,41,42,41,102,56
"YAL009W",15,69,76,68,55,48,40,34,38,27,83,47
"YAL010C",28,91,56,43,44,116,43,43,42,51,82,36
"YAL011W",25,103,66,93,67,82,56,54,44,58,131,50
"YAL012W",671,1161,1124,1031,956,1056,871,468,448,643,1295,940
"YAL013W",128,284,252,203,193,689,255,124,119,192,312,211
"YAL014C",119,249,224,173,184,357,233,119,127,128,247,202
"YAL015C",41,170,104,105,81,158,86,44,45,53,81,68
"YAL016C-A",1,5,4,5,1,4,8,5,8,1,8,10
"YAL016C-B",2,13,7,15,9,1,7,3,3,4,13,3
"YAL016W",141,390,334,242,232,128,194,175,194,235,445,241
"YAL017W",135,262,216,216,149,208,134,112,147,139,331,184
"YAL018C",0,0,0,0,1,4,0,0,0,1,0,0
"YAL019W",46,98,84,83,70,132,56,91,55,122,284,119
"YAL019W-A",0,0,1,0,0,0,0,0,0,0,0,0
"YAL020C",45,84,94,63,80,23,101,46,45,49,99,90
"YAL021C",127,207,190,150,148,624,170,142,127,165,307,225
"YAL022C",121,221,237,178,145,145,197,109,90,139,244,228
"YAL023C",392,786,682,575,509,590,492,403,352,483,1051,669
"YAL024C",18,59,42,43,39,89,38,29,35,32,78,20
"YAL025C",57,70,42,60,46,245,56,147,85,183,379,161
"YAL026C",65,205,152,126,102,168,117,100,83,135,275,134
"YAL026C-A",2,6,1,3,6,3,2,6,5,3,17,3
"YAL027W",23,48,41,30,26,53,33,29,37,37,73,36
"YAL028W",52,117,96,87,49,151,56,54,45,48,98,95
"YAL029C",107,244,178,175,133,198,160,169,153,209,426,189
"YAL030W",75,165,135,114,135,157,113,52,90,72,124,104
"YAL031C",37,145,113,85,64,210,84,52,57,66,137,67
"YAL031W-A",1,6,1,0,2,0,1,0,4,0,2,0
"YAL032C",73,133,124,111,73,229,124,65,59,83,127,75
"YAL033W",24,57,38,23,29,28,34,31,34,36,61,47
"YAL034C",72,124,101,93,78,411,70,66,74,56,132,98
"YAL034C-B",4,12,4,3,1,2,4,1,9,8,15,2
"YAL034W-A",8,29,27,19,24,96,22,12,17,20,36,18
"YAL035W",411,720,623,620,418,475,531,472,442,783,1557,804
"YAL036C",42,87,69,75,55,67,54,65,54,113,215,130
"YAL037C-A",0,10,0,3,2,0,2,8,8,19,35,2
"YAL037C-B",7,41,13,17,8,0,9,18,25,29,75,20
"YAL037W",1,20,15,12,18,23,8,5,2,13,14,4
"YAL038W",3233,2355,2532,2222,1610,1819,2147,2325,2330,3261,6019,6113
"YAL039C",253,414,386,302,311,322,353,167,222,234,378,351
"YAL040C",56,157,120,123,107,697,93,116,78,159,301,119
"YAL041W",62,164,110,91,94,495,79,63,62,87,200,112
"YAL042C-A",0,0,0,0,0,0,0,0,0,0,0,0
"YAL042W",414,778,699,630,550,357,611,341,347,436,855,625
"YAL043C",82,195,157,145,136,307,144,92,78,140,211,136
"YAL044C",231,155,143,131,118,58,122,107,144,150,303,261
"YAL044W-A",4,17,13,11,9,1,8,4,3,8,5,6
"YAL045C",0,0,0,0,0,0,1,0,1,1,1,0
"YAL046C",24,51,55,41,52,17,66,35,34,50,57,51
"YAL047C",19,48,24,28,24,56,31,24,20,42,52,16
"YAL047W-A",0,0,0,0,0,0,0,0,0,0,0,0
"YAL048C",16,22,31,26,11,35,21,20,7,19,39,27
"YAL049C",63,170,155,138,129,110,137,65,71,94,160,98
"YAL051W",37,139,92,61,75,162,71,46,51,60,145,66
"YAL053W",390,1037,771,703,584,1372,761,298,392,390,757,546
"YAL054C",27,151,60,55,61,80,78,38,49,41,64,55
"YAL055W",55,116,76,58,62,129,73,41,33,41,73,82
"YAL056C-A",0,2,0,0,0,0,0,0,0,1,1,0
"YAL056W",93,307,248,200,214,277,202,142,130,169,293,181
"YAL058W",35,40,48,37,36,60,36,21,17,40,64,38
"YAL059C-A",0,0,0,0,0,0,0,0,0,0,0,0
"YAL059W",2,11,20,9,8,5,8,17,12,19,53,14
"YAL060W",215,323,255,242,212,105,238,135,217,165,298,323
"YAL061W",318,126,124,84,93,161,88,215,226,240,445,455
"YAL062W",63,113,111,89,87,147,86,44,52,57,122,94
"YAL063C",17,46,34,32,26,25,29,15,11,22,40,34
"YAL063C-A",0,3,0,2,2,3,1,1,1,1,3,0
"YAL064C-A",4,8,9,7,7,8,11,4,7,3,7,6
"YAL064W",0,2,3,2,1,1,2,0,0,1,2,0
"YAL064W-B",0,1,0,1,0,1,0,4,0,2,2,2
"YAL065C",0,0,2,2,0,2,1,0,1,1,3,0
"YAL066W",0,0,0,0,0,0,0,0,0,0,0,0
"YAL067C",1,10,6,7,8,9,13,0,4,7,4,3
"YAL067W-A",0,0,0,0,0,0,0,0,0,0,0,0
"YAL068C",0,0,1,0,0,0,1,0,0,1,0,1
"YAL068W-A",0,0,0,0,0,0,0,0,0,0,0,0
"YAL069W",0,0,0,0,0,0,0,0,0,0,0,0
"YAR002C-A",108,381,260,270,220,432,215,141,211,211,382,216
"YAR002W",76,125,104,102,81,280,109,106,82,119,282,106
"YAR003W",49,111,99,87,66,49,92,51,39,72,120,62
"YAR007C",62,223,141,132,145,119,121,68,82,76,128,101
"YAR008W",11,59,57,52,42,180,35,27,32,19,78,26
"YAR009C",2,1,2,2,1,0,1,4,4,10,20,4
"YAR010C",0,0,0,0,0,0,0,0,0,0,0,0
"YAR014C",100,185,154,135,115,285,131,107,95,151,283,155
"YAR015W",397,220,208,198,199,122,170,195,265,328,506,302
"YAR018C",34,87,68,46,51,96,61,30,39,58,79,45
"YAR019C",27,80,66,52,47,138,65,40,43,39,83,53
"YAR019W-A",0,2,1,0,2,2,0,3,0,1,1,0
"YAR020C",3,10,5,6,8,34,6,5,7,0,7,0
"YAR023C",13,27,18,20,12,6,11,8,20,10,23,12
"YAR027W",66,180,152,143,146,171,105,72,98,97,182,99
"YAR028W",43,77,61,56,53,47,69,30,44,52,104,52
"YAR029W",1,4,2,2,2,13,3,2,1,5,9,3
"YAR030C",2,3,3,1,5,4,5,0,1,5,9,6
"YAR031W",1,14,7,7,10,19,9,10,13,17,30,10
"YAR033W",15,20,19,10,13,20,11,9,9,10,17,14
"YAR035C-A",0,0,3,0,2,0,1,0,0,1,1,0
"YAR035W",35,89,85,69,60,18,82,16,27,32,38,66
"YAR042W",167,270,299,253,191,602,160,145,120,138,340,260
"YAR047C",2,0,0,0,2,0,0,0,1,2,3,2
"YAR050W",14,26,32,24,20,39,17,17,10,35,38,30
"YAR053W",0,4,2,3,4,2,5,0,0,3,1,2
"YAR060C",0,0,0,0,0,0,0,0,0,0,0,0
"YAR061W",0,0,0,0,0,0,0,0,0,0,0,0
"YAR064W",3,3,0,1,2,0,2,2,1,0,5,3
"YAR066W",1,1,0,1,1,0,0,1,1,0,2,0
"YAR068W",1,0,1,0,1,0,1,1,0,1,0,1
"YAR069C",0,0,0,0,0,0,0,0,0,0,0,0
"YAR070C",0,0,0,0,0,1,0,0,0,0,0,0
"YAR071W",22,4,5,1,4,7,4,22,16,24,47,25
"YAR073W",0,0,2,0,1,2,0,1,0,2,6,0
"YAR075W",1,1,2,0,0,1,0,0,1,1,1,3
"YBL001C",89,254,211,185,198,38,181,72,125,93,202,139
"YBL002W",179,712,465,393,414,616,321,303,349,373,749,318
"YBL003C",313,1201,1004,925,838,99,690,480,524,647,1092,533
"YBL004W",74,176,158,154,113,173,132,182,143,252,516,191
"YBL005W",64,62,43,56,38,71,38,91,85,115,239,103
"YBL005W-A",0,0,0,0,0,0,0,0,0,0,0,0
"YBL005W-B",22,9,1,5,5,3,6,22,16,26,63,30
"YBL006C",96,129,123,90,121,144,135,80,82,114,164,169
"YBL006W-A",0,0,0,0,0,0,0,0,0,0,0,0
"YBL007C",339,652,537,455,445,620,453,284,279,340,699,550
"YBL008W",15,70,51,57,56,114,47,30,37,63,82,52
"YBL008W-A",1,0,0,0,0,0,0,0,0,0,0,0
"YBL009W",20,59,48,46,29,55,37,40,32,40,111,40
"YBL010C",14,44,44,41,34,134,36,16,19,32,52,21
"YBL011W",150,348,270,228,182,494,227,150,167,191,392,248
"YBL012C",1,3,3,2,1,9,1,3,1,0,7,2
"YBL013W",5,9,7,9,5,9,6,4,5,6,15,8
"YBL014C",26,48,53,39,31,69,31,27,27,46,95,34
"YBL015W",115,328,219,201,167,196,235,68,104,74,187,195
"YBL016W",48,108,71,59,63,207,61,52,56,90,149,90
"YBL017C",245,515,478,469,320,349,324,217,252,250,638,351
"YBL018C",25,60,40,24,34,6,29,43,24,49,61,54
"YBL019W",21,49,26,49,33,55,32,23,29,26,59,17
"YBL020W",41,127,56,75,50,66,72,67,47,60,122,60
"YBL021C",36,58,59,52,65,147,67,28,39,37,80,70
"YBL022C",186,287,278,221,188,384,207,197,203,229,486,289
"YBL023C",40,142,106,95,66,264,107,55,59,76,160,94
"YBL024W",72,159,96,106,89,190,84,130,124,177,311,117
"YBL025W",8,39,26,26,25,28,18,18,24,27,39,17
"YBL026W",46,93,77,64,62,30,62,64,63,77,127,49
"YBL027W",1411,2394,2001,1997,1580,809,1674,1697,1641,2423,3982,2469
"YBL028C",12,33,11,19,16,12,12,39,25,62,120,34
"YBL029C-A",26,56,38,32,53,78,33,37,47,27,48,28
"YBL029W",25,65,61,67,46,87,50,38,42,56,66,31
"YBL030C",366,880,707,822,627,285,652,323,459,430,803,597
"YBL031W",14,58,30,35,28,108,31,27,22,41,66,28
"YBL032W",144,301,206,190,156,136,184,159,189,185,344,214
"YBL033C",168,268,208,189,202,385,234,86,109,139,177,249
"YBL034C",20,63,39,42,29,90,35,33,21,27,76,25
"YBL035C",19,37,38,30,39,47,24,19,25,22,51,31
"YBL036C",39,107,86,92,90,115,58,66,68,83,189,78
"YBL037W",57,85,96,60,54,157,66,59,75,78,154,73
"YBL038W",36,142,73,70,46,128,60,49,60,66,132,68
"YBL039C",55,90,67,56,46,52,63,138,78,201,365,160
"YBL039C-A",0,0,0,0,0,0,0,0,0,0,0,0
"YBL039W-B",4,34,32,24,26,7,28,9,17,14,28,7
"YBL040C",63,240,199,151,155,249,155,91,99,108,182,118
"YBL041W",306,732,616,495,531,420,530,298,320,365,664,462
"YBL042C",55,121,139,99,86,105,62,52,42,73,123,80
"YBL043W",9,40,28,15,21,46,35,12,10,7,28,12
"YBL044W",1,34,25,24,22,11,26,4,1,1,2,0
"YBL045C",226,403,361,323,261,614,268,162,234,168,427,305
"YBL046W",82,182,169,155,136,615,178,73,77,81,163,153
"YBL047C",433,805,716,618,489,1321,507,349,410,452,965,649
"YBL048W",1,6,5,4,7,3,3,1,2,0,8,1
"YBL049W",7,28,23,26,21,15,31,14,11,12,15,9
"YBL050W",111,341,216,219,197,513,199,133,161,151,281,149
"YBL051C",131,244,177,149,149,1031,133,174,126,185,406,213
"YBL052C",17,90,56,54,40,62,43,55,50,52,108,48
"YBL053W",1,1,1,1,0,1,1,0,0,1,3,0
"YBL054W",19,25,8,11,18,70,23,39,24,66,133,37
"YBL055C",75,121,107,100,105,56,79,81,87,100,220,136
"YBL056W",298,546,431,407,282,333,332,258,341,404,717,504
"YBL057C",75,173,127,128,140,125,172,100,97,147,172,157
"YBL058W",253,473,404,361,309,446,299,268,292,312,613,436
"YBL059C-A",15,46,32,35,42,43,30,23,27,36,43,31
"YBL059W",18,30,22,18,26,110,26,14,32,28,32,32
"YBL060W",19,78,57,50,49,162,50,47,36,33,90,50
"YBL061C",73,137,115,91,65,286,107,80,89,116,211,138
"YBL062W",0,0,2,0,0,0,1,0,1,0,1,0
"YBL063W",26,62,51,52,38,64,23,41,37,40,87,42
"YBL064C",107,266,201,144,137,73,156,119,180,104,205,180
"YBL065W",0,0,1,0,0,2,0,0,0,0,0,0
"YBL066C",28,90,104,70,45,193,52,44,26,44,76,42
"YBL067C",68,191,133,134,92,153,111,99,88,126,228,104
"YBL068W",47,70,57,53,53,74,61,69,53,103,198,93
"YBL068W-A",0,0,0,0,0,0,0,0,0,0,0,0
"YBL069W",36,51,43,29,35,26,23,45,17,50,83,42
"YBL070C",0,2,0,0,2,0,0,0,1,1,1,0
"YBL071C",3,9,14,9,10,9,8,9,2,12,25,6
"YBL071C-B",0,0,1,1,0,3,1,0,1,4,1,0
"YBL071W-A",10,18,13,14,23,89,17,14,7,30,19,12
"YBL072C",437,793,631,659,542,208,498,638,594,840,1297,772
"YBL073W",0,0,0,0,0,1,0,0,0,0,1,0
"YBL074C",4,13,5,14,3,4,5,6,9,7,11,14
"YBL075C",38,94,71,63,59,89,64,49,43,71,94,57
"YBL076C",474,692,606,632,425,240,435,517,450,660,1381,775
"YBL077W",4,15,5,6,7,10,9,5,11,11,18,7
"YBL078C",34,112,95,70,75,238,79,43,59,51,56,61
"YBL079W",65,140,100,106,80,296,96,70,82,108,296,101
"YBL080C",31,80,41,57,44,85,49,39,38,50,53,45
"YBL081W",48,82,85,47,77,526,92,98,79,151,289,97
"YBL082C",69,134,103,95,73,83,119,55,53,83,143,131
"YBL083C",0,0,0,1,0,1,0,0,0,0,0,1
"YBL084C",25,152,105,80,73,139,85,36,51,50,96,50
"YBL085W",120,464,374,357,268,904,254,164,160,199,458,219
"YBL086C",86,227,206,188,143,549,157,109,99,142,246,125
"YBL087C",732,980,829,689,700,346,769,752,726,1139,1628,1175
"YBL088C",42,126,100,95,90,87,95,64,88,81,148,70
"YBL089W",40,90,58,40,55,52,57,38,43,49,90,62
"YBL090W",20,68,47,39,26,41,37,39,43,45,91,38
"YBL091C",361,695,547,477,553,985,515,289,327,409,684,562
"YBL091C-A",62,137,87,93,80,76,87,42,45,49,80,77
"YBL092W",1799,3013,2645,2217,2207,697,2538,2078,2030,3058,4430,3276
"YBL093C",78,163,143,110,157,222,128,117,98,170,271,174
"YBL094C",0,0,0,0,0,1,0,0,0,0,0,0
"YBL095W",19,45,38,25,33,17,31,14,13,25,30,19
"YBL096C",0,1,3,2,0,0,0,1,2,4,4,1
"YBL097W",9,25,34,12,10,37,15,13,12,29,63,26
"YBL098W",10,51,44,42,30,22,27,23,29,29,52,29
"YBL099W",382,923,716,634,575,303,643,371,465,432,843,593
"YBL100C",1,10,8,3,5,6,7,4,8,5,13,2
"YBL100W-A",0,0,0,0,0,0,0,0,0,0,0,0
"YBL100W-B",2,4,3,1,2,13,4,2,2,4,9,5
"YBL100W-C",0,1,1,1,1,1,0,1,0,0,0,0
"YBL101C",178,213,156,147,140,169,135,84,91,100,216,187
"YBL102W",76,187,173,107,103,133,130,76,78,95,163,126
"YBL103C",58,104,100,86,68,312,79,62,69,75,143,92
"YBL104C",46,88,61,78,61,104,76,42,41,55,133,68
"YBL105C",147,302,271,278,199,548,183,156,180,214,463,215
"YBL106C",35,64,56,41,40,129,44,29,29,34,84,34
"YBL107C",33,94,70,55,54,131,42,35,50,56,125,56
"YBL107W-A",0,0,0,0,0,1,0,0,0,0,0,0
"YBL108C-A",0,0,0,0,0,0,0,0,0,0,0,0
"YBL108W",0,1,2,1,0,1,1,0,0,0,0,0
"YBL109W",0,3,0,3,0,10,0,0,1,0,1,0
"YBL111C",0,0,0,0,0,0,0,0,0,0,0,0
"YBL112C",0,0,0,0,0,0,0,0,0,0,0,0
"YBL113C",13,34,30,39,39,67,47,13,19,11,25,31
"YBL113W-A",0,0,0,0,0,0,0,0,0,0,0,0
"YBR001C",92,204,158,152,102,187,117,80,88,93,196,113
"YBR002C",48,74,66,49,47,190,63,65,53,89,154,53
"YBR003W",77,194,143,112,108,187,118,89,95,100,178,150
"YBR004C",30,104,78,76,78,82,57,85,65,82,160,53
"YBR005W",122,192,183,168,161,83,142,94,75,101,194,153
"YBR006W",59,144,104,111,94,71,90,31,78,42,107,54
"YBR007C",31,131,98,91,91,249,85,60,44,66,135,57
"YBR008C",29,105,64,77,63,61,68,38,47,68,118,41
"YBR009C",338,1004,861,723,653,700,722,501,552,686,1094,718
"YBR010W",252,1184,772,679,664,112,657,574,600,640,1180,560
"YBR011C",927,2453,2074,1819,1814,6494,2144,1033,1004,1390,1970,1493
"YBR012C",5,8,6,1,6,5,4,3,7,11,15,8
"YBR012W-A",0,0,0,0,0,0,0,0,0,0,0,0
"YBR012W-B",2,2,2,0,0,7,1,0,4,5,4,5
"YBR013C",5,25,13,10,10,20,12,12,10,16,26,11
"YBR014C",33,136,103,95,80,93,76,40,54,66,113,62
"YBR015C",176,420,281,284,247,234,292,193,199,280,475,287
"YBR016W",179,360,337,228,321,1744,282,143,180,175,346,284
"YBR017C",103,183,158,147,97,228,144,136,125,205,401,194
"YBR018C",5,31,16,14,15,6,19,8,4,4,12,8
"YBR019C",13,33,18,22,19,52,24,16,12,11,31,24
"YBR020W",16,29,44,27,25,39,26,19,15,11,33,22
"YBR021W",20,42,27,29,24,22,27,38,32,32,62,25
"YBR022W",24,40,32,27,23,71,32,18,33,34,48,48
"YBR023C",122,425,276,274,189,457,245,165,163,190,389,232
"YBR024W",25,61,43,40,32,64,33,17,31,40,77,38
"YBR025C",567,866,717,698,578,208,568,799,662,1011,1781,948
"YBR026C",80,190,130,141,111,81,104,69,105,84,167,118
"YBR027C",0,3,0,2,1,1,2,5,3,4,7,0
"YBR028C",35,81,55,48,38,192,53,63,62,86,140,69
"YBR029C",75,156,90,93,99,181,109,117,94,133,269,108
"YBR030W",32,36,49,46,45,55,40,39,32,76,130,55
"YBR031W",911,1233,1204,1068,952,548,969,852,853,1154,2159,1513
"YBR032W",1,29,18,15,18,17,16,16,23,24,42,18
"YBR033W",21,59,54,31,37,44,37,36,32,35,55,34
"YBR034C",112,163,88,90,92,64,115,224,154,307,523,228
"YBR035C",112,281,216,256,197,125,160,109,126,111,257,152
"YBR036C",343,643,556,509,426,591,463,269,326,282,627,511
"YBR037C",54,122,89,72,65,77,78,47,53,53,103,88
"YBR038W",56,112,72,56,52,183,58,58,72,85,158,94
"YBR039W",162,370,311,272,249,279,238,161,190,171,393,222
"YBR040W",0,0,0,0,0,0,0,0,0,0,2,0
"YBR041W",92,193,178,149,125,167,114,109,138,118,264,166
"YBR042C",40,92,67,61,66,52,70,65,59,78,139,82
"YBR043C",65,210,121,124,100,158,125,73,69,75,165,71
"YBR044C",43,116,74,62,62,136,76,54,60,83,144,67
"YBR045C",15,15,9,12,12,38,12,9,10,13,21,4
"YBR046C",63,191,141,115,101,267,100,52,96,46,96,86
"YBR047W",5,9,11,11,16,5,7,6,10,8,21,13
"YBR048W",922,1129,1087,957,866,305,932,874,783,1301,2085,1517
"YBR049C",58,138,111,86,101,184,99,79,71,114,188,107
"YBR050C",48,62,34,20,21,73,37,27,39,23,55,37
"YBR051W",0,3,2,0,2,7,4,1,4,0,6,0
"YBR052C",234,549,427,400,391,141,339,181,266,234,458,298
"YBR053C",87,187,153,132,145,94,96,67,90,67,140,118
"YBR054W",68,32,36,28,27,23,16,35,30,49,97,58
"YBR055C",28,113,81,89,72,99,50,59,55,55,141,39
"YBR056C-B",0,0,0,0,0,0,0,0,0,0,0,0
"YBR056W",150,249,205,202,212,131,142,132,153,97,249,184
"YBR056W-A",1,3,2,1,0,2,0,2,3,2,1,0
"YBR057C",53,183,136,122,123,280,124,91,112,107,181,87
"YBR058C",59,154,113,116,110,243,109,82,83,122,208,108
"YBR058C-A",40,131,83,110,93,38,88,77,77,94,156,65
"YBR059C",227,487,446,393,352,1039,309,152,185,218,469,288
"YBR060C",36,77,45,37,50,84,56,70,41,76,140,58
"YBR061C",20,39,26,20,17,25,24,26,33,55,85,46
"YBR062C",44,94,83,69,61,79,73,50,48,49,104,54
"YBR063C",5,18,23,20,22,18,13,22,17,24,54,18
"YBR064W",0,0,1,0,0,0,0,0,0,0,0,0
"YBR065C",8,17,18,14,9,12,7,9,11,23,33,14
"YBR066C",15,52,54,53,46,65,36,52,42,62,110,23
"YBR067C",560,206,162,157,163,662,151,873,797,1244,2324,1238
"YBR068C",510,674,510,464,364,685,413,516,613,612,1247,902
"YBR069C",193,197,176,142,106,113,130,277,181,335,687,384
"YBR070C",17,129,100,98,107,49,81,27,30,32,46,29
"YBR071W",58,149,114,84,96,143,113,38,62,51,119,85
"YBR072C-A",0,0,3,1,1,0,1,0,0,0,0,0
"YBR072W",19,41,34,31,36,16,28,6,14,8,23,26
"YBR073W",78,228,173,165,166,464,160,108,100,129,243,132
"YBR074W",51,134,117,112,98,102,99,60,84,129,200,118
"YBR076C-A",12,44,37,26,46,45,23,18,19,20,38,26
"YBR076W",8,17,9,11,11,7,7,10,11,12,25,10
"YBR077C",48,139,130,101,99,220,109,49,50,50,93,33
"YBR078W",1102,1891,1746,1494,1391,967,1417,1173,1145,1425,2713,1653
"YBR079C",347,590,438,444,348,513,404,555,423,802,1446,513
"YBR080C",132,242,197,198,156,441,138,139,144,170,361,183
"YBR081C",50,176,116,129,93,205,93,78,67,105,224,94
"YBR082C",362,954,785,656,718,1902,582,420,455,529,1044,642
"YBR083W",48,127,93,73,84,349,84,66,66,97,170,90
"YBR084C-A",761,1418,1218,1179,991,752,945,934,903,1339,2302,1253
"YBR084W",173,324,310,274,201,233,262,246,223,357,774,357
"YBR085C-A",106,289,231,190,221,328,183,126,164,128,228,147
"YBR085W",19,27,23,18,19,20,11,40,39,43,76,29
"YBR086C",313,637,520,394,365,808,355,321,330,377,846,442
"YBR087W",32,89,75,45,65,58,66,52,46,79,129,59
"YBR088C",7,24,15,20,13,1,20,15,14,10,29,8
"YBR089C-A",81,214,170,150,165,37,136,91,96,108,140,139
"YBR089W",0,0,0,0,0,0,0,0,1,0,2,0
"YBR090C",2,9,4,3,6,18,4,4,3,3,8,0
"YBR091C",20,39,35,17,28,28,35,19,18,31,37,30
"YBR092C",159,64,58,41,24,75,52,225,171,325,468,312
"YBR093C",158,88,67,58,46,34,69,158,180,273,463,261
"YBR094W",47,72,77,69,41,99,40,63,51,75,147,64
"YBR095C",40,83,57,57,52,141,57,45,55,57,113,53
"YBR096W",64,144,117,109,95,112,74,66,92,76,138,77
"YBR097W",29,49,51,46,42,66,31,42,30,57,83,42
"YBR098W",13,41,31,35,19,28,27,25,16,27,54,24
"YBR099C",0,0,0,0,0,0,0,0,0,0,0,0
"YBR101C",60,156,123,109,104,222,111,101,78,171,252,93
"YBR102C",42,88,71,64,52,86,48,33,45,41,110,47
"YBR103C-A",0,0,0,0,0,2,1,0,0,1,0,0
"YBR103W",63,129,115,101,88,233,87,45,57,86,124,96
"YBR104W",38,53,34,40,43,65,48,63,36,72,113,70
"YBR105C",64,232,144,139,107,401,117,97,96,95,174,136
"YBR106W",712,1299,1025,885,906,207,1071,659,656,893,1519,1131
"YBR107C",30,61,60,43,42,71,42,38,33,33,48,59
"YBR108W",132,191,141,138,114,349,120,72,87,75,210,166
"YBR109C",222,554,417,409,419,705,372,243,278,288,510,336
"YBR109W-A",0,2,0,1,1,4,4,2,1,2,3,5
"YBR110W",61,179,112,114,84,215,89,81,95,97,191,97
"YBR111C",149,415,317,304,267,150,261,169,198,204,361,216
"YBR111W-A",14,77,38,52,45,17,34,29,37,27,53,36
"YBR112C",286,431,341,357,241,1352,310,248,251,349,713,510
"YBR113W",1,2,3,3,0,5,1,4,2,5,7,5
"YBR114W",61,129,124,118,87,95,100,72,54,96,166,75
"YBR115C",188,188,187,177,148,147,150,139,127,173,359,200
"YBR116C",0,0,0,3,0,1,1,1,1,0,3,0
"YBR117C",11,29,27,20,19,14,15,18,12,23,28,17
"YBR118W",1758,2411,2097,2116,1671,853,2152,1534,1577,2248,3716,3002
"YBR119W",17,56,41,50,43,98,33,33,42,44,87,44
"YBR120C",13,35,29,21,26,27,14,25,31,20,48,11
"YBR121C",444,805,653,631,480,536,506,549,544,776,1498,829
"YBR121C-A",0,0,0,0,0,0,0,0,0,0,0,0
"YBR122C",46,106,81,69,83,93,57,69,65,79,120,58
"YBR123C",46,127,68,76,77,124,60,67,51,62,166,67
"YBR124W",0,1,0,0,0,4,0,0,0,0,0,0
"YBR125C",63,139,85,64,71,161,85,73,68,87,161,101
"YBR126C",1127,1466,1480,1394,1136,960,1164,842,1040,1040,1955,1887
"YBR126W-A",67,110,101,76,105,10,159,64,71,77,123,151
"YBR126W-B",10,16,11,14,9,1,7,7,9,10,15,6
"YBR127C",548,926,915,856,740,795,775,640,666,776,1470,985
"YBR128C",7,27,28,25,25,30,22,17,23,23,32,23
"YBR129C",37,118,65,68,44,82,59,53,49,48,105,59
"YBR130C",32,127,97,92,96,442,83,90,105,103,232,86
"YBR131C-A",0,0,0,0,0,0,0,0,0,0,0,0
"YBR131W",16,26,21,17,13,31,21,22,18,25,36,18
"YBR132C",46,145,116,98,62,108,92,59,85,46,121,92
"YBR133C",62,134,103,89,73,182,73,74,57,104,181,88
"YBR134W",0,1,2,1,0,0,0,2,3,0,1,0
"YBR135W",49,106,85,63,77,186,81,55,54,81,130,93
"YBR136W",23,71,63,76,47,58,37,34,38,60,88,46
"YBR137W",21,58,47,44,41,14,39,20,43,34,57,34
"YBR138C",27,66,44,45,35,67,27,19,31,29,58,24
"YBR139W",171,379,322,236,231,359,217,123,207,169,276,260
"YBR140C",119,227,170,172,144,130,122,124,148,149,382,171
"YBR141C",7,22,18,16,16,43,20,9,14,18,38,11
"YBR141W-A",0,0,0,0,0,0,0,0,0,0,0,0
"YBR142W",38,46,31,32,29,60,22,67,52,98,205,66
"YBR143C",265,506,342,348,274,609,292,433,415,578,1053,462
"YBR144C",0,1,3,1,1,3,1,0,0,0,1,0
"YBR145W",305,305,279,261,226,103,256,142,205,146,307,276
"YBR146W",74,147,87,99,84,205,72,111,112,136,252,113
"YBR147W",29,63,32,44,31,37,27,10,15,7,25,23
"YBR148W",5,22,13,11,7,25,13,4,11,5,19,4
"YBR149W",373,591,531,443,445,325,392,283,360,317,609,505
"YBR150C",45,155,109,94,61,136,78,85,73,77,180,65
"YBR151W",161,256,207,214,171,866,186,167,181,210,335,250
"YBR152W",11,33,21,22,17,54,18,16,12,30,63,11
"YBR153W",32,74,51,57,41,57,49,36,46,52,110,48
"YBR154C",56,91,87,85,68,107,57,129,105,162,334,91
"YBR155W",31,77,63,59,53,78,53,68,58,109,203,70
"YBR156C",17,66,40,37,32,100,36,17,28,29,49,19
"YBR157C",27,49,38,36,31,60,37,33,46,52,94,52
"YBR158W",129,265,179,173,138,304,123,225,242,250,583,249
"YBR159W",143,399,308,335,259,154,259,159,226,226,447,247
"YBR160W",68,176,143,93,114,195,122,77,62,118,166,117
"YBR161W",35,64,47,48,29,108,48,45,35,50,87,48
"YBR162C",804,1983,1676,1656,1303,1339,1303,850,827,1105,2135,1199
"YBR162W-A",64,197,170,183,184,348,156,76,87,99,192,92
"YBR163W",34,88,77,66,76,60,60,69,56,62,150,59
"YBR164C",71,165,155,122,110,153,111,96,94,114,227,113
"YBR165W",22,71,45,50,41,69,66,26,38,46,66,31
"YBR166C",36,97,93,85,72,70,74,71,54,81,121,75
"YBR167C",19,59,56,50,47,14,58,27,37,39,49,38
"YBR168W",16,68,29,44,30,39,33,24,35,34,73,29
"YBR169C",90,160,152,148,97,105,101,67,73,75,174,106
"YBR170C",84,147,154,107,100,195,104,76,125,108,206,164
"YBR171W",31,169,103,122,93,266,101,101,98,106,198,65
"YBR172C",49,128,94,99,87,237,95,139,106,153,322,117
"YBR173C",143,301,255,201,240,1263,262,138,163,187,272,238
"YBR174C",0,0,0,0,0,0,0,1,0,0,1,0
"YBR175W",33,65,55,49,58,28,42,51,36,39,84,50
"YBR176W",30,42,42,32,27,24,38,31,26,36,76,31
"YBR177C",121,323,230,213,211,193,199,116,121,160,300,125
"YBR178W",0,1,1,1,1,1,0,0,0,0,0,0
"YBR179C",43,92,80,69,57,104,47,53,52,67,141,70
"YBR180W",4,2,2,2,3,6,2,8,3,7,10,6
"YBR181C",334,578,557,521,402,198,432,430,384,600,998,621
"YBR182C",9,16,14,17,5,23,10,17,12,10,25,20
"YBR182C-A",1,3,2,2,2,1,0,2,0,0,1,0
"YBR183W",58,183,115,82,106,61,113,44,55,53,98,81
"YBR184W",1,17,4,7,7,20,6,3,3,1,4,2
"YBR185C",30,75,52,44,45,16,48,30,47,54,60,51
"YBR186W",5,19,11,11,6,16,7,17,8,10,27,11
"YBR187W",166,279,221,230,195,110,181,242,222,286,558,260
"YBR188C",17,50,45,44,28,56,33,21,28,29,60,30
"YBR189W",1327,2045,1777,1731,1491,703,1405,1753,1642,2220,4113,2226
"YBR190W",0,2,0,1,1,2,4,0,0,1,3,1
"YBR191W",1083,1799,1598,1434,1314,799,1508,1311,1163,1786,2844,2151
"YBR191W-A",0,17,1,3,0,0,1,7,12,5,24,1
"YBR192W",32,73,37,52,51,54,36,59,39,80,164,46
"YBR193C",23,80,68,53,49,111,52,48,30,36,69,51
"YBR194W",10,23,16,19,16,46,25,8,13,18,27,24
"YBR195C",26,52,34,35,28,15,27,44,31,34,57,30
"YBR196C",2383,2763,2959,2427,1962,916,2441,1967,2023,2573,5036,4382
"YBR196C-A",1,2,0,0,1,1,2,1,2,0,6,0
"YBR196C-B",1,3,3,2,4,3,4,3,4,3,5,2
"YBR197C",25,56,50,41,36,50,50,41,29,41,75,39
"YBR198C",163,287,248,230,191,518,204,167,153,198,427,207
"YBR199W",221,599,432,407,404,588,370,218,279,282,526,343
"YBR200W",54,128,86,83,73,196,74,69,69,55,155,67
"YBR200W-A",0,0,1,1,1,6,0,0,0,0,0,0
"YBR201C-A",12,57,24,27,29,94,31,13,20,16,45,21
"YBR201W",32,100,84,45,56,47,60,36,27,44,71,50
"YBR202W",77,231,183,135,146,300,166,92,69,126,200,99
"YBR203W",64,238,178,143,103,318,117,79,99,85,190,127
"YBR204C",50,119,104,78,70,78,61,50,71,56,115,57
"YBR205W",97,165,131,120,99,103,125,86,82,133,212,122
"YBR206W",5,14,11,7,6,29,6,7,11,4,17,10
"YBR207W",88,325,248,235,227,358,215,162,132,167,309,183
"YBR208C",101,176,154,128,101,149,132,102,87,138,271,159
"YBR209W",2,15,8,4,9,2,14,1,7,6,7,6
"YBR210W",15,68,36,42,31,159,44,29,38,35,61,32
"YBR211C",39,106,86,58,44,95,58,54,54,51,102,61
"YBR212W",216,695,520,334,432,1130,459,272,254,274,484,323
"YBR213W",11,31,34,32,25,48,28,19,18,28,41,32
"YBR214W",301,558,482,395,407,1166,431,257,328,278,568,497
"YBR215W",33,96,81,93,67,183,41,44,55,55,149,45
"YBR216C",41,86,56,64,46,51,42,53,50,48,125,63
"YBR217W",12,32,18,19,17,18,13,16,20,20,47,16
"YBR218C",495,535,490,482,355,302,406,293,341,309,744,548
"YBR219C",0,1,0,1,0,0,1,0,0,1,0,0
"YBR220C",48,88,79,64,59,57,63,57,59,69,121,74
"YBR221C",392,819,722,612,499,268,559,378,415,447,856,605
"YBR221W-A",1,6,4,3,3,15,0,1,0,3,3,0
"YBR222C",209,282,289,263,210,341,230,131,186,199,392,277
"YBR223C",29,53,56,46,34,71,32,27,27,34,63,41
"YBR223W-A",0,0,0,0,0,0,0,0,0,0,0,0
"YBR224W",0,0,0,0,0,0,1,4,0,3,2,0
"YBR225W",29,129,80,77,42,198,68,45,47,52,100,60
"YBR226C",3,10,5,7,5,5,3,4,5,5,9,0
"YBR227C",55,150,107,108,93,244,83,56,68,74,178,84
"YBR228W",22,71,51,55,36,78,42,41,28,37,77,39
"YBR229C",94,202,170,144,131,245,109,79,99,99,236,135
"YBR230C",113,480,285,222,259,857,344,110,201,142,250,190
"YBR230W-A",36,200,160,132,177,35,154,15,38,37,40,60
"YBR231C",50,126,106,92,62,153,103,40,49,69,111,66
"YBR232C",0,0,0,1,1,2,3,2,0,0,2,0
"YBR233W",20,76,50,54,50,204,42,30,27,35,81,29
"YBR233W-A",15,42,18,29,20,95,26,15,14,21,43,26
"YBR234C",219,490,367,338,367,514,392,225,271,286,457,328
"YBR235W",81,156,137,122,111,158,102,100,97,114,193,150
"YBR236C",53,109,102,91,85,45,63,49,69,76,136,69
"YBR237W",34,118,91,90,81,291,82,59,72,67,152,54
"YBR238C",35,40,23,25,15,70,33,101,42,113,209,69
"YBR239C",28,41,35,33,40,150,37,38,31,46,86,33
"YBR240C",4,17,25,16,11,28,16,7,12,6,13,12
"YBR241C",60,244,211,183,179,320,226,33,56,71,96,90
"YBR242W",32,69,49,42,49,28,56,43,36,62,137,58
"YBR243C",53,157,119,80,104,127,97,72,103,91,173,86
"YBR244W",41,21,19,12,14,10,11,80,75,104,180,55
"YBR245C",79,177,167,160,111,204,114,110,97,132,289,124
"YBR246W",58,153,114,91,90,152,112,82,85,112,181,115
"YBR247C",23,21,21,12,25,30,22,41,25,52,127,52
"YBR248C",167,183,187,187,161,258,136,115,129,156,297,160
"YBR249C",518,785,599,585,558,330,650,530,552,761,1217,831
"YBR250W",0,7,4,7,2,6,0,1,1,5,3,2
"YBR251W",55,62,78,63,63,111,59,50,49,64,113,76
"YBR252W",55,78,95,66,89,84,97,70,85,126,172,134
"YBR253W",39,115,73,79,62,65,78,60,43,53,103,44
"YBR254C",27,44,36,28,32,54,26,24,20,41,62,26
"YBR255C-A",22,90,54,48,61,132,42,27,48,47,65,36
"YBR255W",51,104,100,113,83,198,82,63,61,96,145,73
"YBR256C",113,264,247,224,201,64,192,113,153,134,231,184
"YBR257W",12,56,25,21,24,40,24,21,25,31,52,30
"YBR258C",16,36,23,22,28,153,24,14,21,26,28,12
"YBR259W",10,60,37,23,26,50,27,20,21,22,57,30
"YBR260C",46,85,74,71,60,161,49,51,55,64,128,56
"YBR261C",132,151,145,125,126,129,131,117,86,185,221,189
"YBR262C",48,110,74,79,71,76,84,69,57,54,82,79
"YBR263W",266,456,436,353,332,324,343,307,230,356,712,463
"YBR264C",47,130,91,64,97,182,109,53,59,76,111,84
"YBR265W",108,223,207,154,175,244,219,136,122,162,282,184
"YBR266C",0,0,0,0,0,0,0,0,0,0,0,0
"YBR267W",17,16,11,10,10,28,18,34,23,55,87,44
"YBR268W",80,151,114,92,81,192,108,61,70,88,126,139
"YBR269C",42,158,120,102,108,272,93,56,64,55,116,64
"YBR270C",15,48,30,35,38,101,38,31,29,31,58,40
"YBR271W",23,30,24,28,15,30,22,31,22,50,97,33
"YBR272C",27,58,45,49,44,123,43,31,34,47,71,48
"YBR273C",105,205,153,132,118,104,121,74,83,121,198,178
"YBR274W",26,87,58,54,43,25,40,46,35,38,104,44
"YBR275C",35,114,98,106,71,201,72,62,47,69,183,54
"YBR276C",123,220,172,163,142,202,151,113,109,137,296,203
"YBR277C",0,1,1,0,0,0,1,1,0,0,2,0
"YBR278W",16,37,22,42,18,27,27,30,15,12,32,35
"YBR279W",81,220,181,169,132,346,103,107,131,130,265,132
"YBR280C",57,98,69,77,57,106,69,49,55,49,106,67
"YBR281C",52,104,100,84,53,89,72,51,47,75,165,87
"YBR282W",26,57,42,39,40,82,31,33,49,47,73,38
"YBR283C",277,665,517,498,476,937,447,387,406,482,985,473
"YBR284W",15,28,22,23,18,17,22,14,21,21,32,24
"YBR285W",8,24,9,7,8,27,17,8,17,12,13,15
"YBR286W",1130,1738,1535,1334,1172,3241,1320,982,1052,1177,2319,2003
"YBR287W",256,332,309,313,221,228,261,279,275,264,629,407
"YBR288C",45,79,60,102,50,85,54,74,46,62,147,55
"YBR289W",66,92,87,64,50,253,63,56,54,80,163,109
"YBR290W",89,226,180,145,156,390,168,105,102,129,218,165
"YBR291C",25,73,41,28,46,32,34,33,38,41,77,53
"YBR292C",2,2,2,2,5,15,1,1,0,6,2,2
"YBR293W",31,97,51,51,65,49,56,51,63,61,121,48
"YBR294W",32,96,47,51,43,150,63,52,45,48,90,65
"YBR295W",53,96,96,56,73,54,72,60,65,58,125,108
"YBR296C",229,37,13,21,19,28,21,78,121,58,147,166
"YBR296C-A",0,3,3,1,4,2,1,2,2,1,1,0
"YBR297W",64,166,89,81,73,136,119,44,82,75,108,98
"YBR298C",123,380,219,242,193,242,213,201,209,214,411,240
"YBR298C-A",0,1,1,0,0,5,0,0,1,1,1,0
"YBR299W",3,14,10,7,14,6,8,4,1,5,5,5
"YBR300C",1,0,0,0,0,0,1,0,0,0,0,0
"YBR301W",0,2,2,2,0,0,1,2,1,1,2,0
"YBR302C",0,0,0,0,0,0,0,0,0,0,0,0
"YCL001W",66,199,167,108,132,223,120,100,119,120,193,79
"YCL001W-A",0,4,6,2,3,1,1,1,2,2,1,1
"YCL001W-B",1,5,2,4,2,7,1,2,1,5,2,3
"YCL002C",30,82,53,66,41,46,55,54,32,44,97,40
"YCL004W",20,59,44,31,31,27,21,27,25,30,74,31
"YCL005W",45,120,98,72,69,220,77,60,86,90,127,118
"YCL005W-A",24,54,54,32,46,13,45,27,24,25,49,41
"YCL007C",0,3,2,2,3,2,1,3,0,1,1,1
"YCL008C",122,193,188,146,144,272,212,86,81,119,218,231
"YCL009C",693,890,867,804,706,1107,819,382,380,528,1036,1059
"YCL010C",84,115,116,101,75,72,109,49,48,88,134,121
"YCL011C",277,621,498,503,385,877,390,336,288,441,833,474
"YCL012C",13,39,22,14,17,64,28,19,13,19,44,27
"YCL014W",32,74,56,43,32,82,33,37,33,35,113,41
"YCL016C",19,78,66,38,47,47,60,38,20,34,67,51
"YCL017C",115,209,210,194,139,97,190,125,106,129,249,167
"YCL018W",0,0,0,0,0,0,0,0,0,0,0,0
"YCL019W",0,0,0,0,0,0,0,0,0,0,0,0
"YCL020W",0,0,0,0,0,0,0,0,0,0,0,0
"YCL021W-A",3,8,4,2,3,35,6,11,7,19,29,14
"YCL022C",0,0,0,0,0,0,0,0,0,0,0,0
"YCL023C",0,0,0,0,0,1,0,0,0,0,0,0
"YCL024W",11,42,37,40,23,72,22,22,21,16,48,16
"YCL025C",400,152,103,106,86,75,111,182,294,234,444,446
"YCL026C-A",2,6,0,7,5,2,3,2,2,6,7,3
"YCL026C-B",20,61,57,48,48,29,43,7,21,15,35,13
"YCL027W",7,41,42,24,25,87,28,10,17,6,23,22
"YCL028W",193,346,250,201,220,479,285,151,165,247,394,279
"YCL029C",43,107,90,72,78,135,84,64,42,73,119,91
"YCL030C",783,272,278,234,201,98,189,278,428,281,681,644
"YCL031C",64,158,134,104,102,360,85,110,101,113,290,123
"YCL032W",50,157,136,120,104,192,118,67,82,87,152,129
"YCL033C",99,145,109,100,126,35,163,50,71,78,113,149
"YCL034W",195,406,343,275,254,280,307,151,187,190,309,298
"YCL035C",117,286,262,232,245,255,189,117,163,138,207,221
"YCL036W",11,9,8,9,7,10,6,15,11,30,60,26
"YCL037C",4,0,3,2,0,1,0,0,4,5,11,7
"YCL038C",66,148,101,91,79,41,88,65,82,72,127,92
"YCL039W",117,262,219,170,155,605,184,77,97,118,239,174
"YCL040W",3080,3737,3491,3096,2789,2222,3129,1766,2763,2090,3735,4898
"YCL041C",1,5,2,0,1,1,1,0,1,1,2,2
"YCL042W",2,2,2,5,4,4,2,3,2,2,6,1
"YCL043C",1211,2326,2561,2181,1855,2029,1823,781,1012,1094,2057,1980
"YCL044C",41,96,117,80,68,449,71,35,49,55,105,54
"YCL045C",189,448,336,335,297,453,311,223,222,268,576,247
"YCL046W",0,1,0,0,0,0,0,0,0,0,1,0
"YCL047C",21,47,29,42,32,77,26,28,31,27,45,31
"YCL048W",1,26,13,12,9,11,17,1,4,3,5,3
"YCL048W-A",0,7,5,1,4,10,6,1,0,0,0,6
"YCL049C",90,284,208,197,160,219,198,91,95,105,203,150
"YCL050C",228,407,348,340,298,553,273,297,271,341,697,361
"YCL051W",144,308,225,203,196,469,236,139,130,143,257,173
"YCL052C",84,208,137,132,122,504,125,94,97,139,188,115
"YCL054W",56,72,68,81,55,144,69,125,62,182,464,106
"YCL054W-A",1,6,4,5,5,18,1,11,9,11,7,3
"YCL055W",25,84,62,46,59,80,64,33,35,33,59,48
"YCL056C",16,69,49,39,50,158,26,23,27,18,52,17
"YCL057C-A",137,280,255,188,229,137,300,88,128,124,171,214
"YCL057W",155,387,347,359,299,443,261,156,184,186,412,244
"YCL058C",2,21,2,7,1,4,1,3,2,3,11,2
"YCL058W-A",0,0,0,0,0,0,0,0,0,0,0,0
"YCL059C",92,214,153,174,124,108,159,177,121,250,434,161
"YCL061C",32,92,80,69,49,137,55,34,36,48,94,35
"YCL063W",31,137,99,87,74,290,85,44,53,59,128,49
"YCL064C",348,388,264,241,246,377,249,581,599,647,1134,673
"YCL065W",0,0,0,0,0,0,0,0,0,0,0,0
"YCL066W",0,0,0,0,0,0,0,0,0,0,0,0
"YCL067C",0,0,0,0,0,0,0,0,0,0,0,0
"YCL068C",0,0,0,0,0,0,0,0,0,0,0,0
"YCL069W",0,0,0,0,0,0,0,0,0,0,0,0
"YCL073C",0,0,0,0,0,0,0,0,0,0,0,0
"YCL074W",0,0,0,0,0,0,0,0,0,0,0,0
"YCL075W",0,0,0,0,0,0,0,0,0,0,0,0
"YCL076W",0,0,0,0,0,0,0,0,0,0,0,0
"YCR001W",0,11,3,8,5,2,4,6,2,4,10,4
"YCR002C",86,293,199,173,184,181,157,118,145,138,245,152
"YCR003W",26,58,44,39,47,80,38,44,40,41,70,53
"YCR004C",257,675,563,470,404,248,426,196,307,269,538,389
"YCR005C",74,656,365,326,294,468,489,203,142,214,351,237
"YCR006C",6,11,10,12,6,18,12,7,5,4,9,9
"YCR007C",25,42,27,30,30,29,22,10,19,13,44,9
"YCR008W",103,229,183,166,160,402,155,136,147,152,383,192
"YCR009C",180,306,276,295,217,433,185,174,179,187,396,217
"YCR010C",10,51,39,16,25,54,32,6,11,9,17,16
"YCR011C",187,336,324,276,213,387,195,189,187,166,437,272
"YCR012W",4485,7644,7250,6872,5101,1695,6406,3734,4100,4986,8755,7543
"YCR013C",52,171,102,131,135,12,110,103,127,139,252,48
"YCR014C",13,63,39,32,23,146,17,27,25,31,63,15
"YCR015C",13,36,17,21,13,12,10,9,13,19,26,17
"YCR016W",24,71,60,51,43,83,44,69,61,107,179,67
"YCR017C",284,603,498,395,409,539,406,287,309,380,720,411
"YCR018C",21,26,18,17,11,15,11,50,30,48,82,49
"YCR018C-A",0,4,4,2,2,0,3,3,2,0,2,2
"YCR019W",25,61,58,39,38,69,36,31,27,32,48,33
"YCR020C",4,5,5,8,5,19,7,5,7,11,15,8
"YCR020C-A",9,56,54,24,37,15,34,22,25,28,37,28
"YCR020W-B",5,19,12,11,11,4,11,21,13,25,20,6
"YCR021C",116,47,36,27,27,42,28,99,47,102,187,89
"YCR022C",1,3,6,4,4,4,4,3,1,4,2,2
"YCR023C",57,114,120,101,58,57,66,62,55,85,160,87
"YCR024C",19,89,64,56,42,155,54,29,34,23,68,37
"YCR024C-A",138,227,156,125,112,148,96,283,252,312,618,185
"YCR024C-B",306,529,283,360,355,348,301,585,562,750,1456,443
"YCR025C",2,42,24,14,38,11,26,6,4,6,12,1
"YCR026C",64,198,225,144,133,234,150,56,76,102,182,143
"YCR027C",17,63,46,23,32,80,38,21,30,31,64,35
"YCR028C",45,89,72,60,64,134,63,41,52,64,124,63
"YCR028C-A",85,283,207,167,168,86,194,148,156,163,303,166
"YCR030C",113,257,209,218,141,574,125,106,121,128,312,190
"YCR031C",1429,2487,2040,1831,2037,500,2236,1723,1589,2538,3307,2450
"YCR032W",44,103,76,83,79,128,62,61,57,58,147,76
"YCR033W",99,254,189,172,149,507,150,136,139,167,354,146
"YCR034W",138,273,201,121,172,159,190,188,181,268,458,222
"YCR035C",56,125,113,86,97,124,66,93,81,116,217,116
"YCR036W",64,194,143,139,112,231,104,83,113,83,156,87
"YCR037C",90,184,133,101,104,81,113,99,105,124,191,118
"YCR038C",19,44,47,38,49,132,31,22,30,27,46,34
"YCR038W-A",0,0,0,0,0,0,0,0,0,0,0,0
"YCR039C",0,0,0,0,0,0,0,0,0,0,0,0
"YCR040W",0,0,0,0,0,0,0,0,0,0,0,0
"YCR041W",0,0,0,0,0,0,0,0,0,0,0,0
"YCR042C",70,198,152,141,157,235,131,107,98,125,282,126
"YCR043C",50,80,73,53,55,42,51,49,48,69,135,83
"YCR044C",71,174,157,132,143,265,123,78,84,99,192,141
"YCR045C",29,55,47,44,25,30,57,42,51,52,73,44
"YCR045W-A",0,0,0,0,0,0,0,0,0,0,0,0
"YCR046C",90,149,98,112,111,128,125,77,95,99,164,126
"YCR047C",25,83,66,55,35,72,52,69,30,112,168,82
"YCR047W-A",0,0,0,0,0,0,0,0,0,0,0,0
"YCR048W",102,172,162,160,134,102,177,79,56,168,250,197
"YCR049C",0,0,0,0,0,0,0,2,0,0,0,0
"YCR050C",1,1,0,1,2,0,1,0,0,0,1,0
"YCR051W",268,359,307,282,255,303,348,208,194,365,508,445
"YCR052W",159,259,206,189,165,495,200,109,121,178,315,241
"YCR053W",403,658,603,500,435,417,440,438,400,504,980,548
"YCR054C",7,19,11,16,14,42,20,8,17,13,38,9
"YCR057C",55,64,49,58,45,45,50,146,82,166,361,118
"YCR059C",140,183,171,158,167,82,184,103,75,169,249,195
"YCR060W",43,78,74,50,65,58,68,23,20,39,80,60
"YCR061W",76,128,133,77,90,184,99,42,58,40,111,112
"YCR063W",5,5,5,1,8,3,6,2,0,6,12,15
"YCR064C",0,0,1,0,0,1,0,1,1,0,1,0
"YCR065W",25,78,70,55,57,136,44,33,29,38,87,38
"YCR066W",10,43,34,27,32,68,32,30,23,32,66,20
"YCR067C",128,256,206,151,147,331,156,115,118,139,294,172
"YCR068W",58,88,64,65,59,104,57,40,34,41,62,116
"YCR069W",186,386,317,278,278,780,280,155,184,181,363,226
"YCR071C",27,65,49,39,47,155,39,28,50,44,82,50
"YCR072C",16,15,18,4,7,15,9,37,24,51,101,27
"YCR073C",106,204,170,145,119,191,137,85,101,117,228,142
"YCR073W-A",158,229,223,205,159,126,183,75,113,117,222,221
"YCR075C",40,97,59,42,68,34,82,44,42,57,80,54
"YCR075W-A",30,70,44,45,62,12,52,30,30,39,62,48
"YCR076C",43,107,91,67,98,124,83,34,44,47,110,77
"YCR077C",192,388,293,283,204,559,267,244,218,312,559,358
"YCR079W",67,176,172,140,117,131,143,54,54,84,159,117
"YCR081C-A",0,0,0,0,0,0,0,0,0,0,0,0
"YCR081W",30,31,25,24,17,41,13,30,20,31,57,26
"YCR082W",66,167,121,89,112,58,94,76,69,90,136,115
"YCR083W",50,57,55,55,53,44,64,27,44,44,84,65
"YCR084C",236,392,313,294,214,1051,245,262,215,357,750,430
"YCR085W",1,7,1,2,1,1,1,0,3,2,4,0
"YCR086W",12,30,21,22,24,39,15,17,20,17,22,18
"YCR087C-A",0,0,0,0,0,0,0,0,0,0,0,0
"YCR087W",0,0,0,0,0,0,0,1,0,0,0,0
"YCR088W",265,490,419,489,340,514,311,212,294,243,573,360
"YCR089W",45,144,106,56,69,354,126,34,43,71,115,110
"YCR090C",44,93,76,72,72,98,78,65,65,73,147,77
"YCR091W",60,163,144,99,98,180,90,60,85,58,147,105
"YCR092C",27,71,53,60,41,81,32,55,42,73,120,38
"YCR093W",116,237,192,162,131,242,124,175,168,214,447,213
"YCR094W",38,82,66,70,67,79,69,36,49,59,117,55
"YCR095C",10,47,48,40,35,81,24,25,39,32,98,23
"YCR095W-A",1,1,3,10,1,1,2,3,1,0,2,1
"YCR096C",0,0,0,0,0,0,0,0,0,0,0,0
"YCR097W",14,55,21,42,34,20,23,36,36,36,75,17
"YCR097W-A",0,0,0,0,0,0,0,0,0,0,0,0
"YCR098C",9,21,12,15,8,13,13,9,15,5,14,8
"YCR099C",8,18,6,12,16,20,11,9,19,9,27,7
"YCR100C",7,17,18,17,14,6,18,2,9,7,27,16
"YCR101C",3,6,3,1,6,3,1,4,2,1,4,4
"YCR102C",7,32,22,14,10,13,17,14,18,12,28,20
"YCR102W-A",0,1,0,0,0,0,0,0,1,1,1,1
"YCR104W",8,6,8,3,4,8,8,2,5,4,1,3
"YCR105W",14,28,31,20,12,74,20,10,17,13,21,11
"YCR106W",15,29,31,22,15,20,12,12,13,28,38,13
"YCR107W",22,48,34,38,39,16,23,18,15,24,58,20
"YCR108C",0,0,0,0,0,0,0,0,0,0,0,0
"YDL001W",25,57,45,42,33,123,30,28,33,44,71,35
"YDL002C",34,102,59,74,63,101,62,38,40,53,109,31
"YDL003W",37,99,77,72,65,180,59,24,33,42,83,28
"YDL004W",84,283,229,186,181,110,222,109,119,123,211,158
"YDL005C",82,209,164,151,108,420,132,92,90,136,299,144
"YDL006W",38,99,73,57,42,104,58,37,62,58,113,63
"YDL007C-A",0,0,0,0,0,0,0,0,0,0,0,0
"YDL007W",278,765,564,638,480,963,425,359,423,414,838,461
"YDL008W",45,67,56,51,62,55,62,32,39,54,76,81
"YDL009C",3,40,30,27,24,8,18,15,14,9,29,9
"YDL010W",22,68,47,53,39,39,21,21,25,22,46,23
"YDL011C",0,0,0,0,0,0,0,0,0,0,0,0
"YDL012C",60,137,118,82,87,785,87,73,56,80,169,93
"YDL013W",58,134,122,102,88,257,104,71,73,86,189,81
"YDL014W",648,867,723,670,578,697,646,857,724,1303,2412,1108
"YDL015C",119,342,255,220,213,186,168,193,209,226,487,190
"YDL016C",10,42,29,14,34,25,34,23,26,33,52,29
"YDL017W",14,68,48,42,34,63,41,37,25,40,67,20
"YDL018C",21,75,70,59,59,36,46,29,47,26,56,33
"YDL019C",201,288,281,309,237,678,177,157,172,210,428,289
"YDL020C",85,282,157,146,129,529,139,150,146,171,344,199
"YDL021W",13,50,43,40,36,36,30,12,22,16,38,27
"YDL022C-A",0,1,0,0,0,0,0,0,0,0,0,0
"YDL022W",542,460,410,385,347,342,319,493,617,544,992,963
"YDL023C",0,0,2,1,1,5,1,0,0,1,3,1
"YDL024C",4,15,15,14,8,22,17,7,4,3,6,1
"YDL025C",91,165,142,113,99,146,102,66,85,91,167,111
"YDL025W-A",0,0,0,0,0,0,0,0,0,0,0,0
"YDL026W",0,0,0,0,0,0,1,0,0,0,0,0
"YDL027C",46,134,108,65,71,169,52,59,84,43,141,46
"YDL028C",29,90,60,53,47,194,45,46,40,78,105,53
"YDL029W",350,698,648,518,460,229,498,310,387,382,665,517
"YDL030W",21,89,54,52,37,142,46,48,22,47,90,48
"YDL031W",50,110,89,77,62,133,65,114,84,175,422,90
"YDL032W",0,0,0,0,0,0,0,0,0,0,0,0
"YDL033C",18,24,17,20,19,66,17,26,38,30,56,47
"YDL034W",1,1,1,0,2,0,0,0,1,0,3,1
"YDL035C",73,243,166,169,146,261,174,91,74,109,214,126
"YDL036C",16,52,51,40,38,42,38,33,36,42,87,23
"YDL037C",22,7,8,2,1,7,3,48,25,73,104,65
"YDL039C",175,53,70,39,51,248,45,359,230,552,856,413
"YDL040C",118,290,241,258,181,386,150,180,182,218,463,187
"YDL041W",0,0,0,0,1,1,0,0,0,0,0,0
"YDL042C",17,55,36,21,28,28,31,41,35,56,82,54
"YDL043C",19,48,25,33,24,21,28,30,28,40,66,41
"YDL044C",15,39,26,17,15,45,17,12,26,21,40,23
"YDL045C",56,123,107,93,96,347,88,59,69,57,156,72
"YDL045W-A",33,95,49,49,47,85,50,44,48,58,94,48
"YDL046W",236,602,434,349,405,454,465,255,325,297,453,347
"YDL047W",105,244,165,167,150,200,166,115,110,145,254,153
"YDL048C",185,190,133,121,129,470,145,198,169,306,571,297
"YDL049C",30,64,55,34,31,97,54,30,43,48,109,78
"YDL050C",5,7,4,5,5,4,4,3,5,10,12,7
"YDL051W",63,100,81,97,54,108,95,110,74,157,218,121
"YDL052C",146,256,203,194,191,523,226,180,200,252,351,232
"YDL053C",71,150,85,83,83,141,89,78,87,97,182,87
"YDL054C",64,129,119,106,86,143,100,45,53,62,92,74
"YDL055C",1622,2177,2129,1724,1538,555,1788,1515,1609,2148,3694,3066
"YDL056W",48,126,94,90,88,236,71,53,46,77,129,61
"YDL057W",20,53,49,43,45,98,53,7,19,16,41,38
"YDL058W",70,192,183,206,126,278,126,104,77,128,329,116
"YDL059C",30,54,46,39,33,50,33,17,20,18,30,22
"YDL060W",53,75,64,87,44,125,86,122,74,181,360,138
"YDL061C",438,708,528,390,624,211,775,584,598,860,878,715
"YDL062W",0,0,1,1,0,0,0,2,0,0,3,0
"YDL063C",13,20,18,11,14,10,14,38,11,62,117,29
"YDL064W",33,103,66,67,62,86,53,63,70,90,161,63
"YDL065C",42,128,111,110,99,354,74,91,80,83,181,90
"YDL066W",201,328,322,275,240,172,251,118,160,181,349,286
"YDL067C",33,142,92,84,90,127,99,57,69,69,114,71
"YDL068W",1,0,0,0,0,1,0,2,0,0,0,0
"YDL069C",5,16,9,20,16,4,15,11,11,6,28,9
"YDL070W",132,312,178,181,153,175,129,216,241,260,518,210
"YDL071C",5,6,5,3,3,17,2,3,1,11,6,5
"YDL072C",227,640,494,399,401,468,388,244,340,263,501,348
"YDL073W",65,122,98,98,80,167,67,72,67,81,232,66
"YDL074C",64,203,152,160,115,116,102,114,140,153,348,95
"YDL075W",967,1761,1440,1325,1168,380,1227,1255,1255,1651,3018,1449
"YDL076C",49,137,101,93,88,184,78,73,72,81,160,67
"YDL077C",49,102,63,77,58,93,57,57,57,59,126,53
"YDL078C",246,481,400,351,321,239,342,186,292,274,475,359
"YDL079C",120,166,96,106,70,231,90,74,148,75,179,171
"YDL080C",64,122,82,73,76,102,77,66,59,83,168,82
"YDL081C",737,1617,1359,1486,1186,2695,1022,1240,1217,1633,2931,1291
"YDL082W",503,1051,771,764,744,804,682,813,786,1115,1673,839
"YDL083C",914,1317,1218,1001,983,234,1139,1134,1059,1559,2360,1678
"YDL084W",415,906,738,653,558,198,528,489,512,709,1241,709
"YDL085C-A",26,67,55,70,47,296,31,35,39,43,82,35
"YDL085W",6,34,27,24,18,29,30,9,8,5,15,14
"YDL086C-A",0,0,0,0,0,0,0,0,0,0,0,0
"YDL086W",82,157,117,89,86,65,95,61,79,94,117,97
"YDL087C",29,61,53,47,55,81,51,47,24,33,64,56
"YDL088C",61,169,115,103,111,236,122,101,80,127,199,106
"YDL089W",30,78,53,53,66,49,46,35,52,39,83,27
"YDL090C",38,81,80,68,68,132,58,40,48,38,101,39
"YDL091C",37,94,68,74,66,162,73,45,53,44,95,56
"YDL092W",75,154,104,104,96,294,93,72,99,93,190,98
"YDL093W",39,95,87,67,61,83,81,63,44,66,115,68
"YDL094C",0,10,8,2,6,1,1,3,4,3,6,1
"YDL095W",234,446,410,378,305,647,314,227,248,267,641,389
"YDL096C",0,0,0,1,0,0,0,0,0,0,2,1
"YDL097C",330,696,583,495,509,664,528,329,400,463,808,588
"YDL098C",8,39,23,24,21,48,21,18,16,17,33,13
"YDL099W",82,248,214,191,165,598,149,135,140,147,323,122
"YDL100C",324,630,606,523,466,519,473,274,286,363,659,575
"YDL101C",23,67,49,43,27,31,29,19,29,37,64,36
"YDL102W",44,86,54,57,35,112,43,49,38,64,125,63
"YDL103C",65,152,112,154,91,157,88,61,69,84,143,114
"YDL104C",13,29,16,23,30,28,16,22,25,15,40,22
"YDL105W",13,38,19,25,20,28,13,14,16,10,22,6
"YDL106C",65,137,126,89,93,257,99,60,78,94,138,90
"YDL107W",21,61,41,37,24,48,27,18,38,26,49,26
"YDL108W",33,68,42,46,35,52,52,37,46,46,89,46
"YDL109C",17,42,34,23,27,47,34,15,15,24,45,25
"YDL110C",244,485,381,328,286,686,353,170,277,189,347,381
"YDL111C",46,89,85,70,58,174,81,81,54,85,169,86
"YDL112W",50,122,92,110,70,117,92,109,99,152,330,101
"YDL113C",52,149,106,111,83,94,88,82,75,82,159,70
"YDL114W",1,0,1,0,0,6,1,0,1,2,2,0
"YDL114W-A",0,2,1,2,3,5,0,1,3,0,2,2
"YDL115C",46,120,83,101,77,147,74,47,58,58,118,42
"YDL116W",43,117,97,75,72,114,80,92,73,98,187,82
"YDL117W",40,156,117,93,79,239,96,88,70,96,180,94
"YDL118W",1,4,1,4,2,3,0,1,2,0,3,1
"YDL119C",18,75,48,38,38,93,37,22,25,26,28,23
"YDL120W",56,115,91,67,89,52,71,68,67,76,137,70
"YDL121C",42,121,110,122,89,72,75,64,60,86,123,70
"YDL122W",123,214,195,226,150,453,171,170,133,191,525,219
"YDL123W",42,93,69,77,55,273,61,54,42,68,127,92
"YDL124W",372,400,351,335,340,739,256,290,406,317,645,461
"YDL125C",245,583,488,367,445,290,519,282,268,353,535,433
"YDL126C",1325,2148,2121,1932,1481,1468,1557,997,1092,1250,2712,2127
"YDL127W",16,57,47,40,43,99,33,21,22,29,47,11
"YDL128W",154,340,248,215,190,255,252,161,158,200,374,230
"YDL129W",10,19,15,12,10,20,13,7,15,10,32,11
"YDL130W",926,1902,1428,1444,1537,146,1547,1244,1252,1930,2544,1619
"YDL130W-A",59,116,83,77,95,117,68,41,60,54,71,68
"YDL131W",126,230,202,201,182,288,190,96,134,154,253,180
"YDL132W",157,369,313,306,226,837,214,168,200,180,434,257
"YDL133C-A",282,575,435,626,510,19,332,513,479,491,802,439
"YDL133W",60,168,109,95,119,104,99,59,70,84,146,87
"YDL134C",196,340,304,280,240,190,274,185,211,224,386,281
"YDL135C",45,150,106,134,95,139,81,74,78,57,165,82
"YDL136W",186,314,269,202,258,58,252,274,265,392,594,349
"YDL137W",305,849,727,672,633,263,671,276,334,342,640,517
"YDL138W",54,124,98,88,67,315,84,40,43,66,125,76
"YDL139C",24,53,44,42,35,94,30,25,22,22,54,40
"YDL140C",565,851,746,553,562,2227,709,450,433,616,1428,1023
"YDL141W",46,111,85,68,67,153,80,52,59,85,136,90
"YDL142C",27,77,61,56,53,106,51,29,34,48,83,28
"YDL143W",331,479,418,417,324,401,375,360,360,473,906,568
"YDL144C",104,225,161,135,149,154,181,71,83,88,127,147
"YDL145C",357,691,588,534,408,738,451,381,435,491,1101,606
"YDL146W",50,99,91,66,63,82,58,73,76,76,146,92
"YDL147W",189,526,410,380,309,533,268,220,292,295,652,274
"YDL148C",49,93,74,77,40,155,64,125,96,150,401,98
"YDL149W",44,81,72,70,65,82,60,39,42,38,88,45
"YDL150W",25,49,44,36,42,91,29,48,41,97,161,46
"YDL151C",0,0,0,0,0,0,0,2,0,3,5,1
"YDL152W",0,0,0,0,0,0,0,0,0,0,0,0
"YDL153C",114,159,148,161,102,199,100,145,118,204,521,170
"YDL154W",6,8,8,7,14,8,7,13,20,15,29,17
"YDL155W",51,183,136,134,113,189,97,83,68,100,204,95
"YDL156W",19,27,26,30,18,49,20,12,18,19,39,22
"YDL157C",32,155,85,73,82,35,65,51,68,71,125,48
"YDL158C",5,20,7,5,14,5,7,11,9,11,23,3
"YDL159C-B",0,0,0,0,0,0,0,0,0,0,0,0
"YDL159W",24,60,60,46,44,90,45,21,22,37,56,50
"YDL159W-A",0,0,0,1,0,1,0,2,0,1,0,0
"YDL160C",107,132,150,110,84,374,113,69,98,81,234,187
"YDL160C-A",16,38,35,30,29,14,25,18,25,29,41,29
"YDL161W",174,340,326,207,237,1162,240,141,143,192,357,260
"YDL162C",0,0,0,0,0,0,1,0,2,1,0,0
"YDL163W",0,0,0,0,0,0,0,0,0,0,0,0
"YDL164C",44,87,87,82,62,109,55,52,51,60,131,77
"YDL165W",29,69,66,49,53,49,41,43,39,51,86,52
"YDL166C",48,145,104,66,81,73,127,82,62,117,153,127
"YDL167C",36,30,35,26,42,53,39,66,37,112,194,49
"YDL168W",101,160,120,117,98,95,103,94,94,102,256,165
"YDL169C",22,74,56,55,67,211,61,19,26,16,33,29
"YDL170W",38,91,64,60,51,102,39,37,56,57,78,31
"YDL171C",333,502,385,314,284,190,425,348,281,468,846,528
"YDL172C",0,0,0,0,0,0,0,0,0,0,0,0
"YDL173W",61,177,146,113,134,164,157,42,76,92,107,93
"YDL174C",203,486,390,363,291,899,378,160,199,182,382,331
"YDL175C",26,65,51,53,43,38,57,41,45,60,90,60
"YDL176W",21,83,56,58,37,118,50,45,36,46,113,42
"YDL177C",16,61,37,33,43,39,48,37,19,29,53,42
"YDL178W",82,161,135,140,121,178,103,77,95,89,193,111
"YDL179W",17,41,20,12,16,61,16,28,32,21,61,28
"YDL180W",60,168,97,113,102,121,85,77,71,80,116,88
"YDL181W",22,71,56,47,52,28,37,21,41,21,41,60
"YDL182W",261,205,176,170,146,124,163,263,243,337,599,437
"YDL183C",12,31,27,19,14,35,22,13,16,13,36,16
"YDL184C",325,971,743,749,700,92,648,617,569,829,1432,509
"YDL185C-A",2,4,1,1,1,1,1,2,2,6,5,0
"YDL185W",717,1330,1168,1089,832,671,879,764,821,984,2001,1118
"YDL186W",15,34,25,26,21,5,22,19,13,25,34,16
"YDL187C",0,0,0,1,0,1,0,0,0,1,0,0
"YDL188C",71,173,135,131,112,216,115,89,93,111,240,159
"YDL189W",101,242,161,134,156,349,152,112,114,166,352,154
"YDL190C",112,206,166,155,118,252,127,140,124,144,318,161
"YDL191W",323,506,574,357,415,73,537,418,321,535,803,561
"YDL192W",537,1042,930,856,771,204,797,598,680,892,1352,921
"YDL193W",49,128,86,91,70,35,74,77,78,73,149,67
"YDL194W",68,136,77,86,87,150,73,63,52,70,133,83
"YDL195W",355,713,612,467,437,2624,399,350,295,402,987,496
"YDL196W",1,4,3,4,0,5,3,2,1,0,1,2
"YDL197C",49,154,138,106,88,355,117,49,71,52,120,58
"YDL198C",137,179,179,123,117,86,115,87,124,95,226,137
"YDL199C",11,61,55,48,46,68,32,22,29,17,60,30
"YDL200C",12,46,27,24,22,26,21,17,21,12,45,19
"YDL201W",31,63,55,59,35,101,54,90,72,101,171,92
"YDL202W",39,101,46,45,52,88,52,57,45,66,102,62
"YDL203C",35,72,68,51,60,154,62,51,38,53,106,54
"YDL204W",67,85,55,49,51,251,53,51,80,44,86,116
"YDL205C",73,120,119,119,61,148,58,72,84,111,285,116
"YDL206W",17,112,61,57,55,94,48,57,57,41,102,46
"YDL207W",64,192,148,115,123,324,146,98,98,111,199,121
"YDL208W",183,305,238,244,200,117,243,272,228,428,716,359
"YDL209C",17,51,35,47,30,98,31,25,29,43,69,30
"YDL210W",5,24,17,14,12,32,17,6,6,12,17,7
"YDL211C",16,50,28,25,36,121,30,19,17,28,35,19
"YDL212W",175,372,287,277,245,61,286,197,212,288,478,286
"YDL213C",83,240,165,158,130,222,128,147,149,236,434,162
"YDL214C",6,46,31,25,28,38,20,13,6,4,10,5
"YDL215C",119,304,188,162,144,135,174,134,155,136,275,202
"YDL216C",25,88,69,46,45,110,53,39,36,39,66,61
"YDL217C",37,89,77,45,64,36,65,46,45,48,119,75
"YDL218W",11,27,12,6,8,17,10,6,12,11,13,13
"YDL219W",13,47,34,45,29,37,16,27,31,39,64,15
"YDL220C",32,47,52,43,21,72,36,23,19,25,46,44
"YDL221W",4,17,19,7,8,15,6,4,1,8,14,7
"YDL222C",8,22,20,6,10,14,14,4,7,5,16,12
"YDL223C",39,108,94,76,65,190,74,50,47,40,95,89
"YDL224C",89,199,167,121,111,899,132,87,111,104,230,127
"YDL225W",59,178,124,151,99,281,94,99,94,136,266,106
"YDL226C",120,241,228,187,156,216,160,120,123,167,323,180
"YDL227C",13,11,7,12,4,5,4,20,30,23,62,17
"YDL228C",1,9,0,3,0,3,2,10,3,7,17,3
"YDL229W",638,514,451,414,294,133,412,595,461,838,1445,995
"YDL230W",76,147,110,95,83,161,106,67,66,81,110,99
"YDL231C",78,225,113,152,116,321,118,97,76,121,224,135
"YDL232W",24,58,47,32,51,16,44,27,30,31,33,52
"YDL233W",47,101,87,86,73,106,55,35,50,48,106,63
"YDL234C",180,221,205,191,181,348,155,145,160,147,345,189
"YDL235C",37,103,85,55,67,119,69,47,69,62,91,56
"YDL236W",155,304,259,230,218,118,255,179,160,220,435,246
"YDL237W",57,169,148,129,107,119,90,82,102,82,162,99
"YDL238C",39,57,42,50,41,34,39,35,43,31,77,60
"YDL239C",15,37,25,27,27,27,15,22,32,31,50,18
"YDL240C-A",1,0,3,0,0,1,0,0,0,0,3,0
"YDL240W",30,99,46,65,60,110,63,57,52,90,127,60
"YDL241W",36,23,22,19,21,39,10,57,37,54,90,33
"YDL242W",4,5,2,2,5,3,1,7,4,3,2,4
"YDL243C",29,53,41,41,43,76,42,20,29,21,54,36
"YDL244W",1,14,9,5,7,2,5,2,1,1,3,1
"YDL245C",1,0,0,1,1,4,0,1,0,2,4,0
"YDL246C",1,0,0,0,0,1,1,0,0,0,0,0
"YDL247W",0,0,0,0,1,1,2,0,2,0,2,2
"YDL247W-A",0,0,0,1,1,0,0,0,0,0,1,0
"YDL248W",9,20,5,13,6,1,7,10,14,8,20,16
"YDR001C",271,424,353,343,261,244,297,222,270,247,509,423
"YDR002W",399,867,698,744,538,171,583,510,513,635,1150,656
"YDR003W",36,174,127,105,103,406,123,62,79,95,140,81
"YDR003W-A",11,57,41,31,38,16,27,20,20,15,36,16
"YDR004W",27,114,95,58,55,109,66,50,39,57,101,52
"YDR005C",66,141,77,99,70,65,63,82,102,74,145,80
"YDR006C",81,220,179,128,136,537,153,121,101,146,272,148
"YDR007W",42,94,77,62,66,58,58,42,34,39,95,59
"YDR008C",1,8,7,2,2,2,5,1,2,1,3,0
"YDR009W",12,32,24,31,27,22,25,11,13,10,12,23
"YDR010C",3,12,9,13,16,12,9,0,5,1,4,2
"YDR011W",262,242,189,183,138,304,149,276,298,363,705,409
"YDR012W",443,701,682,676,552,329,555,415,423,568,1019,776
"YDR013W",18,70,46,37,45,25,43,31,33,40,58,37
"YDR014W",7,19,25,22,22,58,18,15,16,17,41,23
"YDR014W-A",0,4,4,2,1,0,1,0,0,0,0,1
"YDR015C",0,0,0,0,0,0,0,0,0,0,0,0
"YDR016C",19,90,55,40,50,24,55,22,47,32,49,29
"YDR017C",94,207,141,123,120,208,131,136,125,179,370,166
"YDR018C",3,58,31,36,34,33,13,6,10,8,16,7
"YDR019C",183,42,36,21,36,30,21,68,86,66,121,101
"YDR020C",11,27,18,12,20,39,18,30,22,26,64,19
"YDR021W",7,9,12,6,6,10,6,11,6,29,54,10
"YDR022C",19,52,33,37,42,31,47,16,14,16,21,32
"YDR023W",342,764,626,609,464,370,416,565,469,627,1407,577
"YDR024W",0,3,0,1,2,5,1,3,2,3,8,1
"YDR025W",1157,1709,1493,1289,1473,240,1761,1277,1149,1984,2488,2253
"YDR026C",53,137,104,107,103,207,97,82,56,98,160,75
"YDR027C",72,159,143,117,92,198,119,80,85,115,231,90
"YDR028C",307,497,430,401,332,604,351,238,271,287,691,387
"YDR029W",3,6,6,6,3,6,2,5,6,10,15,2
"YDR030C",9,18,11,17,19,35,13,13,11,14,50,17
"YDR031W",3,39,23,22,20,26,17,19,12,17,31,17
"YDR032C",312,742,680,631,516,238,555,255,355,302,514,496
"YDR033W",633,120,129,89,93,43,86,932,824,1184,2165,1049
"YDR034C",43,104,67,68,54,128,60,48,53,71,110,58
"YDR034C-A",1,1,2,2,1,1,3,3,3,4,3,4
"YDR034C-C",0,0,0,0,0,0,0,0,0,0,0,0
"YDR034C-D",3,7,1,2,1,6,2,2,3,1,8,1
"YDR034W-B",5,10,4,9,16,5,4,3,6,5,4,8
"YDR035W",356,557,461,517,420,389,397,228,335,324,633,470
"YDR036C",57,95,65,72,47,90,63,58,66,62,144,90
"YDR037W",837,1105,979,959,818,852,779,881,826,1114,2188,1295
"YDR038C",17,29,22,28,22,64,30,18,23,19,43,25
"YDR039C",0,0,0,0,0,0,0,0,0,0,0,0
"YDR040C",17,14,18,18,23,9,13,21,13,18,19,19
"YDR041W",56,176,120,96,98,156,117,74,92,84,157,99
"YDR042C",0,5,7,5,8,15,5,3,3,6,5,2
"YDR043C",13,48,35,28,30,46,24,51,27,64,76,30
"YDR044W",257,198,170,161,131,228,189,360,278,593,859,439
"YDR045C",32,65,45,46,60,10,58,41,37,63,101,43
"YDR046C",313,384,321,277,221,484,282,282,287,333,712,406
"YDR047W",120,310,244,245,216,103,183,160,151,214,359,197
"YDR048C",0,1,0,0,0,0,0,0,0,0,0,1
"YDR049W",33,127,57,101,69,108,57,44,40,66,128,65
"YDR050C",5621,9297,8333,8098,6885,1249,7229,5450,5643,7254,12310,9309
"YDR051C",42,114,108,111,113,137,93,64,57,81,151,86
"YDR052C",48,185,131,137,103,502,94,74,57,105,208,73
"YDR053W",0,0,0,0,0,1,0,0,0,1,1,0
"YDR054C",165,499,358,323,252,485,309,174,199,228,434,285
"YDR055W",270,141,108,105,70,107,82,229,354,258,527,371
"YDR056C",112,248,210,209,185,489,177,108,148,160,317,194
"YDR057W",43,139,100,99,84,242,84,70,65,73,165,83
"YDR058C",4,40,44,37,24,93,21,23,20,11,29,13
"YDR059C",24,122,92,103,93,316,65,31,34,27,53,42
"YDR060W",85,159,111,119,82,133,72,192,125,252,607,180
"YDR061W",46,119,92,109,82,93,75,84,64,68,164,79
"YDR062W",215,352,341,315,220,244,226,206,196,285,599,375
"YDR063W",45,102,96,107,95,247,79,72,76,80,119,63
"YDR064W",1385,2078,1967,1753,1692,501,1730,1690,1654,2355,3675,2402
"YDR065W",7,28,13,24,12,18,11,18,17,25,43,6
"YDR066C",7,23,17,21,16,18,18,11,19,14,32,27
"YDR067C",32,92,48,57,54,49,34,23,51,48,95,37
"YDR068W",67,173,128,161,114,292,90,76,93,98,208,122
"YDR069C",26,74,55,57,46,74,51,49,40,41,93,51
"YDR070C",6,20,13,9,16,25,10,8,17,7,16,22
"YDR071C",114,361,244,223,211,133,183,163,192,192,393,179
"YDR072C",178,342,217,215,209,395,210,315,245,348,680,326
"YDR073W",91,150,111,99,92,128,107,123,143,136,230,195
"YDR074W",748,906,806,839,625,671,538,768,883,773,1603,1160
"YDR075W",18,47,37,29,23,60,30,30,20,52,60,20
"YDR076W",10,60,31,43,38,78,31,19,14,27,44,18
"YDR077W",5120,913,869,600,592,2831,657,3480,4728,4500,9684,8522
"YDR078C",11,44,42,32,44,12,42,14,15,18,31,16
"YDR079C-A",13,39,35,20,16,25,25,15,18,19,30,16
"YDR079W",5,47,23,33,24,19,17,15,19,19,44,16
"YDR080W",21,64,42,62,30,87,30,34,30,46,101,39
"YDR081C",35,118,99,90,67,365,70,92,52,94,179,60
"YDR082W",13,42,28,28,20,34,18,19,15,31,48,29
"YDR083W",25,36,25,41,16,65,23,61,47,86,188,25
"YDR084C",53,176,127,123,123,195,81,59,62,75,126,81
"YDR085C",91,131,92,85,59,150,90,75,133,91,217,170
"YDR086C",129,408,285,301,254,154,235,174,177,243,425,208
"YDR087C",59,69,71,78,59,54,60,99,68,138,243,98
"YDR088C",29,137,96,91,64,444,67,60,53,70,152,59
"YDR089W",92,53,34,23,28,42,30,46,75,78,140,64
"YDR090C",43,108,95,62,69,79,72,57,67,65,145,60
"YDR091C",68,122,87,76,60,50,75,163,120,204,391,143
"YDR092W",70,267,194,184,182,335,158,92,103,107,189,107
"YDR093W",221,359,318,313,211,340,316,208,200,270,533,343
"YDR094W",0,0,0,0,0,0,0,0,0,0,0,0
"YDR095C",0,1,2,0,0,0,0,0,0,1,2,0
"YDR096W",168,428,287,262,250,792,271,210,213,200,416,263
"YDR097C",33,89,81,67,56,85,49,37,33,60,122,64
"YDR098C",74,231,188,162,164,341,156,130,104,152,284,117
"YDR098C-A",0,0,0,0,0,0,0,0,0,0,0,0
"YDR098C-B",0,1,0,1,2,1,1,1,3,0,2,0
"YDR099W",330,710,537,528,440,502,396,354,365,347,791,483
"YDR100W",43,154,101,96,100,139,89,58,75,41,91,47
"YDR101C",35,48,36,41,19,37,30,83,47,111,237,81
"YDR102C",0,1,0,0,2,0,0,1,3,1,0,0
"YDR103W",41,116,90,73,76,150,74,69,73,69,162,76
"YDR104C",17,77,62,79,40,59,43,25,18,40,76,42
"YDR105C",67,143,116,93,85,184,88,67,69,98,162,92
"YDR106W",3,8,1,7,4,15,5,4,9,8,19,2
"YDR107C",39,85,85,71,56,49,58,36,54,56,109,51
"YDR108W",30,74,46,51,50,87,49,37,42,56,94,52
"YDR109C",26,92,45,49,50,71,47,27,34,38,81,47
"YDR110W",29,50,40,55,42,50,33,30,30,41,86,51
"YDR111C",44,258,167,156,142,170,143,62,56,81,192,95
"YDR112W",3,7,4,1,4,7,3,1,0,2,9,4
"YDR113C",25,91,70,61,54,164,54,40,47,61,94,53
"YDR114C",0,0,1,0,1,0,0,0,0,0,0,1
"YDR115W",28,81,58,41,53,4,48,45,49,51,59,57
"YDR116C",59,95,82,83,78,151,61,54,83,84,141,69
"YDR117C",46,123,95,109,69,156,76,77,56,76,155,75
"YDR118W",13,36,26,29,23,20,20,19,31,28,48,26
"YDR118W-A",2,1,0,0,1,2,0,1,1,1,0,0
"YDR119W",70,122,124,102,116,99,86,104,87,128,238,107
"YDR119W-A",8,6,4,6,7,3,4,22,35,21,27,40
"YDR120C",50,75,65,60,42,65,54,100,65,134,280,106
"YDR121W",46,80,58,59,48,147,55,47,30,81,150,67
"YDR122W",201,449,323,353,253,485,235,172,201,223,481,278
"YDR123C",10,67,50,30,39,186,38,20,11,30,52,22
"YDR124W",10,51,20,26,20,43,19,20,27,17,49,16
"YDR125C",10,33,17,17,15,27,7,11,14,14,23,18
"YDR126W",11,41,32,18,32,93,39,21,24,27,58,36
"YDR127W",321,402,409,367,294,281,323,263,238,348,685,415
"YDR128W",69,218,186,147,146,157,124,75,77,112,210,105
"YDR129C",526,909,735,680,609,799,523,402,470,459,1012,651
"YDR130C",23,46,34,30,36,22,35,30,30,31,69,38
"YDR131C",12,27,24,16,23,60,26,17,19,23,45,24
"YDR132C",20,61,58,40,39,77,29,25,25,21,57,26
"YDR133C",487,690,411,425,379,519,438,825,989,984,1721,962
"YDR135C",243,428,401,342,299,521,327,221,229,303,565,424
"YDR136C",2,1,1,1,0,1,2,3,1,1,3,0
"YDR137W",49,107,89,82,59,86,69,52,71,72,146,62
"YDR138W",22,79,46,42,31,96,44,42,37,50,107,42
"YDR139C",36,90,87,74,83,29,66,48,54,53,89,64
"YDR140W",13,59,35,30,43,90,30,39,42,42,66,35
"YDR141C",79,162,155,151,122,162,94,91,111,146,259,99
"YDR142C",21,89,63,61,58,96,60,51,45,36,86,55
"YDR143C",87,146,115,79,98,282,114,117,103,157,250,158
"YDR144C",48,148,117,116,97,131,87,94,78,124,259,123
"YDR145W",116,271,222,201,171,482,182,129,124,146,357,193
"YDR146C",59,114,60,61,62,279,53,51,67,64,143,75
"YDR147W",20,74,64,51,53,54,38,32,27,44,83,31
"YDR148C",149,280,215,213,186,144,150,127,189,155,297,193
"YDR149C",0,0,0,0,0,0,0,0,0,0,0,1
"YDR150W",128,321,252,240,220,625,228,138,144,182,413,212
"YDR151C",39,176,110,101,97,182,112,88,79,110,194,115
"YDR152W",106,183,162,181,131,313,177,153,147,202,337,205
"YDR153C",69,230,141,141,132,348,149,93,98,130,246,118
"YDR154C",53,146,90,88,84,74,55,73,102,87,207,73
"YDR155C",889,1214,1189,948,995,153,1125,903,954,1165,1880,1520
"YDR156W",26,60,72,45,59,45,48,44,47,58,93,56
"YDR157W",3,9,8,2,9,21,2,9,3,10,10,7
"YDR158W",498,1120,1026,868,807,326,801,408,523,488,1020,811
"YDR159W",36,114,87,90,89,167,65,74,55,89,227,81
"YDR160W",50,100,104,93,62,88,75,43,49,88,163,80
"YDR161W",44,79,75,77,60,85,58,109,92,136,277,97
"YDR162C",45,104,99,64,74,196,64,46,52,70,124,91
"YDR163W",28,73,58,56,49,138,43,34,55,59,87,35
"YDR164C",49,126,86,86,69,139,65,72,77,55,158,66
"YDR165W",41,72,52,45,36,51,33,74,79,111,206,60
"YDR166C",26,98,71,65,49,85,46,61,57,76,156,54
"YDR167W",61,148,113,111,97,93,92,76,66,81,172,113
"YDR168W",89,221,145,175,122,236,85,91,112,122,255,115
"YDR169C",81,180,183,125,154,880,131,76,125,118,250,123
"YDR169C-A",1,2,0,0,0,4,1,1,0,1,0,3
"YDR170C",240,428,379,389,256,489,323,227,215,285,643,344
"YDR170W-A",13,29,25,25,14,36,30,13,14,17,34,29
"YDR171W",478,599,607,598,523,718,389,377,519,441,867,797
"YDR172W",289,453,409,393,338,312,381,366,307,482,931,523
"YDR173C",20,63,34,36,28,67,28,36,33,36,82,32
"YDR174W",229,529,380,419,322,670,326,276,307,397,667,381
"YDR175C",53,124,89,80,85,234,78,72,53,69,134,81
"YDR176W",76,237,194,190,148,252,132,107,102,152,294,125
"YDR177W",126,257,203,194,179,174,189,133,133,181,261,151
"YDR178W",96,301,216,181,198,228,173,99,148,91,221,170
"YDR179C",2,8,10,5,4,4,7,6,6,4,11,2
"YDR179W-A",7,24,10,16,14,16,10,18,10,22,24,9
"YDR180W",16,50,24,41,41,31,38,42,24,42,99,39
"YDR181C",26,91,70,91,62,61,54,37,45,51,119,56
"YDR182W",86,260,195,154,163,384,146,130,110,160,275,101
"YDR182W-A",0,7,5,3,4,11,6,2,1,2,9,1
"YDR183C-A",1,5,0,1,0,10,2,3,1,10,11,2
"YDR183W",14,41,40,34,25,22,22,20,22,21,44,16
"YDR184C",4,23,13,10,8,42,14,50,22,73,108,20
"YDR185C",29,43,36,34,27,39,30,28,23,44,66,46
"YDR186C",144,262,180,177,158,490,201,203,170,273,458,240
"YDR187C",0,2,1,2,2,0,0,1,0,2,2,3
"YDR188W",398,708,592,574,448,342,562,390,342,531,954,740
"YDR189W",74,206,171,154,125,281,121,107,86,131,301,101
"YDR190C",232,306,298,242,229,212,263,283,197,328,636,376
"YDR191W",7,55,27,17,28,39,19,12,19,19,31,11
"YDR192C",18,61,46,36,34,143,38,22,24,34,61,41
"YDR193W",0,1,0,0,0,0,2,0,1,0,1,1
"YDR194C",77,171,106,122,70,168,70,145,145,202,397,141
"YDR194W-A",0,0,0,0,0,0,0,0,0,0,0,0
"YDR195W",20,76,34,56,43,91,39,32,36,45,85,33
"YDR196C",72,144,132,115,115,118,113,85,96,94,179,105
"YDR197W",14,55,37,34,29,102,33,41,33,47,71,36
"YDR198C",18,35,30,35,37,55,28,29,23,37,64,23
"YDR199W",1,10,2,4,4,1,7,3,4,2,1,0
"YDR200C",42,104,60,68,51,174,47,27,50,44,125,56
"YDR201W",16,70,58,62,44,57,56,21,37,46,63,36
"YDR202C",31,71,53,51,42,36,30,32,44,54,79,41
"YDR203W",0,1,0,0,0,0,0,0,0,0,1,0
"YDR204W",80,136,141,137,99,121,113,55,75,56,136,124
"YDR205W",40,112,76,46,49,116,62,43,52,74,111,70
"YDR206W",104,206,152,149,140,305,136,122,88,161,310,173
"YDR207C",41,135,124,106,89,387,104,75,79,97,174,116
"YDR208W",67,206,147,115,88,252,123,69,92,93,206,98
"YDR209C",29,46,40,43,34,3,22,33,31,44,72,31
"YDR210C-C",0,0,0,0,0,0,0,0,0,0,0,0
"YDR210C-D",1,1,2,4,0,0,1,2,0,1,7,0
"YDR210W",0,0,0,0,0,0,0,0,0,0,0,0
"YDR210W-A",0,0,0,0,0,0,0,0,0,0,0,0
"YDR210W-B",1,1,0,0,0,0,0,0,1,0,2,1
"YDR211W",146,234,200,187,150,209,156,150,127,154,413,224
"YDR212W",185,393,336,356,289,197,287,248,241,329,611,349
"YDR213W",58,83,78,49,47,66,61,94,50,100,214,122
"YDR214W",127,206,191,180,164,248,138,129,178,131,267,212
"YDR215C",1,6,2,3,3,9,9,0,5,5,3,7
"YDR216W",53,256,166,115,113,175,144,69,95,53,127,105
"YDR217C",38,110,91,107,87,148,79,60,57,84,187,69
"YDR218C",0,8,2,6,3,3,1,3,0,2,2,2
"YDR219C",29,107,83,58,53,121,58,48,45,54,114,44
"YDR220C",0,1,0,1,0,3,1,2,0,0,7,0
"YDR221W",61,119,107,111,84,134,70,46,53,92,121,104
"YDR222W",5,34,25,35,39,38,25,23,22,16,39,13
"YDR223W",17,34,34,26,28,51,35,30,26,31,57,20
"YDR224C",557,1468,1025,997,841,477,738,951,1052,1170,2301,1050
"YDR225W",598,1387,834,855,737,231,848,1152,1228,1316,2404,1221
"YDR226W",524,1114,931,975,805,288,764,677,639,749,1444,869
"YDR227W",22,103,61,57,45,76,59,52,40,54,136,45
"YDR228C",37,103,78,95,65,241,76,78,77,109,189,62
"YDR229W",79,167,173,138,117,363,127,87,92,127,217,115
"YDR230W",1,6,4,3,4,0,6,5,4,2,3,4
"YDR231C",24,69,48,49,42,8,39,23,37,25,49,46
"YDR232W",194,270,241,231,173,192,236,198,199,287,522,365
"YDR233C",262,792,576,483,476,1461,466,514,445,564,1146,487
"YDR234W",73,148,93,85,73,89,88,130,85,141,312,129
"YDR235W",15,71,46,53,35,49,33,49,38,64,99,32
"YDR236C",36,130,72,73,70,107,81,41,58,65,103,71
"YDR237W",31,81,44,45,45,104,58,52,64,62,102,79
"YDR238C",271,554,528,439,333,334,384,281,278,349,791,512
"YDR239C",28,57,52,43,41,84,50,39,43,59,84,41
"YDR240C",10,39,25,23,23,51,24,17,14,26,34,18
"YDR241W",0,5,10,6,7,2,4,7,7,4,12,3
"YDR242W",28,67,54,40,37,45,28,20,23,36,71,45
"YDR243C",14,39,36,24,17,19,24,28,18,35,66,39
"YDR244W",67,130,103,82,88,119,97,60,81,83,153,99
"YDR245W",130,278,236,220,186,212,203,173,150,246,394,190
"YDR246W",56,174,141,92,120,423,109,61,73,74,144,121
"YDR246W-A",4,11,15,8,9,22,11,2,9,6,21,14
"YDR247W",79,95,72,52,65,272,60,70,99,70,140,135
"YDR248C",24,59,39,42,42,23,33,33,40,38,51,41
"YDR249C",11,19,22,16,14,13,13,24,17,21,37,16
"YDR250C",0,2,3,1,1,9,1,3,0,0,2,1
"YDR251W",192,539,411,354,313,1638,311,220,244,276,599,328
"YDR252W",7,18,16,13,14,31,16,16,8,9,26,13
"YDR253C",27,54,43,47,39,92,31,22,24,32,35,27
"YDR254W",22,86,46,51,38,64,31,36,35,40,78,30
"YDR255C",46,89,66,40,45,109,38,45,46,52,94,35
"YDR256C",36,62,46,42,30,104,46,47,32,36,85,52
"YDR257C",32,96,67,63,52,89,45,52,47,71,125,65
"YDR258C",174,205,172,219,155,134,127,112,141,137,286,197
"YDR259C",13,67,43,40,38,100,37,16,12,12,27,18
"YDR260C",38,127,90,82,119,200,92,48,46,45,82,67
"YDR261C",112,174,181,118,111,214,128,104,115,141,303,166
"YDR261C-C",0,0,0,0,0,0,0,0,0,0,0,0
"YDR261C-D",5,2,1,2,1,0,1,11,5,7,16,5
"YDR261W-A",0,0,0,0,0,0,0,0,0,0,0,0
"YDR261W-B",3,10,3,0,2,2,6,5,2,3,6,1
"YDR262W",79,157,110,118,125,368,101,110,108,121,230,95
"YDR263C",9,23,19,17,15,51,14,10,6,10,33,9
"YDR264C",147,332,293,276,224,260,233,207,192,230,411,297
"YDR265W",30,65,71,40,47,88,54,40,45,52,98,48
"YDR266C",41,103,98,99,56,143,60,71,65,111,209,79
"YDR267C",81,174,142,106,100,167,106,81,65,98,219,138
"YDR268W",21,51,24,29,26,51,16,23,18,29,70,35
"YDR269C",0,0,0,0,0,0,0,1,0,0,0,0
"YDR270W",17,60,54,51,33,49,58,53,32,65,94,27
"YDR271C",0,1,0,0,0,0,0,0,1,0,0,0
"YDR272W",54,149,148,132,107,220,83,65,91,72,157,77
"YDR273W",16,46,30,49,38,115,24,17,9,18,58,14
"YDR274C",39,26,25,15,18,51,18,35,29,38,84,67
"YDR275W",44,89,60,55,52,71,75,37,45,74,125,90
"YDR276C",361,827,686,496,742,2432,621,454,553,518,772,588
"YDR277C",208,141,88,98,77,314,66,215,277,195,471,304
"YDR278C",1,1,0,0,0,0,0,0,0,0,0,0
"YDR279W",38,60,50,43,50,62,35,30,32,45,76,44
"YDR280W",79,156,118,106,96,204,99,102,115,145,283,160
"YDR281C",11,0,2,2,4,1,2,23,15,23,37,26
"YDR282C",12,34,27,35,20,48,19,10,31,19,33,32
"YDR283C",62,144,105,112,84,115,92,73,59,115,232,94
"YDR284C",94,266,206,169,158,112,161,97,112,111,228,130
"YDR285W",4,41,33,32,23,23,26,23,36,30,69,23
"YDR286C",10,43,34,22,29,5,32,17,19,21,33,24
"YDR287W",47,127,110,84,95,110,93,54,53,56,97,85
"YDR288W",19,44,41,38,47,82,29,37,41,46,74,34
"YDR289C",43,96,92,74,51,148,73,43,56,86,143,88
"YDR290W",0,0,0,0,0,0,2,0,0,1,0,0
"YDR291W",48,111,85,84,55,81,65,52,50,62,136,70
"YDR292C",117,275,229,235,186,289,182,168,164,194,366,218
"YDR293C",455,950,631,649,539,1511,555,479,506,587,1235,724
"YDR294C",187,357,324,241,238,252,237,170,201,270,483,273
"YDR295C",35,97,61,61,42,80,28,44,51,55,96,50
"YDR296W",97,181,154,135,113,168,120,117,108,119,210,148
"YDR297W",194,386,332,269,243,287,294,283,259,396,645,427
"YDR298C",108,298,211,209,183,137,165,127,151,135,263,132
"YDR299W",12,20,12,15,5,25,22,43,22,73,155,29
"YDR300C",77,144,125,105,78,106,125,134,107,166,328,167
"YDR301W",56,137,109,103,81,144,83,77,79,111,192,88
"YDR302W",26,91,49,52,60,66,48,65,58,59,106,45
"YDR303C",45,130,67,86,54,115,65,62,85,83,181,47
"YDR304C",224,491,408,383,381,866,312,211,257,273,533,348
"YDR305C",26,67,55,41,40,193,42,25,40,49,65,40
"YDR306C",34,137,97,86,61,138,84,67,69,76,123,65
"YDR307W",44,94,72,84,80,104,69,47,54,58,99,58
"YDR308C",31,67,41,36,39,72,35,27,36,44,62,36
"YDR309C",57,230,156,129,120,708,144,73,72,127,163,76
"YDR310C",88,211,158,141,119,307,115,88,101,119,247,168
"YDR311W",27,105,83,67,76,109,86,41,51,67,124,81
"YDR312W",18,39,29,21,29,54,33,33,30,39,93,50
"YDR313C",36,88,54,57,46,39,38,27,27,30,70,37
"YDR314C",10,16,11,13,12,23,10,16,12,16,31,18
"YDR315C",8,46,33,31,30,34,23,9,25,16,29,16
"YDR316W",31,91,49,62,41,146,42,37,62,51,91,45
"YDR316W-A",0,0,0,0,0,0,0,0,0,0,0,0
"YDR316W-B",0,1,0,0,0,0,0,0,0,0,0,0
"YDR317W",5,37,17,14,20,51,14,15,20,20,34,13
"YDR318W",24,64,43,42,33,49,35,24,29,47,65,21
"YDR319C",34,131,83,92,95,61,67,44,58,56,93,58
"YDR320C",31,102,73,55,76,113,53,34,48,48,105,51
"YDR320C-A",9,63,40,32,54,16,42,23,30,32,43,21
"YDR320W-B",0,0,0,0,0,0,0,0,0,0,2,1
"YDR321W",154,220,238,223,151,53,173,182,148,233,490,241
"YDR322C-A",49,141,94,104,101,86,81,58,82,61,131,86
"YDR322W",37,82,60,49,47,54,57,38,55,63,110,56
"YDR323C",7,35,20,27,23,24,22,15,19,26,41,19
"YDR324C",27,36,34,34,18,61,28,61,42,93,219,54
"YDR325W",36,58,57,39,52,55,38,37,33,43,114,45
"YDR326C",69,169,129,115,114,206,113,95,94,119,271,91
"YDR327W",57,117,76,98,89,20,89,38,41,67,88,88
"YDR328C",207,369,330,290,247,263,356,166,159,260,423,325
"YDR329C",83,212,163,150,139,220,154,103,99,101,179,133
"YDR330W",103,211,160,156,129,435,129,97,104,112,216,178
"YDR331W",46,95,80,53,60,61,79,48,60,69,133,61
"YDR332W",24,58,59,49,46,70,37,49,37,66,71,36
"YDR333C",74,169,113,98,83,167,76,94,76,101,191,82
"YDR334W",109,260,188,183,151,251,164,107,114,133,331,195
"YDR335W",168,469,369,390,284,879,235,172,208,223,515,244
"YDR336W",25,61,44,35,32,17,27,45,33,41,91,29
"YDR337W",28,95,77,78,66,143,54,66,53,71,128,63
"YDR338C",39,95,70,56,59,66,70,44,41,71,96,64
"YDR339C",35,86,54,64,58,77,66,79,70,72,146,59
"YDR340W",0,0,0,0,1,0,0,0,0,1,0,0
"YDR341C",239,443,324,343,299,737,269,351,327,420,856,418
"YDR342C",347,103,46,47,52,95,62,194,549,226,457,655
"YDR343C",78,44,27,25,28,49,15,50,103,45,102,155
"YDR344C",1,15,18,15,12,25,12,2,3,9,12,2
"YDR345C",3263,3783,2780,2332,2139,1798,2967,4387,4620,5683,10099,7147
"YDR346C",240,510,359,342,249,519,313,364,339,439,927,457
"YDR347W",67,149,109,92,84,101,79,90,100,118,203,109
"YDR348C",143,429,323,259,276,775,307,167,164,229,456,263
"YDR349C",123,325,269,214,220,382,285,165,150,175,359,221
"YDR350C",45,160,104,103,62,102,86,57,90,61,164,73
"YDR351W",47,190,123,120,92,281,117,94,74,126,239,99
"YDR352W",47,78,70,46,69,62,52,61,67,71,132,76
"YDR353W",702,1141,1045,887,853,1147,898,605,675,776,1485,1097
"YDR354C-A",0,0,0,0,0,0,0,0,0,0,0,0
"YDR354W",106,236,174,171,170,277,175,70,117,101,193,155
"YDR355C",0,0,0,0,1,0,0,0,0,0,0,0
"YDR356W",30,92,56,79,51,79,42,29,36,58,138,39
"YDR357C",11,32,21,26,25,53,18,16,24,21,42,17
"YDR358W",78,219,175,149,119,190,154,97,116,99,174,141
"YDR359C",54,156,165,128,100,670,98,50,64,55,169,96
"YDR360W",1,1,6,0,0,2,0,0,0,0,2,1
"YDR361C",41,63,49,43,48,51,46,99,71,129,206,89
"YDR362C",37,84,57,68,50,64,44,42,51,54,123,68
"YDR363W",28,81,62,73,43,111,34,38,53,47,97,44
"YDR363W-A",74,201,154,178,133,891,100,92,105,108,218,121
"YDR364C",27,46,37,47,27,119,36,42,34,45,93,40
"YDR365C",209,253,223,241,141,529,157,275,246,427,937,353
"YDR365W-A",0,0,0,0,0,0,0,0,0,0,0,0
"YDR365W-B",1,2,0,0,1,0,0,0,2,3,4,4
"YDR366C",1,2,1,0,1,0,0,1,1,1,3,0
"YDR367W",29,73,94,66,74,86,67,38,56,49,87,56
"YDR368W",100,240,225,187,167,189,155,95,121,146,278,163
"YDR369C",23,49,41,43,32,59,28,20,27,33,60,50
"YDR370C",23,50,35,28,29,66,44,31,39,47,101,33
"YDR371C-A",0,0,0,0,0,0,0,0,0,0,0,0
"YDR371W",26,82,62,65,55,81,32,46,50,45,90,34
"YDR372C",143,269,268,250,232,295,174,170,214,256,476,214
"YDR373W",43,143,102,120,103,60,69,52,77,61,119,82
"YDR374C",1,0,0,0,0,0,0,0,1,1,3,0
"YDR374W-A",9,38,34,24,23,8,22,12,16,19,34,10
"YDR375C",54,92,113,71,64,231,91,55,71,68,126,86
"YDR376W",46,117,93,94,51,101,63,50,59,46,109,61
"YDR377W",65,185,152,126,129,149,117,80,94,83,176,108
"YDR378C",61,172,157,95,107,139,113,79,74,107,183,108
"YDR379C-A",5,22,18,18,20,16,11,4,8,6,8,3
"YDR379W",78,261,158,170,145,448,132,100,92,125,213,119
"YDR380W",31,118,68,55,72,100,62,46,51,59,81,64
"YDR381C-A",22,75,64,50,63,151,48,31,30,37,57,24
"YDR381W",183,378,262,271,224,150,180,265,283,300,672,284
"YDR382W",1487,2368,2001,2259,1535,258,1559,1573,1595,2304,4170,2364
"YDR383C",14,90,49,53,44,79,61,35,38,42,87,36
"YDR384C",71,91,70,78,70,41,60,95,96,127,239,134
"YDR385W",291,523,371,383,318,105,354,361,317,475,878,497
"YDR386W",15,58,53,41,39,56,38,28,29,35,59,27
"YDR387C",66,166,106,91,90,151,91,65,69,88,170,97
"YDR388W",450,729,590,593,473,469,472,338,400,393,819,636
"YDR389W",48,124,91,82,82,156,61,79,75,97,194,89
"YDR390C",79,173,127,128,101,289,92,95,88,122,246,112
"YDR391C",107,160,121,110,114,53,110,82,96,98,174,118
"YDR392W",51,130,93,86,91,128,85,60,52,58,164,96
"YDR393W",31,81,56,45,59,212,48,43,36,46,105,44
"YDR394W",360,577,531,450,426,342,408,293,350,420,736,518
"YDR395W",83,126,118,104,86,90,81,137,78,137,355,149
"YDR396W",2,10,4,2,1,4,1,4,9,6,11,3
"YDR397C",3,7,3,3,5,7,2,6,5,5,11,8
"YDR398W",74,142,94,104,80,133,100,156,83,231,375,182
"YDR399W",207,111,115,112,95,131,116,327,272,458,649,342
"YDR400W",24,73,57,54,46,38,37,27,42,43,72,47
"YDR401W",0,0,0,0,0,0,0,0,0,0,0,0
"YDR402C",0,4,0,1,6,4,3,1,4,3,4,5
"YDR403W",5,17,15,8,8,33,13,6,6,8,20,11
"YDR404C",67,164,131,77,100,95,100,94,115,118,235,113
"YDR405W",106,205,189,143,148,475,153,92,118,164,271,199
"YDR406W",238,134,102,71,82,103,75,265,328,276,619,412
"YDR406W-A",1,3,0,4,0,0,1,2,6,6,10,0
"YDR407C",46,133,112,121,83,302,70,57,60,108,200,85
"YDR408C",196,228,214,181,189,108,198,127,160,184,333,262
"YDR409W",50,96,81,82,64,201,66,47,57,71,136,66
"YDR410C",23,95,64,56,62,78,42,35,54,54,102,42
"YDR411C",74,153,125,106,127,235,129,82,84,114,161,122
"YDR412W",7,9,10,9,3,21,5,9,9,19,24,8
"YDR413C",0,0,0,0,0,0,0,0,1,1,0,0
"YDR414C",15,68,52,42,32,55,40,39,42,47,80,41
"YDR415C",38,84,73,53,69,115,66,46,59,70,102,64
"YDR416W",32,66,52,52,40,55,53,41,42,42,115,63
"YDR417C",0,3,1,0,2,0,2,1,3,0,2,0
"YDR418W",169,343,285,285,267,87,245,278,257,306,563,279
"YDR419W",27,53,47,45,36,70,44,30,21,35,74,41
"YDR420W",68,183,141,108,88,536,113,90,59,118,274,110
"YDR421W",34,141,105,109,88,98,95,46,63,63,116,82
"YDR422C",60,79,95,62,65,145,48,72,55,86,152,85
"YDR423C",58,150,118,106,100,271,83,55,65,77,126,87
"YDR424C",44,122,89,87,93,75,91,50,58,70,80,70
"YDR425W",34,76,46,34,29,225,31,34,38,31,72,37
"YDR426C",0,1,0,0,0,0,0,0,0,0,0,0
"YDR427W",80,269,193,173,177,509,155,153,192,203,343,153
"YDR428C",16,47,26,30,33,16,31,48,59,59,96,42
"YDR429C",368,649,517,515,421,373,426,459,462,601,1219,578
"YDR430C",80,152,139,103,92,111,86,113,120,130,205,140
"YDR431W",0,0,0,0,0,1,0,0,0,0,0,0
"YDR432W",327,648,466,453,329,2015,412,284,306,392,925,512
"YDR433W",2,10,0,4,2,17,1,4,5,1,8,0
"YDR434W",70,199,150,139,108,100,115,104,114,115,235,133
"YDR435C",84,158,125,150,106,43,125,85,78,96,149,121
"YDR436W",91,222,198,146,170,251,164,92,96,94,171,163
"YDR437W",6,11,14,14,4,42,7,13,5,17,19,13
"YDR438W",9,69,53,45,55,43,38,38,27,50,83,36
"YDR439W",24,40,29,28,33,65,25,45,19,34,63,30
"YDR440W",39,83,56,52,52,105,40,48,42,67,101,72
"YDR441C",21,83,36,44,45,92,48,55,56,73,120,55
"YDR442W",0,1,2,1,4,0,1,0,2,2,1,0
"YDR443C",49,87,90,69,52,153,47,42,55,53,95,63
"YDR444W",33,66,52,66,42,91,54,43,44,65,106,43
"YDR445C",0,0,0,0,0,0,0,0,0,0,0,0
"YDR446W",0,1,0,0,1,3,1,2,1,0,1,1
"YDR447C",449,873,692,658,646,190,551,681,641,809,1519,719
"YDR448W",33,45,41,50,44,67,30,22,26,42,76,48
"YDR449C",6,19,19,11,19,26,13,34,19,53,110,22
"YDR450W",1083,1666,1383,1267,1226,332,1309,1359,1261,1820,2767,2065
"YDR451C",44,43,46,39,42,75,35,26,42,46,72,46
"YDR452W",186,565,493,514,387,801,333,175,213,263,482,289
"YDR453C",16,50,36,29,33,233,23,17,51,25,57,39
"YDR454C",135,314,263,244,238,204,192,262,211,285,517,244
"YDR455C",0,0,0,0,0,1,0,0,0,1,0,0
"YDR456W",77,247,199,195,185,131,155,104,96,109,264,115
"YDR457W",189,370,301,289,254,509,216,198,195,255,608,289
"YDR458C",40,128,98,106,86,68,63,72,66,85,174,55
"YDR459C",32,104,82,61,55,137,61,42,53,49,63,72
"YDR460W",41,95,98,86,69,132,69,46,48,57,113,75
"YDR461C-A",26,83,61,35,72,75,58,21,31,24,31,33
"YDR461W",59,64,62,52,54,90,55,94,97,148,192,117
"YDR462W",42,93,67,60,55,109,73,44,49,45,96,64
"YDR463W",56,138,124,121,121,328,102,71,61,68,170,91
"YDR464C-A",0,0,0,0,0,0,0,0,0,0,0,0
"YDR464W",33,83,94,58,57,196,50,66,47,79,160,63
"YDR465C",80,182,141,138,97,502,121,167,133,195,419,161
"YDR466W",52,150,118,88,78,430,97,81,53,99,198,94
"YDR467C",5,18,4,12,4,5,6,7,6,7,16,3
"YDR468C",52,130,105,106,99,253,73,65,73,80,130,90
"YDR469W",43,82,84,48,71,94,67,45,51,50,72,54
"YDR470C",42,95,73,48,70,62,50,48,63,57,118,63
"YDR471W",606,1015,923,808,820,173,899,817,640,1075,1740,1279
"YDR472W",38,82,68,64,81,185,53,50,54,75,129,59
"YDR473C",26,67,51,66,59,240,45,35,28,35,89,42
"YDR475C",111,216,200,171,135,297,157,102,89,139,267,169
"YDR476C",177,444,377,276,328,297,437,133,171,226,268,372
"YDR477W",127,292,173,149,153,306,151,160,179,161,350,202
"YDR478W",7,13,10,13,11,14,2,10,17,13,21,9
"YDR479C",78,276,193,184,160,418,204,87,114,120,177,170
"YDR480W",33,87,74,63,58,322,61,25,36,36,76,43
"YDR481C",287,307,276,227,261,296,243,294,284,347,650,524
"YDR482C",101,105,117,77,118,222,102,58,73,80,148,162
"YDR483W",276,586,502,463,411,537,389,361,365,392,808,350
"YDR484W",29,45,39,33,41,47,29,37,40,36,83,31
"YDR485C",46,172,102,94,96,257,87,67,63,91,195,80
"YDR486C",65,167,135,110,107,309,79,63,66,98,154,116
"YDR487C",273,529,425,358,396,429,458,198,242,343,493,432
"YDR488C",33,56,52,38,22,26,38,30,19,31,71,60
"YDR489W",15,92,49,53,40,106,44,28,42,27,55,37
"YDR490C",60,155,153,126,94,189,96,51,88,96,172,117
"YDR491C",2,11,6,3,9,12,3,8,7,15,18,9
"YDR492W",74,158,89,55,75,258,112,151,113,196,354,134
"YDR493W",14,33,33,30,22,10,19,21,17,27,51,25
"YDR494W",51,127,88,92,65,376,76,81,82,85,187,62
"YDR495C",20,84,32,50,37,94,24,35,39,48,103,26
"YDR496C",64,76,56,49,41,108,35,125,86,156,382,100
"YDR497C",804,1292,923,861,739,663,919,578,681,824,1492,1016
"YDR498C",40,146,98,83,101,169,84,68,51,76,127,74
"YDR499W",30,72,43,59,37,115,44,34,32,39,85,40
"YDR500C",788,1368,1086,978,1103,2386,1308,950,831,1376,1974,1261
"YDR501W",7,20,15,12,19,17,6,10,8,13,31,11
"YDR502C",326,335,276,256,216,110,263,207,213,304,525,328
"YDR503C",17,75,51,40,57,51,47,20,31,27,43,44
"YDR504C",1,25,3,12,11,24,5,6,13,8,21,1
"YDR505C",82,191,82,109,77,173,91,73,79,83,206,99
"YDR506C",29,89,83,64,53,117,64,26,37,25,59,43
"YDR507C",45,174,116,138,134,244,116,76,57,83,192,63
"YDR508C",206,435,304,282,248,376,355,303,261,387,701,396
"YDR509W",0,0,1,0,0,0,0,0,0,0,0,0
"YDR510C-A",9,30,20,23,18,44,10,9,13,8,34,15
"YDR510W",132,377,267,290,260,761,231,140,179,193,306,204
"YDR511W",24,66,61,42,44,22,45,22,34,45,46,36
"YDR512C",24,84,70,58,69,283,41,30,32,31,58,47
"YDR513W",108,275,187,167,185,70,147,136,142,150,229,174
"YDR514C",31,52,35,42,35,132,45,38,32,84,107,46
"YDR515W",19,45,30,35,12,128,15,26,36,46,75,21
"YDR516C",1251,1526,1157,993,940,499,1152,859,1430,1009,1749,2353
"YDR517W",233,617,586,468,397,530,449,216,245,236,435,420
"YDR518W",65,210,177,139,139,179,137,75,67,101,177,109
"YDR519W",55,144,129,106,78,76,104,62,74,95,146,82
"YDR520C",15,50,41,25,37,80,29,25,24,32,55,18
"YDR521W",0,1,0,0,0,1,0,0,0,1,0,0
"YDR522C",5,12,9,7,5,14,8,5,4,10,17,7
"YDR523C",1,7,6,6,6,14,3,11,0,24,25,8
"YDR524C",43,113,78,47,59,143,77,69,72,71,127,80
"YDR524C-A",0,2,2,0,0,0,0,0,0,0,1,0
"YDR524C-B",3347,6408,4830,4049,4916,422,6036,3180,3305,5309,6276,6810
"YDR524W-C",108,835,254,512,331,62,173,469,475,479,1255,127
"YDR525W",0,0,2,1,2,0,0,0,0,1,0,0
"YDR525W-A",16,115,84,57,73,72,60,30,44,27,56,32
"YDR526C",0,0,0,0,0,1,1,1,0,1,1,1
"YDR527W",45,101,82,88,82,253,73,54,43,103,152,76
"YDR528W",7,44,45,32,40,133,24,12,13,24,33,13
"YDR529C",84,185,125,100,129,641,114,71,131,101,158,112
"YDR530C",98,234,167,165,151,219,159,83,113,94,193,175
"YDR531W",69,172,114,103,110,53,100,83,80,102,189,105
"YDR532C",11,49,35,36,39,78,19,25,27,30,54,18
"YDR533C",23,43,36,37,27,32,28,26,30,26,62,39
"YDR534C",84,144,131,130,130,202,123,64,87,92,163,151
"YDR535C",1,4,4,3,4,5,3,1,4,2,1,5
"YDR536W",6,42,18,30,28,38,20,11,19,12,25,15
"YDR537C",0,2,0,1,0,2,1,0,1,1,2,2
"YDR538W",5,21,9,5,10,11,9,11,6,6,17,12
"YDR539W",56,86,76,66,64,77,65,59,56,73,143,91
"YDR540C",7,12,11,7,7,18,6,11,15,9,21,6
"YDR541C",27,84,66,75,52,49,46,30,45,32,88,40
"YDR542W",0,0,1,0,0,0,0,0,0,0,0,0
"YDR543C",0,0,0,0,0,0,0,0,0,0,0,0
"YDR544C",0,0,0,0,0,0,0,0,0,0,0,0
"YDR545C-A",0,0,0,0,0,0,0,0,0,0,0,0
"YDR545W",0,0,0,1,0,0,0,0,0,0,0,0
"YEL001C",156,407,309,267,269,744,271,182,183,230,385,243
"YEL002C",149,447,366,337,308,244,329,184,224,278,514,270
"YEL003W",33,65,51,62,46,72,40,46,45,68,119,49
"YEL004W",13,42,18,23,24,16,20,25,24,26,44,17
"YEL005C",21,46,36,44,34,168,37,16,36,30,43,26
"YEL006W",39,118,66,61,56,64,79,47,72,65,163,73
"YEL007W",108,203,189,136,166,628,134,150,137,171,303,170
"YEL008C-A",0,0,0,0,0,0,0,0,0,0,0,0
"YEL008W",4,7,6,6,1,23,3,3,1,3,4,2
"YEL009C",817,1485,1427,1476,1209,565,1118,1019,957,1183,2281,1409
"YEL009C-A",0,0,1,1,0,1,0,0,0,0,0,0
"YEL010W",0,0,0,0,0,0,0,0,0,0,0,0
"YEL011W",719,984,904,733,564,347,639,407,736,453,955,1279
"YEL012W",65,235,162,129,155,438,164,86,113,77,157,134
"YEL013W",83,180,144,129,87,279,102,100,112,104,204,144
"YEL014C",0,7,3,14,2,2,4,4,4,10,12,3
"YEL015W",116,223,194,152,158,459,131,118,151,167,359,162
"YEL016C",39,70,71,62,55,92,49,31,42,55,121,79
"YEL017C-A",185,387,315,256,302,144,280,268,232,359,523,276
"YEL017W",52,127,100,77,75,239,72,59,62,61,116,74
"YEL018C-A",0,0,0,0,0,0,0,0,0,0,0,1
"YEL018W",12,37,23,56,27,72,16,14,19,20,42,28
"YEL019C",4,7,5,5,5,26,6,7,4,6,16,8
"YEL020C",54,120,110,97,87,133,99,50,49,54,109,87
"YEL020C-B",0,0,1,0,1,0,0,0,0,2,3,1
"YEL020W-A",6,24,17,12,20,6,20,12,12,8,22,13
"YEL021W",0,0,0,0,0,0,0,0,0,0,0,0
"YEL022W",91,211,179,154,110,124,126,140,111,166,371,161
"YEL023C",17,47,42,40,35,71,35,35,25,38,78,27
"YEL024W",58,108,75,86,66,50,69,47,68,60,85,87
"YEL025C",53,146,116,110,89,148,95,61,67,85,196,84
"YEL026W",197,390,271,278,315,79,338,352,315,520,812,368
"YEL027W",673,1213,1171,1157,963,758,1041,683,761,938,1934,1269
"YEL028W",7,18,18,13,11,26,8,5,11,16,27,21
"YEL029C",14,37,29,38,18,45,27,32,26,44,80,30
"YEL030C-A",0,0,1,0,0,0,0,0,0,0,0,0
"YEL030W",20,32,29,24,21,47,17,13,17,17,36,22
"YEL031W",367,804,601,627,497,448,485,466,398,586,1204,618
"YEL032C-A",0,0,0,0,0,0,0,0,0,0,0,0
"YEL032W",88,166,145,145,104,206,154,89,107,129,293,145
"YEL033W",11,50,31,39,22,9,15,50,78,70,136,18
"YEL034C-A",1,5,2,2,1,5,5,2,2,7,7,3
"YEL034W",0,0,0,0,0,0,0,0,0,0,0,0
"YEL035C",0,10,6,1,3,5,2,0,1,1,2,6
"YEL036C",151,335,240,198,186,731,251,196,169,220,421,267
"YEL037C",253,502,441,429,340,363,384,216,284,347,638,417
"YEL038W",123,288,252,225,189,133,244,123,120,142,255,173
"YEL039C",52,115,95,62,57,91,78,45,95,59,92,121
"YEL040W",660,437,425,350,322,635,352,582,578,921,1535,857
"YEL041W",13,42,49,25,33,31,23,20,14,20,38,26
"YEL042W",137,291,237,251,197,237,186,153,148,229,452,202
"YEL043W",108,269,242,178,162,474,201,119,113,136,281,183
"YEL044W",84,410,290,256,252,212,321,92,105,148,213,150
"YEL045C",9,9,20,8,8,19,16,20,14,21,28,27
"YEL046C",409,466,435,388,299,263,404,379,391,450,864,602
"YEL047C",158,331,271,248,219,101,306,173,182,293,393,298
"YEL048C",3,4,10,5,4,2,2,10,6,18,17,6
"YEL049W",1,5,3,0,3,6,4,4,1,4,5,3
"YEL050C",59,125,95,74,73,172,84,67,69,86,114,99
"YEL050W-A",1,6,6,6,3,5,1,5,5,2,7,5
"YEL051W",239,517,446,370,362,173,393,272,265,314,562,361
"YEL052W",122,252,229,195,170,244,210,105,150,145,260,169
"YEL053C",37,96,68,62,62,163,67,62,45,87,195,73
"YEL053W-A",1,1,0,0,0,0,1,0,3,2,2,0
"YEL054C",171,272,174,172,207,56,174,285,243,316,483,240
"YEL055C",90,137,112,109,77,101,89,149,104,178,353,143
"YEL056W",66,206,161,113,104,245,116,113,108,88,203,133
"YEL057C",3,15,7,9,5,19,5,5,10,5,9,5
"YEL058W",299,648,541,528,452,168,501,181,272,292,523,496
"YEL059C-A",11,25,15,14,20,26,16,12,14,13,26,14
"YEL059W",4,14,13,13,13,37,14,6,6,15,7,6
"YEL060C",642,1018,965,979,720,740,653,463,545,510,1109,877
"YEL061C",24,88,69,48,37,98,57,48,43,55,132,49
"YEL062W",26,66,50,32,45,74,31,28,28,29,55,33
"YEL063C",108,213,189,151,136,479,154,102,95,144,213,131
"YEL064C",16,66,44,39,44,50,39,23,22,21,49,34
"YEL065W",91,99,78,60,39,36,64,140,111,187,377,194
"YEL066W",27,94,103,104,82,61,66,12,16,22,38,42
"YEL067C",5,26,13,16,13,94,23,2,6,11,12,15
"YEL068C",22,53,35,27,44,53,35,17,20,16,40,32
"YEL069C",4,4,6,4,5,10,4,2,5,4,12,5
"YEL070W",7,23,16,8,8,10,14,3,6,5,6,16
"YEL071W",221,1139,720,644,641,636,821,323,263,341,597,352
"YEL072W",11,39,24,21,19,24,27,13,15,18,43,14
"YEL073C",15,21,13,12,10,5,10,7,12,7,22,11
"YEL074W",0,3,2,0,3,14,0,1,3,2,3,2
"YEL075C",0,0,0,0,0,0,0,0,0,0,0,0
"YEL075W-A",0,0,0,0,0,0,0,0,0,0,0,0
"YEL076C",0,0,0,0,0,0,0,0,0,0,0,0
"YEL076C-A",0,0,0,0,0,0,0,0,0,0,0,0
"YEL077C",15,38,34,21,20,46,28,9,17,21,28,27
"YEL077W-A",0,0,0,0,0,0,0,0,0,0,0,0
"YER001W",103,55,36,23,27,39,35,132,116,166,375,105
"YER002W",97,193,128,146,117,529,109,175,130,213,441,172
"YER003C",121,295,215,250,185,261,164,153,157,195,401,200
"YER004W",165,462,421,365,352,258,399,132,154,195,315,275
"YER005W",59,99,91,85,82,84,77,78,71,90,173,102
"YER006C-A",1,0,1,0,0,0,2,0,0,5,13,2
"YER006W",111,194,145,151,121,114,155,202,141,296,602,235
"YER007C-A",93,205,150,148,158,127,128,129,114,183,253,155
"YER007W",6,17,21,14,12,12,11,11,11,21,28,8
"YER008C",116,264,202,167,164,432,175,132,134,158,342,182
"YER009W",232,471,421,352,395,133,390,322,329,436,676,427
"YER010C",34,149,121,97,95,171,99,50,62,62,123,70
"YER011W",241,30,18,21,15,79,22,272,249,424,935,392
"YER012W",181,458,327,306,291,625,306,190,246,248,430,273
"YER013W",34,87,103,71,59,128,69,47,44,55,130,52
"YER014C-A",0,0,0,0,0,0,0,0,0,0,0,0
"YER014W",32,96,69,66,43,109,45,31,32,45,84,45
"YER015W",39,50,31,36,27,98,18,35,39,34,72,41
"YER016W",102,209,168,180,137,235,163,83,94,131,256,206
"YER017C",96,313,214,185,170,379,215,152,139,190,309,201
"YER018C",74,192,125,101,142,123,158,64,97,105,172,150
"YER019C-A",233,551,469,373,434,118,426,254,265,329,548,429
"YER019W",193,328,303,216,191,367,260,136,152,199,313,262
"YER020W",232,313,245,249,239,356,223,190,213,181,375,324
"YER021W",166,436,369,376,279,509,250,223,259,265,571,249
"YER022W",41,115,92,95,59,183,74,64,63,99,169,66
"YER023C-A",0,0,0,0,0,0,0,0,0,0,0,0
"YER023W",262,473,417,333,340,216,407,237,255,318,450,425
"YER024W",33,144,93,65,68,77,93,38,26,46,86,50
"YER025W",319,459,443,396,263,447,333,397,351,482,1080,550
"YER026C",170,488,301,272,241,169,265,212,276,262,490,290
"YER027C",108,172,168,128,135,383,129,100,111,123,200,177
"YER028C",43,116,89,67,53,101,78,99,76,93,196,132
"YER029C",52,159,94,102,87,364,81,62,69,92,168,74
"YER030W",75,258,188,192,170,754,133,99,111,125,240,114
"YER031C",196,429,356,248,288,245,320,219,249,287,478,351
"YER032W",19,83,51,34,54,189,42,38,35,54,85,39
"YER033C",38,80,63,64,43,271,40,39,37,43,98,47
"YER034W",32,59,35,50,43,134,49,38,35,27,68,34
"YER035W",47,133,121,96,81,316,83,75,81,89,133,99
"YER036C",422,709,590,567,447,362,538,607,529,806,1495,780
"YER037W",52,40,33,23,35,48,19,67,90,68,147,119
"YER038C",7,23,8,17,12,9,15,15,21,24,37,12
"YER038W-A",0,0,0,0,0,2,0,0,1,0,0,0
"YER039C",10,15,22,15,15,10,7,6,9,6,20,10
"YER039C-A",7,16,10,8,3,4,8,5,4,5,5,8
"YER040W",58,122,87,89,73,290,65,50,40,46,98,66
"YER041W",24,80,74,60,64,154,56,31,36,38,87,35
"YER042W",31,167,122,104,113,52,95,28,44,48,73,33
"YER043C",951,1408,1050,996,923,655,1310,1037,997,1603,2399,1464
"YER044C",95,111,107,68,92,38,71,101,132,103,208,120
"YER044C-A",0,1,5,1,2,5,6,3,2,2,4,1
"YER045C",50,119,102,82,75,434,91,85,82,83,166,73
"YER046W",22,81,54,42,48,21,48,29,33,33,54,40
"YER046W-A",0,1,0,0,2,0,0,1,0,0,0,0
"YER047C",51,174,111,102,98,343,93,56,48,74,161,71
"YER048C",168,344,300,341,247,324,232,153,156,209,399,216
"YER048W-A",34,105,72,52,65,79,69,48,53,68,89,51
"YER049W",93,139,127,110,99,135,116,148,102,225,423,173
"YER050C",50,120,91,77,86,140,87,71,82,64,150,54
"YER051W",16,58,38,30,40,92,43,30,33,36,68,32
"YER052C",225,267,201,181,211,132,182,239,259,245,441,302
"YER053C",236,171,144,136,147,85,121,215,273,254,593,288
"YER053C-A",0,2,0,4,1,4,1,1,1,1,1,1
"YER054C",75,115,77,63,64,99,80,33,83,47,66,76
"YER055C",509,426,367,387,321,446,285,406,464,491,839,648
"YER056C",382,244,234,202,182,73,203,331,283,400,788,388
"YER056C-A",444,755,539,527,535,419,497,543,523,702,1003,702
"YER057C",172,348,301,253,305,386,311,187,194,259,357,304
"YER058W",36,64,68,48,35,143,32,20,32,37,57,53
"YER059W",59,187,132,135,97,205,100,97,86,88,178,101
"YER060W",68,115,96,72,79,63,89,64,67,81,159,106
"YER060W-A",11,21,20,22,7,32,19,14,17,14,49,15
"YER061C",58,74,70,56,56,51,44,34,42,53,97,64
"YER062C",220,271,232,203,201,279,190,125,222,114,257,280
"YER063W",78,299,218,231,176,244,177,116,150,125,292,111
"YER064C",221,238,193,199,170,596,199,169,229,257,453,255
"YER065C",63,243,152,108,119,162,197,74,107,110,199,150
"YER066C-A",30,44,18,9,19,21,28,40,55,38,52,39
"YER066W",18,50,30,40,24,26,36,25,28,31,58,40
"YER067C-A",4,8,4,4,3,0,2,7,8,4,17,26
"YER067W",0,0,0,0,0,0,0,0,0,0,1,0
"YER068C-A",0,0,2,0,0,6,0,0,0,0,0,0
"YER068W",90,203,128,139,126,754,151,115,95,145,273,120
"YER069W",68,99,99,100,89,38,65,33,46,49,79,66
"YER070W",112,127,90,98,88,87,82,128,107,200,301,123
"YER071C",15,33,26,21,20,23,24,18,27,17,36,16
"YER072W",439,335,255,254,247,346,260,395,428,492,813,685
"YER073W",581,524,519,530,386,421,353,359,488,363,909,794
"YER074W",827,1409,1250,1087,1053,117,1222,919,849,1348,2106,1487
"YER074W-A",32,129,73,71,93,130,71,71,55,57,109,49
"YER075C",19,41,26,17,27,49,23,33,28,47,98,36
"YER076C",38,49,40,54,49,37,51,34,34,40,57,64
"YER076W-A",2,6,5,0,3,9,6,5,3,3,5,1
"YER077C",24,72,49,52,59,161,43,36,51,68,127,67
"YER078C",47,156,112,91,86,111,84,60,58,92,158,82
"YER078W-A",0,3,1,0,2,9,0,1,2,0,2,1
"YER079C-A",0,0,0,0,0,0,0,0,0,1,0,0
"YER079W",44,200,160,130,121,521,135,75,74,62,141,103
"YER080W",70,263,203,193,172,376,122,108,131,136,269,159
"YER081W",91,1597,1486,1418,1265,1073,1190,101,100,153,266,156
"YER082C",57,68,50,52,47,81,47,97,40,119,235,69
"YER083C",100,233,219,168,174,383,168,106,99,130,214,156
"YER084W",0,23,9,7,6,45,11,1,2,2,5,6
"YER084W-A",1,1,0,0,2,0,0,0,1,1,3,0
"YER085C",0,0,0,0,0,0,0,0,0,0,0,0
"YER086W",266,461,397,344,285,306,352,258,256,405,715,410
"YER087C-A",1,5,6,2,1,5,6,3,3,1,4,0
"YER087C-B",61,142,130,121,123,112,114,119,99,142,207,107
"YER087W",13,42,35,21,21,44,14,20,15,25,45,35
"YER088C",414,985,979,737,717,1584,664,369,390,405,869,764
"YER088C-A",16,10,13,16,16,14,13,6,11,22,31,24
"YER088W-B",0,0,0,0,0,0,0,0,0,0,0,0
"YER089C",208,332,292,267,239,264,252,154,169,202,423,338
"YER090C-A",0,0,0,0,0,0,0,0,0,0,0,0
"YER090W",189,332,317,285,305,172,248,180,165,235,380,299
"YER091C",763,1397,1202,1154,1047,547,1061,192,304,256,540,392
"YER091C-A",0,0,1,0,1,0,0,0,0,0,0,0
"YER092W",57,128,106,96,95,175,81,47,37,59,97,56
"YER093C",49,99,89,104,73,148,73,75,55,84,182,66
"YER093C-A",14,54,37,26,40,46,33,18,23,23,33,28
"YER094C",374,611,590,567,435,341,473,287,343,368,649,582
"YER095W",127,292,257,235,192,119,220,110,119,113,191,207
"YER096W",5,17,7,8,12,21,6,4,2,4,13,6
"YER097W",1,4,1,2,2,2,1,2,0,1,2,0
"YER098W",56,142,110,93,81,176,66,56,48,60,132,73
"YER099C",72,169,100,102,96,92,137,103,89,118,192,179
"YER100W",65,175,119,155,118,339,122,115,100,152,238,93
"YER101C",19,42,34,33,27,35,17,14,29,21,45,35
"YER102W",232,441,346,307,288,143,319,382,361,484,832,465
"YER103W",55,102,68,79,64,96,48,60,60,68,115,74
"YER104W",7,27,20,25,24,31,23,17,14,13,25,25
"YER105C",75,184,156,121,109,157,87,127,137,139,325,150
"YER106W",1,3,2,0,0,0,2,1,1,1,1,0
"YER107C",73,164,144,138,92,108,126,118,110,133,261,154
"YER107W-A",7,6,5,4,4,3,7,10,8,11,14,5
"YER110C",149,281,236,206,184,219,213,308,254,421,857,356
"YER111C",20,97,74,50,52,162,35,38,31,33,80,45
"YER112W",61,213,135,89,124,240,99,113,101,130,224,139
"YER113C",48,114,75,73,66,67,72,67,60,76,138,85
"YER114C",96,190,160,149,116,306,117,91,88,119,249,157
"YER115C",28,68,59,57,44,32,50,46,45,42,93,51
"YER116C",35,78,49,61,58,178,70,36,40,47,85,58
"YER117W",843,1590,1298,1192,1163,686,1179,1089,992,1491,2411,1335
"YER118C",58,177,142,121,122,315,118,82,76,104,201,143
"YER119C",85,237,186,130,154,234,158,66,70,77,182,165
"YER119C-A",1,0,3,3,3,6,3,0,2,3,4,1
"YER120W",227,484,377,389,323,986,286,220,258,262,569,333
"YER121W",14,43,28,12,17,46,18,12,22,15,23,24
"YER122C",166,353,269,257,224,920,237,234,250,305,616,294
"YER123W",29,99,72,64,59,173,65,54,75,89,170,74
"YER124C",99,61,71,42,29,49,41,133,133,141,309,192
"YER125W",235,380,271,308,230,263,212,243,227,255,500,289
"YER126C",70,84,75,84,67,84,80,119,69,181,335,136
"YER127W",20,25,21,32,20,53,25,55,31,58,139,53
"YER128W",9,13,13,10,7,18,14,15,6,7,26,10
"YER129W",76,227,146,153,107,430,120,107,101,144,322,156
"YER130C",52,92,73,59,76,69,59,87,55,101,201,90
"YER131W",835,1215,864,913,809,1557,861,1056,977,1527,2412,1248
"YER132C",35,71,65,70,45,128,46,65,47,81,155,59
"YER133W",163,497,365,359,261,508,264,242,272,317,684,287
"YER133W-A",5,8,7,5,6,4,4,5,6,5,10,3
"YER134C",31,41,21,25,32,35,24,20,22,27,37,44
"YER135C",0,1,1,3,4,1,2,1,0,2,3,1
"YER136W",259,645,475,433,337,999,408,272,285,318,657,387
"YER137C",0,8,4,3,3,11,7,3,4,4,5,4
"YER137C-A",0,0,0,0,0,0,0,0,0,0,0,0
"YER137W-A",0,1,0,0,0,0,1,0,0,0,0,0
"YER138C",0,0,0,0,0,0,0,0,0,0,0,0
"YER138W-A",2,1,0,0,0,1,1,2,4,5,4,1
"YER139C",6,38,28,24,11,42,21,18,15,15,27,10
"YER140W",26,71,69,51,46,77,52,66,30,49,96,48
"YER141W",151,273,235,195,183,161,180,156,175,178,376,255
"YER142C",39,110,73,70,64,78,48,39,59,41,108,41
"YER143W",108,205,168,148,146,341,144,87,129,122,238,165
"YER144C",88,187,184,165,120,385,117,134,117,118,312,146
"YER145C",234,736,652,711,564,396,677,349,291,493,694,505
"YER145C-A",5,5,0,2,3,1,0,2,0,3,3,2
"YER146W",5,25,23,16,25,8,18,6,9,11,25,8
"YER147C",52,103,88,81,67,73,86,53,46,57,109,86
"YER147C-A",4,15,21,14,17,33,5,19,13,18,36,21
"YER148W",46,134,98,80,75,37,76,85,70,94,183,90
"YER148W-A",0,0,0,1,0,0,0,0,2,2,3,0
"YER149C",11,19,14,15,10,16,13,11,10,17,23,14
"YER150W",157,94,77,58,64,269,80,77,85,80,168,142
"YER151C",61,174,112,144,119,550,101,128,98,159,319,158
"YER152C",121,280,256,228,192,123,195,71,92,98,222,196
"YER152W-A",0,0,0,0,0,0,0,0,0,1,0,0
"YER153C",29,36,22,27,23,18,28,13,10,23,38,46
"YER154W",109,228,158,146,150,269,140,114,128,118,280,169
"YER155C",144,351,289,301,225,289,180,180,184,203,528,237
"YER156C",164,252,187,180,140,120,192,219,200,324,590,283
"YER157W",28,94,62,40,58,85,54,55,41,58,113,33
"YER158C",30,96,80,47,59,251,48,58,38,59,107,67
"YER158W-A",1,8,4,2,9,4,2,6,6,3,13,3
"YER159C",84,100,67,58,72,289,60,66,75,77,161,116
"YER159C-A",0,0,0,0,0,0,0,0,0,0,0,0
"YER160C",0,0,0,0,0,0,0,0,0,0,0,0
"YER161C",70,189,140,139,120,643,129,110,106,141,275,97
"YER162C",59,183,142,131,101,205,102,78,81,68,150,82
"YER163C",102,159,150,112,135,142,135,52,92,89,155,128
"YER164W",91,277,198,176,159,575,154,95,103,159,357,154
"YER165C-A",0,1,0,0,0,0,0,0,0,1,0,1
"YER165W",574,948,819,824,664,601,677,678,618,876,1805,959
"YER166W",172,320,281,248,215,429,222,153,172,215,414,277
"YER167W",104,224,160,135,121,392,129,101,110,119,213,162
"YER168C",33,78,68,48,54,29,45,57,57,68,118,59
"YER169W",60,103,74,60,60,264,56,63,63,92,182,77
"YER170W",22,43,40,30,41,58,31,28,24,17,50,30
"YER171W",41,91,69,68,64,83,52,68,61,91,182,68
"YER172C",67,147,115,123,104,145,90,119,103,144,320,135
"YER172C-A",0,0,0,0,0,0,0,0,0,0,0,0
"YER173W",28,48,28,38,46,68,32,27,21,48,85,30
"YER174C",63,96,79,69,49,85,41,57,81,82,99,69
"YER175C",25,47,38,46,49,105,25,24,38,41,65,29
"YER175W-A",0,5,3,2,4,2,2,5,2,1,6,1
"YER176W",95,192,162,157,116,220,129,106,113,120,261,114
"YER177W",1071,2146,1857,1778,1509,2147,1395,990,1199,1145,2463,1776
"YER178W",535,1164,1062,952,755,335,880,500,534,572,1131,883
"YER179W",23,40,31,22,22,119,34,16,27,22,38,21
"YER180C",21,67,37,22,41,92,32,21,44,36,68,40
"YER180C-A",5,13,5,11,6,4,2,8,11,12,20,16
"YER181C",0,0,2,0,2,1,1,2,1,4,0,2
"YER182W",33,65,60,51,48,53,62,48,60,78,103,59
"YER183C",38,85,65,60,46,32,55,42,40,50,107,50
"YER184C",32,41,54,35,29,29,21,23,29,29,53,32
"YER185W",4,11,6,6,6,21,7,2,2,8,11,5
"YER186C",45,101,65,63,52,39,53,60,49,69,122,55
"YER187W",13,48,25,27,32,25,36,15,12,20,38,20
"YER188C-A",2,1,2,1,0,6,1,0,0,3,6,1
"YER188W",20,30,38,23,17,13,30,10,12,26,43,35
"YER189W",0,0,0,0,0,0,0,0,0,0,0,0
"YER190C-A",0,0,0,0,0,0,0,0,0,0,0,0
"YER190C-B",0,0,0,0,0,0,0,0,0,0,0,0
"YER190W",0,0,2,0,0,1,0,0,0,0,0,2
"YFL001W",18,54,41,36,35,71,27,38,38,45,92,36
"YFL002C",25,105,91,89,50,92,54,62,49,98,200,61
"YFL002W-A",0,0,0,0,0,0,0,0,0,0,0,0
"YFL002W-B",0,0,0,0,0,0,0,0,0,0,0,0
"YFL003C",7,15,6,7,8,15,12,4,12,8,17,4
"YFL004W",142,172,172,187,142,145,111,202,191,229,499,222
"YFL005W",197,425,341,359,276,646,348,199,251,300,452,342
"YFL007W",147,259,248,210,209,231,183,176,199,205,469,249
"YFL008W",54,170,126,153,79,201,74,70,54,74,172,61
"YFL009W",61,156,122,120,92,124,89,69,84,99,186,92
"YFL010C",203,316,316,234,264,439,312,134,140,208,323,320
"YFL010W-A",14,38,29,20,29,5,33,22,24,16,51,26
"YFL011W",2,7,5,4,2,5,4,1,2,2,3,3
"YFL012W",1,2,1,1,0,0,1,3,2,4,1,0
"YFL012W-A",0,0,0,0,0,0,1,0,0,0,0,0
"YFL013C",40,72,68,70,43,184,51,35,47,52,101,54
"YFL013W-A",1,3,1,2,1,1,0,0,1,0,2,0
"YFL014W",19,6,6,2,2,1,5,4,12,3,14,14
"YFL015C",0,4,4,0,0,1,2,1,0,0,0,0
"YFL015W-A",0,0,0,0,0,0,0,0,0,0,0,0
"YFL016C",178,249,175,197,174,314,177,142,131,194,372,247
"YFL017C",44,66,72,52,62,62,36,39,32,55,94,52
"YFL017W-A",15,58,38,32,43,31,30,17,28,28,62,34
"YFL018C",424,685,561,545,478,364,415,300,334,359,646,502
"YFL019C",0,5,6,2,1,10,2,0,1,0,2,2
"YFL020C",4,10,8,8,5,23,6,2,1,2,4,3
"YFL021C-A",2,16,5,9,15,33,10,2,1,4,4,4
"YFL021W",61,73,67,45,52,240,62,31,45,37,98,55
"YFL022C",278,389,382,353,303,420,307,270,283,411,775,412
"YFL023W",24,28,23,28,20,66,28,53,38,83,187,43
"YFL024C",66,160,151,92,104,339,95,89,94,105,198,116
"YFL025C",32,74,41,44,50,79,46,36,56,64,107,53
"YFL026W",187,288,224,180,199,340,196,302,257,440,734,412
"YFL027C",34,58,68,38,45,59,43,30,37,43,95,40
"YFL028C",56,126,124,105,107,71,79,49,73,76,139,106
"YFL029C",70,155,123,108,102,235,109,75,80,77,107,97
"YFL030W",21,88,72,44,55,83,51,27,34,18,52,38
"YFL031C-A",12,23,18,23,11,14,7,16,23,27,43,10
"YFL031W",233,369,417,321,292,289,300,212,210,268,531,492
"YFL032W",1,2,3,2,1,1,1,6,4,2,8,4
"YFL033C",80,177,123,111,99,304,125,104,101,136,293,164
"YFL034C-A",42,85,69,48,61,54,52,86,73,116,140,61
"YFL034C-B",26,62,54,54,55,224,49,44,45,54,112,43
"YFL034W",58,172,140,148,128,252,98,85,70,124,222,124
"YFL036W",121,290,188,181,164,192,179,162,180,221,423,226
"YFL037W",466,856,733,623,545,266,699,463,433,554,1029,803
"YFL038C",586,1207,1086,959,923,926,1051,538,528,729,1109,1136
"YFL039C",2048,3890,3876,3346,2939,982,2930,1773,1940,2226,4432,3568
"YFL040W",6,31,23,25,20,47,25,12,11,8,28,10
"YFL041W",102,234,208,187,175,261,186,110,81,103,234,154
"YFL041W-A",6,27,19,13,14,3,13,3,10,8,8,10
"YFL042C",127,311,247,208,189,522,206,109,113,122,228,194
"YFL044C",47,81,78,57,53,41,59,40,49,54,84,79
"YFL045C",295,562,478,485,419,169,383,410,411,528,967,546
"YFL046W",25,84,65,63,59,251,61,31,35,56,82,42
"YFL047W",32,94,68,58,54,183,60,52,45,74,118,53
"YFL048C",91,237,214,198,142,128,188,107,108,129,274,201
"YFL049W",37,173,135,110,103,112,106,71,71,91,189,80
"YFL050C",35,93,75,56,44,107,75,38,53,59,106,53
"YFL051C",14,29,16,9,8,10,9,11,16,13,11,19
"YFL052W",21,33,34,24,20,29,13,26,18,24,52,40
"YFL053W",17,13,14,14,9,25,14,11,17,16,29,39
"YFL054C",56,392,280,213,160,174,233,43,77,51,117,110
"YFL055W",24,35,43,47,36,88,27,17,20,15,34,16
"YFL056C",19,65,61,38,41,26,34,25,25,41,67,37
"YFL058W",0,4,0,0,1,1,1,0,0,0,1,0
"YFL059W",9,13,17,6,11,22,13,4,1,2,9,5
"YFL060C",0,4,3,2,1,3,3,4,1,1,1,1
"YFL061W",2,2,0,1,0,0,1,0,2,2,0,1
"YFL062W",0,1,0,0,1,0,0,1,0,0,1,1
"YFL063W",0,1,0,0,0,1,0,0,0,0,0,0
"YFL064C",0,0,0,0,0,0,0,0,0,0,0,0
"YFL065C",0,2,0,1,0,1,0,0,0,0,0,0
"YFL066C",1,0,5,1,1,0,0,1,0,0,0,0
"YFL067W",0,4,5,1,1,8,4,0,1,0,2,3
"YFL068W",0,0,0,0,0,0,0,0,0,0,0,0
"YFR001W",34,142,97,81,75,164,56,81,73,119,217,73
"YFR002W",68,142,130,106,86,132,92,101,82,105,281,108
"YFR003C",67,186,125,123,86,180,99,65,68,71,117,97
"YFR004W",274,547,477,427,380,400,417,259,292,321,727,470
"YFR005C",32,83,55,45,45,81,23,42,31,50,109,48
"YFR006W",118,264,188,168,150,146,156,113,106,148,287,164
"YFR007W",21,44,31,25,34,57,30,25,32,24,66,33
"YFR008W",17,44,35,23,24,27,17,19,17,22,36,22
"YFR009W",192,345,279,254,219,187,206,213,202,263,532,279
"YFR009W-A",0,0,0,0,0,0,0,0,0,0,0,0
"YFR010W",136,331,286,289,241,393,195,182,205,178,409,207
"YFR010W-A",0,2,1,2,1,1,1,0,1,0,0,1
"YFR011C",22,53,34,31,38,166,43,34,28,36,54,33
"YFR012W",0,5,3,3,2,15,3,1,3,2,1,3
"YFR012W-A",1,1,1,1,1,3,2,0,0,1,0,0
"YFR013W",67,209,163,155,125,502,125,90,91,159,247,122
"YFR014C",158,355,267,220,215,196,203,159,182,166,322,230
"YFR015C",1167,276,245,180,178,151,187,804,1346,900,1839,1933
"YFR016C",91,297,233,293,197,735,141,126,137,172,379,161
"YFR017C",214,286,277,208,210,313,264,132,180,143,298,382
"YFR018C",163,271,244,216,206,174,245,108,109,134,280,182
"YFR019W",56,115,105,108,87,253,84,55,74,66,189,104
"YFR020W",34,124,82,77,60,76,76,43,48,49,107,62
"YFR021W",65,99,92,85,69,111,75,65,65,39,128,95
"YFR022W",32,74,57,53,57,122,53,45,44,55,112,58
"YFR023W",2,4,2,1,1,11,0,2,0,2,2,2
"YFR024C-A",168,489,448,448,290,378,307,191,246,233,434,328
"YFR025C",79,167,135,114,123,105,118,73,73,90,143,95
"YFR026C",4,24,15,10,11,58,13,7,4,6,15,8
"YFR027W",12,62,40,50,39,103,37,12,18,18,39,26
"YFR028C",78,137,113,103,104,274,114,88,68,106,212,117
"YFR029W",50,83,72,80,74,200,69,41,31,49,85,50
"YFR030W",59,225,163,173,129,131,135,47,62,78,136,71
"YFR031C",43,165,130,120,96,257,80,57,63,81,223,100
"YFR031C-A",1157,1704,1467,1352,1207,402,1385,1111,1106,1754,2631,1929
"YFR032C",1,12,4,3,2,10,9,15,7,21,29,5
"YFR032C-A",763,1450,1259,967,1212,373,1223,1065,1057,1490,1801,1342
"YFR032C-B",3,5,5,3,4,10,3,7,3,4,6,2
"YFR033C",181,315,250,328,238,675,235,102,145,117,248,231
"YFR034C",74,89,91,95,99,89,103,36,38,67,111,76
"YFR034W-A",0,0,0,2,0,1,0,0,0,0,1,1
"YFR035C",13,45,32,36,48,6,35,9,9,14,29,20
"YFR036W",11,24,18,17,33,37,27,14,7,26,25,19
"YFR036W-A",1,2,1,2,2,0,0,1,5,3,5,1
"YFR037C",148,231,197,176,165,155,190,147,134,195,354,239
"YFR038W",36,102,89,75,64,204,43,60,46,68,140,53
"YFR039C",44,111,83,85,65,93,61,59,54,59,138,74
"YFR040W",148,375,286,251,207,335,225,195,213,247,535,280
"YFR041C",37,144,134,134,118,85,99,68,84,82,130,70
"YFR042W",16,80,60,48,52,66,52,28,39,32,49,45
"YFR043C",15,55,33,27,17,49,21,19,25,11,41,23
"YFR044C",296,490,455,436,349,149,392,259,288,372,650,481
"YFR045W",30,92,61,40,60,86,74,45,36,55,82,66
"YFR046C",14,74,57,39,54,105,49,29,27,34,73,45
"YFR047C",112,263,276,268,204,165,205,91,129,120,239,189
"YFR048W",30,78,48,57,55,112,53,51,43,69,101,56
"YFR049W",56,135,111,80,102,88,95,47,67,58,100,85
"YFR050C",197,459,359,338,330,321,301,257,280,279,465,371
"YFR051C",276,503,412,350,345,293,394,275,288,356,605,460
"YFR052C-A",30,52,25,19,14,7,14,37,94,44,83,32
"YFR052W",128,355,251,254,229,60,207,128,178,179,314,186
"YFR053C",1497,849,554,416,363,605,592,633,1762,699,1459,2360
"YFR054C",1,6,4,3,3,4,4,1,3,2,2,3
"YFR055W",192,97,65,44,44,51,49,140,193,169,375,270
"YFR056C",2,3,3,3,3,3,0,0,2,2,1,2
"YFR057W",0,0,0,0,0,0,0,0,0,0,0,0
"YGL001C",169,272,252,254,228,104,212,153,174,181,401,241
"YGL002W",37,153,119,87,66,230,81,67,65,77,133,52
"YGL003C",54,179,177,132,99,169,161,83,73,111,164,108
"YGL004C",40,99,89,76,71,206,80,38,34,45,80,54
"YGL005C",33,96,79,57,64,235,48,31,59,49,80,47
"YGL006W",277,504,446,438,360,351,317,213,262,270,588,307
"YGL006W-A",1,0,1,2,0,0,0,0,0,0,1,1
"YGL007C-A",0,1,2,3,0,0,1,0,0,0,1,0
"YGL007W",1,4,3,1,2,5,4,0,2,1,3,2
"YGL008C",2884,3256,2867,3238,2146,530,2448,3223,2429,3895,8418,4589
"YGL009C",361,742,607,599,439,432,504,473,384,590,1203,535
"YGL010W",18,71,49,40,51,44,41,26,26,20,39,38
"YGL011C",255,608,490,440,508,669,366,321,355,359,633,360
"YGL012W",418,808,839,723,620,592,612,423,380,465,945,755
"YGL013C",42,93,82,77,65,167,52,68,39,67,152,63
"YGL014C-A",0,0,0,0,0,0,0,0,0,0,0,0
"YGL014W",122,297,189,189,142,511,185,154,128,194,434,167
"YGL015C",0,4,1,1,1,1,1,0,1,2,1,0
"YGL016W",32,63,40,50,32,37,30,46,41,64,114,51
"YGL017W",53,121,86,65,59,79,81,43,50,49,122,64
"YGL018C",19,50,28,30,46,135,30,29,26,31,43,27
"YGL019W",184,286,275,258,213,379,230,164,174,208,413,294
"YGL020C",79,252,182,168,149,154,156,122,108,152,230,141
"YGL021W",32,119,70,71,47,358,54,36,57,61,112,46
"YGL022W",437,778,739,623,580,646,595,369,358,524,977,692
"YGL023C",193,418,352,317,287,794,350,150,160,222,397,303
"YGL024W",0,6,1,0,0,6,0,0,1,1,4,2
"YGL025C",55,99,90,62,69,295,91,57,52,94,134,85
"YGL026C",446,817,775,755,618,305,630,290,334,443,735,544
"YGL027C",159,380,391,378,299,256,308,145,121,170,401,270
"YGL028C",114,82,77,75,57,132,66,133,144,166,351,219
"YGL029W",24,44,31,49,32,75,26,55,55,100,170,33
"YGL030W",2295,3383,3208,2647,2570,191,2966,2515,2246,3416,5753,3716
"YGL031C",568,1301,885,1072,835,185,637,932,960,1085,2345,910
"YGL032C",11,38,35,31,20,172,28,19,34,33,32,19
"YGL033W",0,3,0,3,0,3,1,0,1,2,1,1
"YGL034C",0,6,7,3,3,7,5,3,0,2,1,0
"YGL035C",152,584,452,313,322,1745,407,170,193,182,350,247
"YGL036W",112,349,248,200,177,1129,177,104,153,150,263,196
"YGL037C",1151,1803,1633,1251,1423,2618,1226,999,1316,1084,1914,1726
"YGL038C",88,216,181,170,158,357,138,145,113,141,276,155
"YGL039W",63,173,100,108,101,76,83,97,108,130,218,118
"YGL040C",183,338,237,208,181,127,199,196,205,267,445,365
"YGL041C",0,0,0,0,0,0,0,0,0,0,0,0
"YGL041C-B",0,4,0,0,0,2,0,1,0,1,1,0
"YGL041W-A",5,17,14,16,9,13,9,8,11,11,25,11
"YGL042C",12,18,26,18,17,60,17,11,22,12,41,17
"YGL043W",60,91,95,83,73,146,87,56,54,92,150,98
"YGL044C",46,97,75,86,62,347,67,59,65,88,179,93
"YGL045W",38,62,73,73,55,161,64,32,38,41,74,49
"YGL047W",39,116,85,91,92,93,86,29,58,41,74,58
"YGL048C",306,600,501,556,441,314,379,330,374,358,739,462
"YGL049C",155,376,294,293,216,573,201,176,154,182,487,256
"YGL050W",16,77,50,52,34,103,46,45,29,57,90,62
"YGL051W",3,16,11,6,6,17,8,6,1,7,11,7
"YGL052W",6,17,12,10,11,66,12,11,8,8,16,4
"YGL053W",18,57,51,45,51,32,29,19,23,29,39,26
"YGL054C",80,222,175,132,130,114,116,133,87,148,289,130
"YGL055W",868,1737,1342,1266,1022,503,1313,1554,1371,1876,3741,2071
"YGL056C",81,218,137,103,103,665,145,99,102,125,288,114
"YGL057C",9,31,22,17,14,29,18,13,12,24,36,16
"YGL058W",54,105,79,84,67,154,75,51,66,73,117,80
"YGL059W",36,72,65,64,55,78,45,39,44,28,89,53
"YGL060W",28,58,50,45,38,64,29,44,35,32,79,44
"YGL061C",14,36,29,26,24,61,27,21,13,29,42,27
"YGL062W",187,613,411,416,288,508,428,138,191,156,355,334
"YGL063C-A",0,0,0,0,0,0,0,0,0,0,0,0
"YGL063W",33,59,63,34,41,53,33,32,35,32,81,62
"YGL064C",11,40,13,23,19,74,16,24,28,33,71,20
"YGL065C",31,96,55,68,51,48,56,50,39,58,116,43
"YGL066W",69,149,115,88,91,252,98,70,63,76,185,80
"YGL067W",44,90,77,58,78,51,64,48,55,75,146,79
"YGL068W",21,37,33,25,22,6,23,36,37,29,77,28
"YGL069C",0,0,0,0,0,0,0,0,0,1,0,0
"YGL070C",37,84,42,42,57,142,60,51,46,93,116,66
"YGL071W",65,127,123,98,83,433,91,59,55,81,161,90
"YGL072C",0,1,0,0,0,1,0,0,0,0,3,1
"YGL073W",81,250,188,156,149,639,172,99,108,114,244,144
"YGL074C",2,1,5,2,3,5,1,1,0,4,6,1
"YGL075C",11,53,29,22,19,36,22,13,17,18,41,26
"YGL076C",693,1353,1147,960,1015,278,1058,1058,907,1454,2050,1137
"YGL077C",180,352,217,192,216,131,273,205,171,303,548,248
"YGL078C",119,165,109,128,117,182,106,210,133,333,664,232
"YGL079W",15,32,49,40,31,31,32,24,29,30,51,23
"YGL080W",38,187,105,97,75,306,82,71,95,75,178,72
"YGL081W",7,24,23,14,13,25,15,3,10,9,16,7
"YGL082W",85,242,169,141,137,402,158,108,100,135,252,149
"YGL083W",33,103,78,64,62,119,47,72,58,67,150,71
"YGL084C",66,187,126,147,114,327,98,75,78,102,174,101
"YGL085W",15,61,38,38,42,36,27,26,34,30,61,35
"YGL086W",54,131,88,101,92,146,62,85,83,105,227,74
"YGL087C",42,115,93,89,83,184,47,38,47,35,90,54
"YGL088W",0,1,0,0,1,0,0,0,0,1,0,0
"YGL089C",9,28,11,23,13,14,19,17,10,13,27,16
"YGL090W",13,62,42,56,42,72,33,20,30,31,59,22
"YGL091C",34,76,67,78,62,113,67,47,44,49,93,62
"YGL092W",82,210,137,139,102,380,121,147,129,192,362,151
"YGL093W",54,131,134,114,80,131,80,70,64,68,191,85
"YGL094C",71,136,120,110,70,196,96,82,86,93,205,94
"YGL095C",65,166,114,105,107,286,103,81,85,95,186,99
"YGL096W",20,34,16,23,18,29,10,22,38,29,61,26
"YGL097W",126,244,231,192,197,160,181,141,130,209,358,229
"YGL098W",34,92,65,73,51,248,49,45,45,41,76,52
"YGL099W",69,122,107,107,85,129,81,111,84,169,367,134
"YGL100W",95,189,166,113,103,297,133,92,90,101,188,131
"YGL101W",28,59,39,33,33,48,42,45,39,64,97,54
"YGL102C",3,11,5,3,5,1,2,5,4,5,13,3
"YGL103W",56,77,84,44,66,24,120,71,74,118,112,93
"YGL104C",27,85,72,59,57,58,51,32,50,40,64,46
"YGL105W",467,913,848,770,636,780,620,513,496,709,1394,701
"YGL106W",217,438,348,341,290,326,372,191,196,292,444,360
"YGL107C",41,103,76,63,55,104,68,63,52,74,133,69
"YGL108C",10,23,20,14,17,76,11,12,11,15,17,13
"YGL109W",3,3,6,8,7,2,0,1,3,2,8,1
"YGL110C",44,135,87,102,81,191,61,58,63,72,169,62
"YGL111W",44,88,78,83,45,141,57,94,49,111,230,96
"YGL112C",47,123,94,79,100,184,76,88,84,104,213,100
"YGL113W",9,56,43,36,36,163,19,31,20,39,79,18
"YGL114W",69,176,145,119,98,140,94,76,79,101,193,106
"YGL115W",103,191,156,119,109,127,124,100,97,159,212,167
"YGL116W",48,113,73,59,77,168,68,55,38,56,101,54
"YGL117W",72,117,101,81,79,70,86,35,62,38,81,81
"YGL118C",2,2,4,1,4,5,3,0,3,0,3,2
"YGL119W",35,64,45,54,43,75,51,44,53,61,101,40
"YGL120C",138,144,109,105,86,114,92,209,150,290,492,219
"YGL121C",14,18,14,6,13,22,8,10,13,7,19,12
"YGL122C",230,497,306,250,262,815,347,253,291,336,659,461
"YGL123C-A",0,0,0,0,0,0,0,0,0,0,0,0
"YGL123W",2217,3105,2931,2666,2318,337,2356,2254,2202,2989,5720,3700
"YGL124C",30,104,82,53,54,94,52,41,51,61,85,55
"YGL125W",102,169,139,141,128,283,141,54,86,72,105,128
"YGL126W",240,390,395,349,375,113,442,125,147,219,308,385
"YGL127C",28,108,52,41,71,405,67,35,40,32,64,49
"YGL128C",19,44,32,26,35,187,27,18,25,33,40,26
"YGL129C",38,104,74,67,63,216,74,78,64,62,130,66
"YGL130W",44,114,118,86,83,287,95,60,77,93,159,75
"YGL131C",41,45,36,32,36,47,35,49,28,42,98,64
"YGL132W",0,3,0,1,1,0,0,0,0,2,7,0
"YGL133W",58,133,94,106,81,226,72,76,76,81,217,84
"YGL134W",32,61,64,52,37,99,47,44,46,51,107,48
"YGL135W",394,731,598,535,511,60,611,614,492,804,1298,757
"YGL136C",17,47,44,38,30,133,26,26,21,27,61,27
"YGL137W",295,563,480,500,324,500,338,289,254,317,731,422
"YGL138C",0,2,0,0,1,4,1,0,0,0,3,1
"YGL139W",92,167,113,111,79,270,103,84,68,105,221,101
"YGL140C",92,193,150,187,108,357,95,86,96,117,322,127
"YGL141W",46,96,78,94,75,292,41,50,67,61,138,60
"YGL142C",36,95,59,60,60,87,59,49,56,55,100,45
"YGL143C",33,60,59,64,44,53,43,35,36,46,97,66
"YGL144C",16,66,27,43,37,19,35,43,25,48,92,31
"YGL145W",20,64,43,43,39,104,32,34,39,54,116,41
"YGL146C",9,45,31,29,29,17,26,7,6,9,16,25
"YGL147C",1317,1773,1659,1416,1288,115,1678,1396,1266,2201,3207,2603
"YGL148W",600,835,753,673,596,428,743,486,441,722,1193,917
"YGL149W",5,4,0,2,1,5,2,0,1,1,2,1
"YGL150C",167,255,259,250,167,275,164,140,145,183,377,279
"YGL151W",75,157,106,124,87,407,95,92,83,117,290,109
"YGL152C",0,0,0,0,0,1,0,0,0,0,0,0
"YGL153W",16,48,19,27,15,75,16,10,13,18,30,15
"YGL154C",18,69,60,40,50,42,46,29,32,42,68,31
"YGL155W",46,84,83,48,56,100,54,40,63,66,130,78
"YGL156W",44,132,151,122,95,104,74,23,48,38,80,43
"YGL157W",125,219,165,166,163,297,147,169,180,175,369,200
"YGL158W",29,122,74,52,50,113,93,38,41,44,58,71
"YGL159W",19,59,43,35,28,26,47,29,37,48,89,40
"YGL160W",47,138,121,79,73,274,71,58,60,60,121,74
"YGL161C",148,339,298,263,264,341,277,147,178,163,272,254
"YGL162W",63,60,44,39,44,94,58,78,88,115,203,139
"YGL163C",42,151,121,127,86,160,91,57,45,69,160,77
"YGL164C",52,152,115,102,93,242,89,59,59,104,175,111
"YGL165C",2,12,9,7,6,3,3,4,3,7,10,5
"YGL166W",32,46,37,45,37,29,41,21,14,32,27,33
"YGL167C",207,447,354,362,317,604,269,217,221,208,502,266
"YGL168W",12,59,53,53,48,184,30,20,30,20,54,26
"YGL169W",29,65,37,30,29,36,41,69,57,81,150,51
"YGL170C",1,3,1,0,3,4,2,2,1,4,12,0
"YGL171W",23,23,17,24,12,18,20,45,29,77,156,46
"YGL172W",92,247,184,188,139,294,147,119,113,132,270,183
"YGL173C",323,557,528,494,367,728,355,317,319,389,914,466
"YGL174W",13,53,38,40,30,56,27,7,20,30,56,23
"YGL175C",4,10,9,7,4,14,5,6,3,9,14,7
"YGL176C",17,78,41,39,51,48,53,35,34,46,90,52
"YGL177W",1,4,3,3,0,8,1,0,3,3,4,2
"YGL178W",34,140,79,72,69,357,75,93,65,106,208,84
"YGL179C",45,66,52,51,58,142,60,58,59,103,152,62
"YGL180W",39,78,72,71,49,169,59,31,27,39,80,51
"YGL181W",190,427,293,272,252,813,263,131,173,170,317,279
"YGL182C",0,1,3,0,3,4,0,0,2,0,3,0
"YGL183C",0,4,5,4,4,6,0,0,1,2,2,1
"YGL184C",31,39,27,16,42,17,22,7,11,7,18,9
"YGL185C",22,83,80,51,50,94,55,24,24,24,74,43
"YGL186C",182,170,126,140,139,86,118,126,118,159,279,202
"YGL187C",56,145,92,86,91,62,94,57,87,68,131,97
"YGL188C",3,10,8,6,7,0,2,3,7,3,6,7
"YGL188C-A",0,7,4,2,5,2,2,4,0,1,7,1
"YGL189C",993,2585,1762,1578,1909,956,1792,1564,1579,2223,2708,1517
"YGL190C",125,280,214,178,203,810,180,176,169,200,378,194
"YGL191W",89,217,160,145,156,176,162,78,99,101,192,113
"YGL192W",0,0,0,0,0,0,0,0,0,0,0,0
"YGL193C",0,0,0,0,0,0,0,0,0,0,0,0
"YGL194C",19,31,50,24,26,55,21,16,23,16,59,29
"YGL194C-A",5,11,8,5,6,17,10,6,6,9,11,6
"YGL195W",403,557,526,518,401,866,469,362,365,538,1086,588
"YGL196W",102,144,134,92,104,77,98,91,90,93,252,141
"YGL197W",129,248,190,187,150,399,144,111,122,131,327,196
"YGL198W",59,126,116,111,89,30,104,36,59,74,94,105
"YGL199C",0,0,0,0,0,0,0,0,0,0,0,0
"YGL200C",308,656,603,516,581,359,551,338,343,384,658,545
"YGL201C",59,177,165,146,112,316,100,84,93,107,258,135
"YGL202W",423,661,608,550,566,694,492,341,394,471,886,558
"YGL203C",119,269,207,222,197,615,166,124,123,170,367,214
"YGL204C",6,8,6,4,6,14,10,4,9,13,12,6
"YGL205W",11,37,18,18,19,34,27,19,23,21,33,28
"YGL206C",184,402,299,295,251,216,198,224,265,238,572,306
"YGL207W",179,434,339,438,298,532,249,230,225,264,625,277
"YGL208W",48,138,106,88,92,322,131,57,50,48,99,82
"YGL209W",174,448,284,229,217,1156,257,291,236,357,592,379
"YGL210W",52,112,79,91,81,163,101,51,51,86,118,89
"YGL211W",55,112,101,85,90,76,94,72,64,117,189,120
"YGL212W",23,45,41,27,24,51,35,17,8,32,42,32
"YGL213C",50,77,64,47,55,154,50,40,44,52,94,59
"YGL214W",1,0,1,0,0,1,0,0,0,0,2,1
"YGL215W",115,251,197,164,132,850,148,171,133,198,413,193
"YGL216W",44,95,75,76,57,226,58,50,40,53,98,65
"YGL217C",0,1,0,0,0,0,0,0,0,0,1,1
"YGL218W",0,0,0,0,0,0,0,0,0,0,0,0
"YGL219C",59,145,116,81,90,498,108,50,82,94,123,92
"YGL220W",84,150,153,134,130,210,133,109,98,137,179,137
"YGL221C",143,219,199,180,149,415,153,99,122,156,250,223
"YGL222C",17,42,45,18,20,120,19,20,22,8,50,15
"YGL223C",26,77,72,52,56,117,51,50,42,43,92,44
"YGL224C",51,96,67,55,56,55,50,46,89,60,106,93
"YGL225W",204,395,318,290,267,77,291,314,217,360,722,327
"YGL226C-A",44,131,111,78,114,435,102,73,76,87,134,74
"YGL226W",21,65,44,39,38,49,59,20,37,37,53,47
"YGL227W",108,270,222,244,180,183,158,94,129,111,231,158
"YGL228W",189,443,313,326,259,915,282,165,181,247,450,316
"YGL229C",26,81,42,36,33,56,34,27,35,32,66,46
"YGL230C",3,4,4,1,3,2,3,1,3,0,6,1
"YGL231C",122,254,165,119,170,304,181,120,157,161,289,168
"YGL232W",33,87,70,68,61,43,58,66,49,74,145,67
"YGL233W",45,150,112,100,95,176,85,79,94,97,198,81
"YGL234W",711,395,432,442,360,291,363,437,399,608,1091,635
"YGL235W",0,0,0,0,0,0,0,0,1,0,0,0
"YGL236C",47,46,44,39,47,61,38,28,30,46,77,75
"YGL237C",49,143,68,78,86,147,79,45,41,50,93,58
"YGL238W",91,205,161,148,140,48,141,140,118,195,398,122
"YGL239C",1,0,0,0,1,0,0,0,0,2,3,0
"YGL240W",9,8,10,7,4,10,7,4,5,7,22,11
"YGL241W",47,87,54,63,53,91,42,44,36,54,104,62
"YGL242C",67,94,93,58,63,115,58,38,69,65,125,88
"YGL243W",14,46,33,34,33,50,28,33,32,37,62,28
"YGL244W",121,310,238,285,166,694,183,179,178,189,456,200
"YGL245W",750,1396,1311,1266,926,376,1039,643,641,980,1932,1137
"YGL246C",32,84,66,79,57,54,69,72,57,96,186,61
"YGL247W",17,39,33,23,27,60,33,31,30,30,62,23
"YGL248W",71,200,132,88,112,210,88,74,87,79,181,124
"YGL249W",0,2,0,0,0,2,0,1,0,1,3,1
"YGL250W",31,70,61,54,50,37,55,30,40,32,81,54
"YGL251C",18,40,32,29,19,86,21,24,27,42,80,38
"YGL252C",145,483,314,305,283,283,301,162,177,212,420,231
"YGL253W",2577,4983,4167,3793,2839,3648,3832,2606,3067,3387,6508,4721
"YGL254W",17,45,46,32,14,100,32,21,20,28,40,39
"YGL255W",154,105,80,66,74,34,86,130,153,224,390,196
"YGL256W",72,108,90,83,67,113,87,73,83,110,195,118
"YGL257C",45,122,83,84,63,94,68,62,78,80,160,80
"YGL258W",2,7,8,3,4,6,5,4,2,2,12,6
"YGL258W-A",7,12,5,7,5,2,8,2,3,2,2,6
"YGL259W",6,11,3,4,8,6,7,4,2,3,11,2
"YGL260W",0,0,0,0,0,0,0,0,0,0,1,0
"YGL261C",1,0,4,0,1,1,1,0,0,0,0,1
"YGL262W",1,4,2,0,2,6,3,0,0,0,4,0
"YGL263W",7,19,17,17,19,13,9,10,11,7,24,14
"YGR001C",45,86,67,54,47,163,42,65,69,87,111,59
"YGR002C",24,69,59,47,43,88,38,43,49,48,110,37
"YGR003W",13,44,24,26,31,33,27,10,14,25,52,24
"YGR004W",25,56,43,36,38,51,41,43,29,57,75,38
"YGR005C",116,240,222,186,193,549,162,144,149,182,362,167
"YGR006W",8,32,30,22,23,33,20,20,20,20,39,16
"YGR007W",100,253,216,216,175,313,199,133,119,154,265,169
"YGR008C",456,412,290,268,285,186,237,354,619,389,736,730
"YGR009C",104,321,257,315,200,588,216,127,149,176,356,200
"YGR010W",44,74,71,59,55,93,52,33,44,54,82,62
"YGR011W",1,14,18,8,5,10,5,7,3,4,8,5
"YGR012W",50,110,116,75,69,150,103,75,65,77,158,85
"YGR013W",66,156,115,112,95,212,93,44,73,79,187,81
"YGR014W",140,286,199,141,149,700,182,171,174,206,421,244
"YGR015C",16,47,33,39,19,76,23,29,27,30,55,23
"YGR016W",9,18,10,23,8,13,14,6,10,9,5,7
"YGR017W",71,101,89,60,64,324,78,72,82,97,188,101
"YGR018C",3,7,1,5,6,4,1,7,5,8,6,10
"YGR019W",173,311,263,236,199,232,255,102,177,151,229,239
"YGR020C",205,506,415,298,338,358,311,241,250,306,524,319
"YGR021W",64,164,91,98,85,275,116,100,87,93,158,145
"YGR022C",0,0,1,0,0,0,1,0,0,0,3,0
"YGR023W",61,192,136,111,82,642,156,81,81,86,156,170
"YGR024C",57,156,98,92,112,74,100,77,89,79,160,80
"YGR025W",1,16,4,8,2,0,2,2,6,10,12,3
"YGR026W",124,322,237,228,207,172,154,152,174,143,365,193
"YGR027C",1095,2572,2143,1874,1898,2013,1852,1643,1558,2221,3351,1888
"YGR027W-A",0,0,0,0,0,0,0,0,0,0,0,0
"YGR027W-B",1,0,0,0,0,0,0,0,0,0,0,0
"YGR028W",59,124,97,99,81,36,67,41,61,54,97,81
"YGR029W",49,124,124,86,94,66,100,51,44,64,106,87
"YGR030C",6,40,37,24,29,26,28,23,20,31,46,18
"YGR031C-A",0,0,0,0,0,0,0,0,0,0,0,0
"YGR031W",56,112,108,90,73,89,88,36,37,43,99,83
"YGR032W",321,314,247,203,210,199,225,203,218,204,457,276
"YGR033C",45,189,111,117,83,210,97,73,88,99,168,93
"YGR034W",855,1589,1523,1199,1237,378,1386,1156,1068,1702,2361,1699
"YGR035C",43,13,6,3,6,8,5,111,81,146,236,79
"YGR035W-A",11,24,11,19,8,33,8,16,12,18,40,11
"YGR036C",23,60,43,37,26,95,49,59,56,54,94,39
"YGR037C",196,690,466,444,398,276,349,334,368,425,725,375
"YGR038C-A",0,0,0,0,0,0,0,0,0,0,0,0
"YGR038C-B",0,0,0,0,0,0,0,0,0,0,0,0
"YGR038W",52,73,79,57,54,47,68,38,33,43,113,56
"YGR039W",0,6,2,0,2,6,2,2,2,1,4,3
"YGR040W",23,55,60,55,42,89,45,33,39,40,94,52
"YGR041W",56,115,97,80,74,86,79,60,63,87,183,89
"YGR042W",37,109,99,59,78,338,80,50,46,78,108,56
"YGR043C",15,57,40,42,32,64,42,16,22,17,27,24
"YGR044C",74,62,68,33,38,92,64,71,88,61,155,120
"YGR045C",2,8,4,5,5,6,5,4,2,3,6,3
"YGR046W",35,125,88,74,55,369,65,66,61,67,134,39
"YGR047C",30,96,67,74,48,112,48,34,36,48,95,31
"YGR048W",73,213,158,158,133,124,120,80,122,103,199,103
"YGR049W",32,101,84,66,74,193,61,66,52,91,114,68
"YGR050C",5,44,35,38,52,48,33,11,14,16,19,17
"YGR051C",3,83,60,60,55,64,75,8,11,13,17,10
"YGR052W",15,44,31,31,38,31,27,24,18,30,55,35
"YGR053C",6,42,15,19,14,27,34,16,8,13,25,22
"YGR054W",126,224,177,178,125,430,120,174,149,246,472,189
"YGR055W",260,232,214,197,200,155,152,128,163,175,322,170
"YGR056W",47,156,102,98,92,378,68,71,76,90,180,62
"YGR057C",15,40,32,27,21,12,14,23,34,24,51,21
"YGR058W",14,52,32,28,18,94,38,27,28,26,58,23
"YGR059W",1,7,9,3,4,10,7,2,3,3,6,1
"YGR060W",335,568,624,503,489,413,490,440,348,571,1004,667
"YGR061C",652,539,509,524,424,236,395,405,430,548,1131,721
"YGR062C",15,63,60,59,45,31,45,39,25,37,93,46
"YGR063C",26,42,32,50,35,46,53,34,32,35,44,51
"YGR064W",0,1,0,2,1,0,0,3,1,0,1,0
"YGR065C",58,91,72,68,56,58,62,50,44,73,101,69
"YGR066C",3,27,11,12,9,20,19,12,20,11,22,18
"YGR067C",11,65,60,30,42,136,55,6,16,12,22,14
"YGR068C",40,94,66,61,51,155,63,48,31,61,114,57
"YGR068W-A",0,0,0,0,0,0,0,0,0,0,0,0
"YGR069W",0,6,4,0,2,0,2,1,7,0,1,1
"YGR070W",83,152,121,116,80,165,71,88,96,93,215,111
"YGR071C",39,73,44,47,38,80,39,45,40,68,116,40
"YGR072W",25,121,63,84,54,140,61,58,62,91,169,56
"YGR073C",0,0,0,0,0,0,0,0,0,0,0,0
"YGR074W",6,21,25,15,12,9,18,15,11,15,19,9
"YGR075C",17,38,36,28,29,22,30,36,32,31,44,28
"YGR076C",15,47,37,40,28,33,24,20,38,28,50,31
"YGR077C",48,115,84,71,66,131,89,52,56,73,135,55
"YGR078C",49,73,67,63,51,71,57,57,52,73,135,55
"YGR079W",10,4,10,7,13,17,7,19,4,33,41,3
"YGR080W",77,135,111,100,112,232,88,70,72,88,131,104
"YGR081C",14,29,24,32,23,45,20,27,26,36,60,25
"YGR082W",103,176,102,102,91,117,113,120,161,141,290,114
"YGR083C",60,140,128,133,91,233,76,121,83,149,363,131
"YGR084C",28,72,58,54,68,171,60,55,53,70,118,67
"YGR085C",210,375,341,292,252,123,218,281,268,382,574,372
"YGR086C",874,2075,1914,1870,1394,1858,1420,804,908,949,1872,1434
"YGR087C",3,53,38,28,21,31,29,0,2,7,11,7
"YGR088W",45,83,65,70,43,60,59,62,71,56,106,79
"YGR089W",40,158,108,108,74,190,72,91,87,105,216,64
"YGR090W",61,133,116,98,101,246,84,174,112,195,373,137
"YGR091W",18,46,35,40,35,39,32,22,21,40,61,26
"YGR092W",62,133,92,81,77,180,89,64,83,85,156,92
"YGR093W",30,76,69,59,46,72,55,49,43,58,126,64
"YGR094W",663,1248,1090,1002,796,470,875,758,728,1098,1931,1096
"YGR095C",42,119,86,76,75,125,75,96,83,122,216,105
"YGR096W",23,113,74,79,62,79,72,24,23,27,38,36
"YGR097W",240,562,411,328,340,1461,409,203,308,254,490,375
"YGR098C",20,48,42,39,28,71,27,37,38,51,106,45
"YGR099W",20,55,59,37,39,35,30,37,40,38,79,35
"YGR100W",89,226,219,200,151,254,145,110,123,128,269,146
"YGR101W",32,108,79,75,56,90,50,47,57,53,110,55
"YGR102C",21,56,37,40,49,89,41,34,38,46,73,49
"YGR103W",189,331,303,328,199,221,209,341,272,495,1077,476
"YGR104C",7,54,30,33,38,163,56,34,39,49,66,33
"YGR105W",57,143,89,75,92,69,92,88,88,106,157,121
"YGR106C",221,492,354,366,296,162,323,283,317,354,642,331
"YGR107W",1,10,7,5,6,1,4,2,1,2,1,3
"YGR108W",28,53,38,30,33,28,31,77,51,90,159,66
"YGR109C",2,8,4,7,4,8,3,4,5,2,10,1
"YGR109W-A",0,0,0,0,0,0,0,0,0,0,0,0
"YGR109W-B",14,29,29,37,20,164,21,15,6,25,38,23
"YGR110W",3,45,45,52,32,32,25,11,10,14,21,7
"YGR111W",33,102,67,63,63,66,61,35,39,35,96,64
"YGR112W",34,60,56,61,58,40,61,38,52,46,86,76
"YGR113W",34,91,50,60,51,226,68,45,47,55,135,57
"YGR114C",0,0,0,0,0,0,0,0,0,0,0,0
"YGR115C",0,0,0,0,0,0,0,0,0,0,0,0
"YGR116W",153,380,277,267,228,231,226,220,192,245,532,238
"YGR117C",40,104,85,53,66,164,66,67,50,65,157,80
"YGR118W",836,1476,1373,1283,1058,447,1127,1002,939,1395,2278,1441
"YGR119C",89,221,167,178,128,474,113,124,144,166,327,173
"YGR120C",22,45,32,26,25,27,26,23,11,37,41,17
"YGR121C",79,137,129,115,102,380,91,50,64,74,143,82
"YGR121W-A",0,4,3,3,3,4,2,2,1,3,6,2
"YGR122C-A",1,3,3,1,3,2,3,2,3,2,5,1
"YGR122W",26,101,71,59,46,78,46,44,47,62,116,49
"YGR123C",43,53,37,29,37,31,37,70,59,117,229,59
"YGR124W",895,1356,1355,1249,972,562,1077,714,780,926,1808,1487
"YGR125W",73,174,145,137,111,280,109,86,78,120,252,100
"YGR126W",9,5,5,6,3,6,6,7,10,4,10,9
"YGR127W",29,101,77,57,61,61,56,38,64,48,106,55
"YGR128C",29,50,33,26,22,54,22,69,47,103,201,65
"YGR129W",9,33,22,18,20,71,11,21,18,24,61,23
"YGR130C",364,857,614,598,461,903,518,387,450,377,949,603
"YGR131W",19,35,25,15,8,16,16,27,39,33,59,29
"YGR132C",213,381,264,253,216,476,256,206,229,255,436,297
"YGR133W",14,46,40,45,33,94,35,30,22,28,39,26
"YGR134W",62,135,103,97,87,86,83,56,53,85,156,92
"YGR135W",313,686,582,512,523,265,498,299,391,424,724,542
"YGR136W",58,167,139,143,119,953,112,96,122,88,188,106
"YGR137W",24,45,43,46,47,19,30,22,27,30,56,22
"YGR138C",76,36,32,34,27,46,34,43,32,40,150,52
"YGR139W",1,2,1,0,1,7,2,2,1,2,5,0
"YGR140W",21,56,44,37,26,84,26,30,28,37,89,28
"YGR141W",69,164,136,116,101,152,97,75,84,69,140,126
"YGR142W",17,49,30,42,44,46,29,26,27,43,118,17
"YGR143W",130,252,178,174,129,326,168,140,141,165,370,228
"YGR144W",4,29,17,23,22,9,27,7,5,10,17,12
"YGR145W",77,115,102,78,59,107,75,109,76,147,372,122
"YGR146C",68,223,124,109,103,573,163,93,87,144,243,123
"YGR146C-A",0,1,1,1,3,10,0,2,2,0,6,2
"YGR147C",93,162,154,140,110,129,150,119,98,180,257,193
"YGR148C",418,962,631,793,551,847,401,709,672,857,1749,623
"YGR149W",48,78,59,74,51,128,49,53,66,61,104,67
"YGR150C",34,69,51,64,53,90,54,66,75,81,136,54
"YGR151C",0,0,0,1,0,1,0,0,2,1,1,0
"YGR152C",20,82,63,49,44,98,34,24,30,48,81,43
"YGR153W",5,57,36,33,27,69,23,7,6,12,20,12
"YGR154C",12,43,27,30,25,32,17,21,24,31,37,20
"YGR155W",542,657,542,530,429,313,453,744,665,911,1839,979
"YGR156W",37,80,76,50,56,337,60,53,50,56,116,55
"YGR157W",152,156,143,149,120,117,105,176,180,183,443,205
"YGR158C",32,39,48,23,32,52,44,55,55,92,138,81
"YGR159C",504,476,375,349,313,253,475,638,535,1068,1787,1031
"YGR160W",1,0,0,0,0,3,0,0,0,1,1,0
"YGR161C",261,903,602,408,445,2505,689,266,284,315,640,462
"YGR161C-C",0,0,0,0,0,0,0,0,0,0,0,0
"YGR161C-D",0,0,0,1,1,0,1,0,0,4,0,2
"YGR161W-A",0,0,0,0,0,0,0,0,0,0,0,0
"YGR161W-B",1,0,0,0,0,0,0,0,0,0,0,0
"YGR161W-C",49,175,132,99,104,142,143,45,37,44,70,79
"YGR162W",239,355,304,299,212,431,269,350,263,519,1066,470
"YGR163W",55,139,110,99,97,198,80,55,67,86,166,74
"YGR164W",1,2,1,1,5,5,1,1,0,2,1,0
"YGR165W",44,88,77,55,49,185,55,62,46,64,143,58
"YGR166W",46,130,73,67,66,83,78,62,70,99,165,66
"YGR167W",231,502,411,416,346,665,320,241,311,290,583,352
"YGR168C",16,52,32,38,24,19,26,29,46,35,78,26
"YGR169C",17,64,44,34,44,69,43,39,37,51,64,36
"YGR169C-A",37,131,97,106,77,509,57,68,70,100,166,65
"YGR170W",73,177,156,150,93,360,110,90,85,100,215,119
"YGR171C",18,52,35,25,30,43,31,29,28,39,66,42
"YGR172C",32,102,96,82,67,36,64,51,62,77,147,70
"YGR173W",40,65,41,39,33,43,46,55,53,93,167,80
"YGR174C",36,112,90,80,67,332,83,46,55,51,113,54
"YGR174W-A",1,5,1,6,2,1,3,4,3,2,2,3
"YGR175C",249,493,383,368,309,187,356,410,316,491,956,510
"YGR176W",6,3,4,3,4,2,2,4,3,15,7,12
"YGR177C",28,21,13,14,11,24,16,34,33,47,93,37
"YGR178C",226,598,543,519,426,494,387,237,255,323,671,380
"YGR179C",18,70,58,65,45,169,44,38,33,40,81,30
"YGR180C",495,706,607,617,518,455,466,585,679,785,1424,782
"YGR181W",59,92,76,68,68,30,70,49,56,66,116,67
"YGR182C",25,71,60,25,38,19,36,38,49,39,65,32
"YGR183C",48,109,79,54,56,56,58,53,67,58,92,59
"YGR184C",136,308,242,226,202,406,178,141,169,194,414,207
"YGR185C",227,487,352,375,279,524,260,347,321,443,743,418
"YGR186W",188,449,446,400,259,586,282,193,223,245,635,324
"YGR187C",29,57,41,37,41,111,39,69,57,72,204,52
"YGR188C",10,27,16,12,20,58,16,11,10,9,38,13
"YGR189C",579,1740,1495,1266,1178,3740,1219,516,601,561,1205,960
"YGR190C",2,4,2,0,3,8,2,3,4,3,13,2
"YGR191W",111,242,214,211,180,150,155,154,149,195,374,184
"YGR192C",24201,25544,24555,24203,19676,8626,23805,19821,21714,29098,46576,44127
"YGR193C",118,261,212,196,198,694,205,134,148,159,269,173
"YGR194C",46,131,117,102,94,148,58,57,72,52,142,61
"YGR195W",44,106,65,49,60,54,50,60,74,106,161,88
"YGR196C",68,140,133,124,99,177,89,77,79,76,186,105
"YGR197C",31,112,56,52,48,65,69,21,38,43,91,49
"YGR198W",55,174,120,134,85,207,86,105,104,125,280,104
"YGR199W",59,114,102,92,79,62,84,77,58,72,141,80
"YGR200C",58,133,93,86,68,161,61,90,72,133,292,133
"YGR201C",32,43,48,35,37,15,35,30,32,33,41,50
"YGR202C",111,195,120,137,117,171,128,119,109,136,295,124
"YGR203W",41,90,87,81,81,50,80,37,24,35,73,52
"YGR204C-A",6,11,6,7,4,10,7,5,5,5,13,7
"YGR204W",1080,1263,1111,1048,880,1120,914,490,655,643,1347,1224
"YGR205W",62,142,141,119,79,80,91,52,102,63,141,90
"YGR206W",15,34,27,13,21,16,14,21,24,23,29,23
"YGR207C",70,182,155,143,110,54,95,81,93,82,175,75
"YGR208W",109,92,111,100,124,48,93,118,77,140,233,124
"YGR209C",348,682,646,559,635,145,525,375,509,487,750,653
"YGR210C",166,203,231,194,160,222,170,164,143,226,457,229
"YGR211W",80,87,47,62,47,75,62,123,85,175,319,124
"YGR212W",18,25,19,25,21,47,14,20,19,20,32,15
"YGR213C",16,33,24,23,23,41,23,19,12,24,35,12
"YGR214W",1133,1752,1532,1561,1296,1517,1355,1321,1173,1828,3287,2033
"YGR215W",13,61,22,48,25,122,21,35,31,42,65,26
"YGR216C",29,96,76,61,52,123,42,41,44,56,133,49
"YGR217W",36,90,53,63,58,75,65,58,42,62,127,49
"YGR218W",122,331,287,280,224,448,175,254,222,272,546,240
"YGR219W",1,5,1,3,0,0,1,2,1,2,5,0
"YGR220C",25,61,49,43,28,49,47,27,45,40,84,29
"YGR221C",32,97,66,60,48,128,45,35,44,42,97,42
"YGR222W",16,73,53,44,44,48,43,37,34,40,82,26
"YGR223C",64,213,171,140,121,209,125,81,88,97,181,104
"YGR224W",35,90,67,74,42,71,59,30,60,52,98,65
"YGR225W",2,22,9,11,4,17,18,1,6,3,6,8
"YGR226C",0,0,0,0,0,0,0,0,0,0,0,0
"YGR227W",35,98,98,62,54,193,67,48,50,56,101,47
"YGR228W",0,1,1,2,0,0,0,1,1,0,0,0
"YGR229C",102,239,196,181,146,213,179,146,113,193,389,177
"YGR230W",7,59,40,27,34,69,23,11,20,13,29,23
"YGR231C",179,457,347,313,287,653,286,198,263,239,476,329
"YGR232W",57,210,144,123,141,31,123,71,72,73,129,85
"YGR233C",105,81,63,60,41,86,48,103,115,122,263,142
"YGR234W",516,58,53,50,36,46,50,640,565,928,1697,906
"YGR235C",81,198,147,93,122,206,147,69,78,109,152,100
"YGR236C",3,8,8,1,6,13,2,3,1,1,5,2
"YGR237C",85,262,181,202,143,781,154,133,126,142,287,132
"YGR238C",31,81,48,49,38,107,40,37,44,48,86,43
"YGR239C",18,41,39,41,43,31,37,22,12,15,42,16
"YGR240C",1057,2013,1755,1672,1326,1000,1499,1226,1223,1541,2726,1872
"YGR240C-A",4,8,3,5,3,5,9,5,10,5,11,3
"YGR241C",155,328,226,200,175,1143,204,147,149,172,341,195
"YGR242W",3,1,6,2,2,1,5,3,3,3,5,1
"YGR243W",54,256,159,110,113,230,141,102,141,119,199,156
"YGR244C",242,715,558,512,404,981,427,199,246,186,429,357
"YGR245C",129,175,173,165,121,190,117,204,130,324,681,260
"YGR246C",63,182,162,130,117,183,114,59,59,92,161,96
"YGR247W",46,118,117,84,68,86,90,56,41,61,112,97
"YGR248W",65,161,130,103,136,108,106,72,89,78,103,143
"YGR249W",55,111,93,74,63,427,72,95,81,90,214,116
"YGR250C",129,301,232,206,193,245,183,140,155,207,414,258
"YGR251W",17,27,18,17,16,61,22,20,15,27,67,21
"YGR252W",37,135,91,82,77,130,72,54,66,68,164,71
"YGR253C",304,644,556,500,468,163,505,260,312,394,651,566
"YGR254W",4014,6379,5540,5497,4522,824,4971,2680,3793,3319,6804,5675
"YGR255C",104,213,181,171,148,183,135,105,109,115,207,139
"YGR256W",4,48,26,24,26,48,28,10,10,10,24,18
"YGR257C",89,175,127,101,113,49,137,105,99,147,200,165
"YGR258C",54,181,137,153,101,205,105,57,84,84,200,96
"YGR259C",0,1,0,0,0,0,0,0,0,0,0,0
"YGR260W",225,537,436,384,318,199,400,307,306,388,665,438
"YGR261C",97,175,157,153,112,215,128,101,108,114,308,120
"YGR262C",69,152,130,91,105,419,124,79,80,119,194,113
"YGR263C",23,74,55,39,41,64,31,33,38,31,66,34
"YGR264C",237,377,298,285,224,221,261,318,273,444,872,435
"YGR265W",1,0,0,1,1,0,1,2,0,2,0,1
"YGR266W",84,226,166,132,113,129,151,75,79,103,184,121
"YGR267C",198,346,334,280,264,250,266,152,202,244,455,278
"YGR268C",92,163,130,111,126,194,124,51,69,67,116,161
"YGR269W",2,1,3,3,3,10,3,2,2,4,12,4
"YGR270C-A",0,0,0,0,0,0,0,0,0,0,0,0
"YGR270W",134,283,238,272,192,284,151,144,159,168,416,172
"YGR271C-A",7,31,8,12,12,8,14,37,27,54,66,16
"YGR271W",49,136,96,91,88,86,87,93,86,93,236,114
"YGR273C",0,0,0,0,0,0,0,0,1,0,0,0
"YGR274C",56,177,143,133,107,238,96,77,74,108,248,82
"YGR275W",69,116,99,87,81,351,84,44,67,84,130,91
"YGR276C",64,151,99,95,107,164,88,72,98,110,191,102
"YGR277C",67,105,83,73,67,123,75,58,55,71,139,111
"YGR278W",26,67,40,53,40,98,32,45,29,36,94,27
"YGR279C",521,754,824,722,522,673,601,459,467,625,1453,909
"YGR280C",51,85,59,68,59,191,50,112,87,181,340,83
"YGR281W",148,181,182,149,114,185,151,160,196,211,445,237
"YGR282C",1036,2406,2002,1825,1633,412,1925,1026,1240,1324,2205,1759
"YGR283C",25,52,46,50,40,16,35,53,44,62,103,62
"YGR284C",96,285,219,222,174,172,183,105,119,143,283,148
"YGR285C",675,1269,1093,1042,935,1346,928,862,793,1249,2125,1160
"YGR286C",87,177,103,81,87,155,136,111,104,166,282,192
"YGR287C",31,79,60,62,49,21,53,21,28,34,51,49
"YGR288W",25,50,44,35,30,50,29,42,32,24,66,38
"YGR289C",49,221,130,110,83,74,103,68,75,69,131,83
"YGR290W",0,3,2,0,2,0,3,2,0,0,2,2
"YGR291C",0,0,1,0,0,1,0,0,1,1,2,0
"YGR292W",3,8,7,7,9,7,6,6,9,2,8,3
"YGR293C",0,0,1,1,2,3,3,0,0,1,9,0
"YGR294W",0,1,1,0,2,5,2,0,0,1,1,0
"YGR295C",63,172,136,148,105,66,97,93,84,97,208,102
"YGR296C-A",0,0,0,0,0,0,0,0,0,0,0,0
"YGR296C-B",0,0,0,0,0,0,0,0,0,0,0,0
"YGR296W",0,0,0,0,0,0,0,0,0,0,0,0
"YHL001W",204,422,313,311,313,109,335,366,316,474,572,401
"YHL002C-A",0,0,0,0,0,0,0,0,0,0,0,0
"YHL002W",69,179,142,112,137,369,119,73,73,99,171,122
"YHL003C",94,235,161,180,133,138,134,118,122,151,304,186
"YHL004W",80,165,99,66,103,445,100,98,91,108,221,91
"YHL005C",2,5,6,1,3,4,3,3,3,8,6,6
"YHL006C",12,27,28,28,20,16,32,13,11,18,23,35
"YHL006W-A",1,10,5,8,8,27,2,7,6,10,6,9
"YHL007C",92,200,158,172,133,301,141,129,97,175,362,179
"YHL008C",51,112,92,93,70,286,69,73,66,76,172,85
"YHL009C",32,78,60,58,39,110,30,38,47,38,90,42
"YHL009W-A",0,0,0,0,0,0,0,0,0,0,0,0
"YHL009W-B",0,0,0,0,0,0,0,0,0,0,1,0
"YHL010C",40,73,66,65,53,209,42,43,38,40,103,59
"YHL011C",133,146,147,161,139,123,127,177,136,239,411,188
"YHL012W",2,7,3,6,6,8,5,17,7,19,39,4
"YHL013C",23,69,65,49,29,62,43,39,25,48,122,39
"YHL014C",13,62,42,36,32,66,27,31,37,28,83,48
"YHL015W",1545,3310,2792,2338,2186,2430,2451,2204,2081,3296,5216,3080
"YHL015W-A",0,6,5,1,2,7,3,0,0,1,0,2
"YHL016C",16,43,34,31,21,23,27,18,22,18,30,18
"YHL017W",90,142,142,96,98,114,108,95,78,107,197,155
"YHL018W",6,3,5,4,3,10,3,4,2,2,8,3
"YHL019C",43,81,53,49,38,150,48,53,43,39,109,63
"YHL019W-A",1,0,1,0,0,0,2,0,1,1,4,2
"YHL020C",112,409,312,283,274,333,320,121,108,171,322,239
"YHL021C",335,227,180,158,129,221,122,229,443,176,484,558
"YHL022C",1,6,6,5,5,3,3,4,3,5,6,6
"YHL023C",46,164,96,117,124,177,120,60,68,61,133,63
"YHL024W",33,52,52,40,37,53,37,32,29,33,69,53
"YHL025W",177,419,385,323,327,279,416,133,166,230,336,339
"YHL026C",19,50,53,39,32,72,46,29,20,37,65,23
"YHL027W",179,338,321,249,224,501,263,171,163,191,346,267
"YHL028W",49,127,103,46,59,277,80,45,43,56,79,71
"YHL029C",34,97,69,85,72,154,70,61,50,81,132,64
"YHL030W",109,238,194,210,185,151,153,116,128,157,317,168
"YHL030W-A",0,0,0,0,0,0,0,0,0,0,0,0
"YHL031C",11,48,37,37,35,36,34,19,18,24,33,43
"YHL032C",145,414,312,240,228,169,263,136,169,194,326,273
"YHL033C",779,1011,987,894,771,204,856,876,788,1133,1912,1400
"YHL034C",277,470,432,443,342,1473,288,251,272,288,676,366
"YHL034W-A",4,21,16,12,6,4,7,6,4,5,21,5
"YHL035C",87,127,108,104,79,133,73,117,150,144,281,150
"YHL036W",72,60,37,32,38,39,34,33,38,62,110,41
"YHL037C",1,4,5,2,4,6,4,1,3,1,4,2
"YHL038C",17,47,48,49,31,52,40,17,25,32,59,20
"YHL039W",33,80,52,39,35,104,47,60,57,92,197,41
"YHL040C",71,75,68,54,38,55,45,57,65,87,153,112
"YHL041W",0,1,0,0,0,4,0,0,0,1,4,1
"YHL042W",0,7,6,7,6,4,4,7,3,2,7,2
"YHL043W",10,38,17,16,13,41,14,23,12,8,26,7
"YHL044W",16,55,30,21,20,41,27,30,20,19,44,18
"YHL045W",0,3,2,0,0,4,0,1,1,1,0,1
"YHL046C",3,0,1,1,2,0,2,1,0,1,0,1
"YHL046W-A",0,1,1,2,2,0,2,3,0,3,6,1
"YHL047C",258,128,117,128,113,82,88,271,248,298,693,439
"YHL048C-A",1,1,1,0,0,0,0,0,0,0,0,0
"YHL048W",20,127,83,88,77,151,65,32,34,35,82,35
"YHL049C",0,0,0,0,0,0,0,0,0,0,0,0
"YHL050C",7,16,20,13,12,28,20,3,2,3,16,12
"YHL050W-A",0,0,0,0,0,0,0,0,0,0,0,0
"YHR001W",42,106,79,89,53,89,70,55,39,64,118,62
"YHR001W-A",28,60,64,39,45,92,42,25,59,31,57,44
"YHR002W",22,83,44,64,38,74,52,36,26,34,59,25
"YHR003C",40,65,68,61,52,24,44,52,45,55,116,54
"YHR004C",60,213,150,138,108,249,127,96,106,116,202,109
"YHR005C",47,91,96,88,67,148,57,100,85,101,179,100
"YHR005C-A",145,320,215,184,198,1105,166,194,221,230,419,200
"YHR006W",90,309,208,167,170,584,215,87,106,122,249,134
"YHR007C",513,676,641,602,454,394,565,816,580,1011,1781,996
"YHR007C-A",0,14,17,17,7,26,10,3,3,0,8,3
"YHR008C",297,667,591,482,508,698,453,262,306,340,560,451
"YHR009C",164,345,293,279,229,410,242,147,196,216,399,239
"YHR010W",1177,1996,1965,1534,1362,309,1557,1210,1111,1862,2639,2396
"YHR011W",19,42,28,35,43,58,30,30,30,28,71,22
"YHR012W",67,168,140,139,126,152,119,81,65,77,173,117
"YHR013C",85,174,143,150,90,150,124,80,76,117,219,132
"YHR014W",2,11,5,5,3,9,3,0,3,2,5,4
"YHR015W",0,3,4,3,2,4,1,3,4,3,9,2
"YHR016C",150,275,217,212,183,181,175,102,145,123,220,208
"YHR017W",47,144,108,93,64,145,75,59,84,58,135,67
"YHR018C",395,489,480,416,425,465,325,123,258,128,316,357
"YHR019C",743,1135,1002,999,823,778,862,703,639,950,1852,1062
"YHR020W",296,457,435,415,321,163,354,339,296,500,904,535
"YHR021C",564,1069,966,754,919,234,938,841,783,1013,1438,1071
"YHR021W-A",1,2,1,1,1,1,1,2,1,2,5,0
"YHR022C",8,13,10,8,7,12,7,6,8,15,20,7
"YHR022C-A",0,1,0,0,1,0,0,0,0,0,3,2
"YHR023W",37,94,80,102,55,125,57,51,49,71,213,66
"YHR024C",117,185,139,142,137,110,136,112,134,159,275,172
"YHR025W",374,397,416,375,330,539,301,248,246,329,759,433
"YHR026W",227,685,512,519,469,173,505,319,349,406,753,358
"YHR027C",467,707,700,688,506,742,543,368,419,516,1082,785
"YHR028C",152,359,340,308,277,209,271,163,177,173,356,243
"YHR028W-A",0,0,1,0,1,1,1,0,0,1,2,0
"YHR029C",32,110,69,57,63,137,44,42,55,43,80,43
"YHR030C",306,407,282,273,231,608,256,293,382,380,773,491
"YHR031C",25,53,41,32,36,46,43,31,36,65,109,37
"YHR032C-A",1,0,3,0,1,1,1,4,4,4,4,3
"YHR032W",137,177,171,152,130,78,185,165,121,222,384,302
"YHR032W-A",12,20,14,16,15,8,16,13,8,24,23,14
"YHR033W",25,35,37,26,20,15,16,18,24,36,57,41
"YHR034C",32,85,69,62,46,84,62,28,36,44,64,41
"YHR035W",13,18,15,10,19,24,16,19,12,18,31,15
"YHR036W",15,47,45,45,43,126,45,27,30,49,73,32
"YHR037W",87,207,140,138,108,142,126,96,137,133,275,155
"YHR038W",12,44,29,25,22,13,19,27,35,32,44,11
"YHR039C",197,341,278,245,222,330,254,192,175,266,494,278
"YHR039C-A",209,541,394,493,403,221,292,268,270,341,639,318
"YHR040W",37,52,62,43,36,139,50,52,38,87,112,66
"YHR041C",62,130,126,145,94,82,113,46,47,82,154,111
"YHR042W",547,910,939,810,591,1318,728,395,360,589,1237,876
"YHR043C",124,241,150,146,134,161,137,96,123,116,225,184
"YHR044C",12,36,27,29,30,19,24,20,17,20,34,26
"YHR045W",58,153,98,111,109,137,108,75,84,90,190,64
"YHR046C",36,63,46,34,28,89,38,41,38,54,125,42
"YHR047C",107,191,151,144,123,101,124,119,121,126,256,143
"YHR048W",33,87,59,63,54,53,46,41,44,41,93,61
"YHR049C-A",3,16,17,6,9,7,13,5,14,19,37,18
"YHR049W",110,159,120,137,111,344,128,143,144,203,303,187
"YHR050W",177,387,336,291,236,406,303,147,152,153,369,255
"YHR050W-A",5,10,6,6,6,49,0,2,7,4,16,5
"YHR051W",63,176,113,115,103,101,64,65,95,84,154,85
"YHR052W",36,49,39,37,28,36,41,102,81,147,282,81
"YHR052W-A",0,0,0,0,0,0,0,0,0,0,0,0
"YHR053C",0,0,0,0,0,0,0,0,0,0,0,0
"YHR054C",0,0,0,1,1,0,0,1,0,1,1,0
"YHR054W-A",0,0,0,0,0,0,0,0,0,0,0,0
"YHR055C",0,0,0,0,0,0,0,0,0,0,0,0
"YHR056C",8,44,33,25,13,53,24,30,20,30,70,24
"YHR056W-A",0,0,0,0,0,0,0,0,0,0,0,0
"YHR057C",117,228,208,221,170,175,208,120,138,170,263,245
"YHR058C",43,65,56,34,45,87,62,43,45,55,86,58
"YHR059W",19,43,28,25,39,31,24,26,28,24,43,21
"YHR060W",27,99,75,54,65,29,50,33,42,48,89,37
"YHR061C",21,90,53,60,53,138,46,32,25,26,62,37
"YHR062C",38,48,43,42,36,37,64,58,48,103,116,88
"YHR063C",85,205,193,172,169,140,120,111,112,117,225,132
"YHR063W-A",0,11,8,15,13,4,4,17,15,19,33,3
"YHR064C",422,634,561,516,412,213,485,517,414,708,1180,741
"YHR065C",40,51,54,53,49,48,34,65,55,115,212,84
"YHR066W",18,25,14,16,12,28,10,35,34,71,152,44
"YHR067W",16,29,24,27,10,18,25,14,21,16,36,14
"YHR068W",391,658,607,588,423,710,512,385,325,536,951,664
"YHR069C",42,54,48,50,44,45,51,53,35,71,116,74
"YHR069C-A",0,0,0,0,0,0,0,0,0,0,0,0
"YHR070C-A",3,4,6,2,9,17,7,3,3,5,13,4
"YHR070W",34,26,27,25,16,99,35,35,26,50,75,51
"YHR071C-A",1,0,0,1,3,4,3,0,2,1,1,0
"YHR071W",201,361,327,403,327,206,229,122,272,117,294,237
"YHR072W",83,197,143,116,118,460,115,127,95,193,277,140
"YHR072W-A",119,233,219,162,192,261,172,186,171,254,389,163
"YHR073C-B",0,0,0,0,0,0,0,0,0,0,0,0
"YHR073W",122,280,245,204,182,390,245,166,145,203,382,228
"YHR073W-A",0,0,0,0,0,0,0,0,0,0,0,0
"YHR074W",136,292,246,212,165,119,166,123,179,187,358,222
"YHR075C",11,62,37,25,31,108,33,22,30,17,61,35
"YHR076W",36,137,84,114,67,94,65,60,75,72,130,67
"YHR077C",128,216,183,203,136,306,128,141,121,170,420,242
"YHR078W",49,112,90,76,51,96,52,77,63,69,175,60
"YHR079C",38,132,116,90,71,111,92,62,62,84,175,78
"YHR079C-A",0,0,1,0,0,1,0,0,0,0,1,0
"YHR080C",68,234,179,183,147,385,133,80,89,84,193,100
"YHR081W",38,105,65,68,49,403,81,81,70,102,201,71
"YHR082C",185,380,303,255,224,443,256,178,181,242,524,296
"YHR083W",142,214,203,163,175,258,184,105,140,167,243,211
"YHR084W",34,83,59,56,59,222,60,71,65,89,185,67
"YHR085W",20,17,13,14,18,14,12,23,22,49,74,25
"YHR086W",81,167,139,107,109,136,125,88,91,121,175,114
"YHR086W-A",0,3,1,1,1,3,3,2,0,1,1,1
"YHR087W",102,90,63,60,59,41,62,65,117,61,129,152
"YHR088W",17,39,32,20,17,54,29,47,49,77,149,52
"YHR089C",319,493,401,390,284,359,297,428,407,606,1268,533
"YHR090C",18,61,33,54,29,62,25,23,27,29,70,29
"YHR091C",35,142,103,80,65,368,83,58,54,59,107,50
"YHR092C",1548,642,450,431,325,233,377,1145,2179,1419,3076,2210
"YHR093W",0,7,2,4,2,2,1,2,2,1,4,1
"YHR094C",164,501,411,322,265,290,387,505,339,561,1006,599
"YHR095W",0,11,8,7,8,11,3,0,0,1,0,2
"YHR096C",25,100,77,60,54,264,61,39,32,48,100,34
"YHR097C",188,289,246,193,184,756,206,206,270,200,373,305
"YHR098C",183,374,279,269,231,407,226,194,198,239,506,344
"YHR099W",78,203,175,136,117,215,139,106,88,156,316,149
"YHR100C",6,34,25,23,17,15,18,29,16,29,46,17
"YHR101C",17,59,37,45,43,62,36,24,22,33,48,19
"YHR102W",62,147,129,84,96,231,76,68,67,97,176,87
"YHR103W",67,191,155,138,104,213,101,100,90,143,275,99
"YHR104W",114,194,188,160,140,173,134,94,141,83,202,155
"YHR105W",12,29,23,23,15,38,20,10,14,16,33,22
"YHR106W",74,145,113,104,88,141,86,63,62,65,146,79
"YHR107C",96,255,197,151,148,264,142,152,117,173,265,159
"YHR108W",195,368,304,269,221,574,247,241,200,276,594,321
"YHR109W",10,20,18,11,11,48,11,18,18,18,40,10
"YHR110W",67,218,169,151,151,259,134,60,72,75,138,95
"YHR111W",38,115,103,75,76,69,72,66,49,68,128,81
"YHR112C",73,163,140,125,141,129,122,65,71,58,117,98
"YHR113W",117,263,250,208,174,134,185,132,135,147,310,211
"YHR114W",93,202,187,207,140,612,127,88,82,106,233,148
"YHR115C",47,125,96,84,65,192,77,78,58,76,150,82
"YHR116W",27,58,37,34,28,180,44,28,32,33,37,35
"YHR117W",62,138,130,114,96,94,92,69,82,93,182,111
"YHR118C",17,64,45,35,33,59,29,28,24,37,71,34
"YHR119W",41,100,82,91,61,213,61,74,83,74,168,69
"YHR120W",17,56,33,29,39,24,27,27,29,49,69,28
"YHR121W",76,168,136,105,121,113,109,82,91,90,174,123
"YHR122W",25,62,39,38,29,15,37,36,36,48,77,49
"YHR123W",65,159,106,85,106,125,108,68,63,68,165,80
"YHR124W",21,45,35,27,24,30,18,20,23,35,58,21
"YHR125W",0,0,0,0,0,0,2,0,0,0,0,1
"YHR126C",0,1,0,0,1,0,0,0,0,0,1,0
"YHR127W",36,66,49,53,47,217,43,39,42,44,88,35
"YHR128W",73,84,78,88,65,117,65,127,126,181,371,155
"YHR129C",22,55,39,51,30,32,36,34,32,38,61,47
"YHR130C",5,9,6,13,4,5,4,9,4,8,9,6
"YHR131C",91,148,107,132,84,113,113,93,94,124,223,143
"YHR131W-A",0,0,0,0,2,2,1,1,0,3,6,4
"YHR132C",208,453,376,336,274,437,389,189,186,193,401,276
"YHR132W-A",68,186,114,93,121,354,101,64,78,71,125,75
"YHR133C",92,196,168,165,126,113,146,134,122,165,323,160
"YHR134W",25,62,44,52,37,177,41,25,31,45,83,42
"YHR135C",242,476,435,343,311,1157,338,226,241,280,635,404
"YHR136C",104,11,5,2,5,10,5,77,143,97,150,173
"YHR137C-A",0,0,0,0,0,0,0,0,0,0,0,0
"YHR137W",19,26,20,13,21,18,18,16,40,19,43,15
"YHR138C",88,146,135,103,112,148,87,55,87,54,104,106
"YHR139C",6,11,7,4,4,12,7,5,5,8,14,12
"YHR139C-A",1,5,6,8,4,2,3,3,2,2,2,2
"YHR140W",2,9,1,2,4,5,4,6,6,7,13,5
"YHR141C",482,868,770,668,645,184,788,667,626,876,1252,986
"YHR142W",93,300,220,210,175,199,184,126,122,132,235,120
"YHR143W",532,550,387,272,343,1928,467,608,662,806,1445,964
"YHR143W-A",39,114,70,59,64,782,79,62,54,78,113,67
"YHR144C",18,29,28,19,18,42,30,32,15,38,65,32
"YHR145C",0,0,0,0,0,0,1,0,0,0,0,0
"YHR146W",130,500,416,442,305,228,214,192,175,224,488,186
"YHR147C",44,113,72,75,46,60,52,56,67,70,135,71
"YHR148W",19,22,15,13,10,31,17,19,13,50,77,36
"YHR149C",46,121,78,57,65,223,65,79,60,107,200,76
"YHR150W",18,77,48,58,34,56,37,33,31,35,66,31
"YHR151C",24,75,49,37,32,100,44,39,36,32,82,37
"YHR152W",33,122,67,50,52,252,57,56,59,82,135,72
"YHR153C",2,6,4,9,2,1,1,1,2,1,5,3
"YHR154W",19,62,51,46,37,115,38,36,31,58,121,29
"YHR155W",31,80,61,53,62,98,43,50,56,51,148,48
"YHR156C",5,24,18,17,26,29,19,21,19,18,20,16
"YHR157W",2,8,7,1,5,20,8,2,5,4,9,3
"YHR158C",76,233,169,165,120,268,141,99,111,128,277,152
"YHR159W",29,54,44,40,32,99,27,25,35,37,44,37
"YHR160C",4,17,13,13,11,22,12,8,6,7,22,9
"YHR161C",184,446,374,273,258,1201,315,134,145,176,354,285
"YHR162W",254,797,525,546,488,376,444,302,374,372,707,322
"YHR163W",153,172,138,132,117,102,113,120,137,161,262,209
"YHR164C",33,103,88,79,73,173,67,32,46,56,149,75
"YHR165C",121,247,164,157,141,266,134,157,133,185,405,194
"YHR165W-A",0,0,0,0,0,0,1,1,0,0,0,0
"YHR166C",22,59,32,50,34,77,45,26,25,42,77,34
"YHR167W",9,29,16,23,17,11,15,15,20,16,32,17
"YHR168W",24,60,38,45,24,67,31,25,25,38,67,44
"YHR169W",15,31,15,11,19,40,33,40,23,67,124,41
"YHR170W",133,221,168,158,130,213,160,238,182,314,647,262
"YHR171W",34,94,73,66,48,108,57,29,34,31,80,56
"YHR172W",14,48,30,25,20,54,26,30,32,29,53,24
"YHR173C",3,13,15,10,10,23,8,7,3,10,13,7
"YHR174W",16433,13226,12324,12469,9610,2482,11395,13266,13611,18884,35012,27254
"YHR175W",117,306,290,199,262,291,263,115,115,192,220,197
"YHR175W-A",3,23,15,16,15,177,7,7,13,12,23,3
"YHR176W",19,65,56,54,55,121,47,12,30,29,60,17
"YHR177W",19,37,32,22,15,76,18,6,16,14,36,28
"YHR178W",23,39,51,36,33,51,26,26,35,45,65,45
"YHR179W",967,1557,1422,1273,1077,951,1196,1132,1118,1308,2670,1675
"YHR180C-B",0,0,0,0,0,0,0,0,0,0,0,0
"YHR180W",8,65,32,29,36,79,50,14,17,16,29,26
"YHR180W-A",0,0,0,0,0,0,0,0,0,0,0,0
"YHR181W",43,140,109,97,97,93,87,59,76,80,172,85
"YHR182C-A",4,5,1,2,6,1,11,6,2,5,15,7
"YHR182W",16,65,47,27,27,210,43,28,31,30,57,29
"YHR183W",922,987,1058,1019,795,531,822,632,713,820,1665,1306
"YHR184W",1,10,8,5,10,19,2,2,4,3,7,5
"YHR185C",1,1,0,0,1,1,0,1,0,2,0,0
"YHR186C",69,117,99,115,78,181,95,79,66,87,223,94
"YHR187W",26,58,44,36,29,92,37,40,30,56,91,55
"YHR188C",169,357,244,229,204,416,252,146,153,179,289,251
"YHR189W",22,38,28,19,26,33,29,14,23,28,33,39
"YHR190W",512,976,830,689,644,487,738,399,441,544,927,742
"YHR191C",26,57,66,45,62,138,48,36,30,46,74,46
"YHR192W",57,139,120,100,95,90,102,80,59,100,159,99
"YHR193C",1017,1652,1300,1329,1214,630,1236,1055,1027,1527,2545,1558
"YHR193C-A",0,0,0,0,0,1,0,0,0,0,0,0
"YHR194W",48,138,108,69,89,155,104,59,59,70,115,102
"YHR195W",104,256,265,182,182,436,171,125,127,142,291,172
"YHR196W",16,48,20,28,17,42,33,63,30,111,190,33
"YHR197W",19,29,20,24,24,34,20,77,41,83,194,64
"YHR198C",27,103,59,53,36,54,49,33,34,45,62,47
"YHR199C",136,383,267,211,249,179,276,99,147,135,245,170
"YHR199C-A",10,18,13,9,4,34,13,11,15,14,23,15
"YHR200W",315,568,465,392,451,416,476,265,298,347,624,525
"YHR201C",80,154,119,144,128,347,109,112,120,146,298,163
"YHR202W",28,56,34,35,21,28,32,26,15,25,66,26
"YHR203C",811,1196,1165,1029,974,249,1121,891,791,1246,1921,1667
"YHR204W",68,140,120,104,103,436,108,84,65,91,177,99
"YHR205W",81,237,188,157,166,550,172,103,97,150,290,134
"YHR206W",79,156,124,113,126,395,151,120,117,175,338,168
"YHR207C",35,103,79,91,49,143,58,40,52,60,101,47
"YHR208W",631,846,781,724,664,3141,745,649,660,914,1617,975
"YHR209W",55,115,68,46,54,88,37,61,98,47,135,99
"YHR210C",26,74,66,44,43,63,64,31,25,33,66,69
"YHR211W",24,54,46,36,48,104,58,23,24,43,74,49
"YHR212C",0,0,0,0,0,0,0,0,0,0,0,0
"YHR212W-A",0,0,0,0,0,0,0,0,0,0,0,0
"YHR213W",0,0,0,0,0,0,0,0,0,0,0,0
"YHR213W-A",0,0,0,0,0,0,0,0,0,0,0,0
"YHR213W-B",1,1,2,2,0,1,0,1,0,1,2,3
"YHR214C-B",1,1,1,0,0,7,0,9,5,8,18,3
"YHR214C-C",0,0,0,0,0,0,0,0,0,0,0,0
"YHR214C-D",0,0,0,0,0,0,0,0,0,0,0,0
"YHR214C-E",0,0,0,0,0,0,0,0,0,0,1,0
"YHR214W",1,2,3,3,1,1,2,0,1,0,1,0
"YHR214W-A",4,6,8,7,8,6,12,0,2,1,5,6
"YHR215W",49,1,4,3,3,0,2,50,68,96,160,107
"YHR216W",216,211,153,144,125,64,137,223,233,333,609,289
"YHR217C",0,0,0,0,0,0,0,0,0,0,0,0
"YHR218W",0,0,0,0,0,0,0,0,0,0,0,0
"YHR218W-A",0,0,0,0,0,0,0,0,0,0,0,0
"YHR219C-A",0,0,0,0,0,0,0,0,0,0,0,0
"YHR219W",0,0,0,0,0,0,0,0,0,0,0,0
"YIL001W",14,49,35,24,16,50,19,28,18,22,47,12
"YIL002C",53,133,97,110,82,309,80,72,64,93,199,72
"YIL002W-A",23,102,90,72,74,221,47,38,52,55,116,55
"YIL003W",27,62,55,44,26,36,41,29,35,44,76,29
"YIL004C",24,48,57,28,45,91,41,38,29,39,70,39
"YIL005W",65,212,136,156,136,366,111,89,82,101,209,88
"YIL006W",15,72,46,39,33,194,46,19,25,31,36,36
"YIL007C",33,103,64,57,68,197,59,25,52,34,78,56
"YIL008W",30,103,58,71,65,91,66,60,52,95,128,72
"YIL009C-A",17,53,37,42,27,113,41,29,28,24,45,26
"YIL009W",44,81,59,52,42,52,62,85,70,115,184,82
"YIL010W",39,88,67,68,57,84,66,34,67,55,90,60
"YIL011W",60,31,27,33,24,78,19,63,59,85,159,63
"YIL012W",1,9,5,2,5,8,5,4,1,3,1,5
"YIL013C",45,52,57,46,33,67,38,42,41,49,107,57
"YIL014C-A",3,25,21,12,22,77,13,8,10,10,14,11
"YIL014W",57,198,134,142,127,123,130,85,79,101,188,117
"YIL015W",47,67,56,25,31,88,47,74,62,87,134,94
"YIL016W",68,185,150,157,127,69,128,73,81,118,157,141
"YIL017C",148,271,254,224,187,218,182,137,130,158,290,230
"YIL018W",2152,3122,2906,2318,2190,293,2579,2130,1948,2936,4808,3767
"YIL019W",36,45,40,39,26,121,37,58,44,92,158,50
"YIL020C",31,35,26,37,20,84,20,26,26,28,80,25
"YIL020C-A",1,12,9,5,7,5,5,7,13,11,22,7
"YIL021C-A",0,0,0,0,0,0,0,0,0,0,0,0
"YIL021W",38,95,92,54,54,149,69,54,53,82,131,89
"YIL022W",169,347,263,243,217,964,213,203,208,266,466,269
"YIL023C",117,206,184,120,131,97,180,103,114,130,200,203
"YIL024C",11,56,42,38,36,73,37,9,15,15,39,25
"YIL025C",0,2,0,0,0,0,0,0,0,0,1,0
"YIL026C",22,110,78,88,67,114,65,46,32,42,97,30
"YIL027C",44,125,86,63,63,58,63,68,56,87,119,65
"YIL028W",16,23,16,18,20,9,34,7,12,14,6,20
"YIL029C",10,35,27,17,11,17,16,15,22,13,34,16
"YIL029W-A",0,0,0,0,0,0,0,0,0,0,0,0
"YIL030C",143,295,239,210,172,148,158,190,171,247,466,225
"YIL030W-A",1,7,4,4,2,0,1,2,1,0,9,0
"YIL031W",38,96,73,86,61,227,69,47,59,79,194,65
"YIL032C",1,0,2,0,3,1,1,2,2,0,0,2
"YIL033C",259,598,438,394,370,460,386,261,336,282,495,425
"YIL034C",136,253,252,186,217,753,184,134,173,162,284,186
"YIL035C",65,171,135,126,123,253,118,114,130,121,273,111
"YIL036W",120,293,195,175,166,632,167,129,172,163,322,239
"YIL037C",10,18,13,13,21,20,8,15,18,18,32,15
"YIL038C",83,148,121,110,94,284,85,103,99,147,287,122
"YIL039W",138,267,226,174,132,206,172,128,132,143,311,200
"YIL040W",40,104,72,57,79,118,80,54,61,73,80,63
"YIL041W",233,516,490,442,339,447,337,204,227,260,570,373
"YIL042C",61,252,166,131,127,381,174,72,69,78,141,126
"YIL043C",406,704,682,641,544,1006,639,373,353,454,834,585
"YIL044C",57,113,92,63,85,68,70,59,77,85,153,84
"YIL045W",44,75,72,67,47,190,39,44,57,63,109,68
"YIL046W",60,264,228,199,137,158,199,75,50,92,189,134
"YIL046W-A",2,1,1,3,4,2,4,1,1,1,1,3
"YIL047C",74,67,68,73,56,43,84,102,79,152,284,164
"YIL047C-A",5,3,3,3,4,0,4,4,3,7,5,2
"YIL048W",88,205,147,142,120,100,119,77,95,110,193,143
"YIL049W",23,42,23,26,24,126,30,40,33,48,83,31
"YIL050W",73,175,137,91,88,270,110,58,84,80,175,101
"YIL051C",476,739,599,577,551,1014,494,539,615,621,1156,731
"YIL052C",724,1182,1010,990,867,333,916,910,846,1213,1836,1308
"YIL053W",1867,4622,4988,4764,4285,2020,4205,1842,1857,2460,4069,2994
"YIL054W",0,1,1,2,0,2,1,1,0,2,1,1
"YIL055C",35,111,78,77,69,219,55,30,35,32,72,55
"YIL056W",104,124,99,77,97,312,85,212,200,233,448,261
"YIL057C",14,22,7,5,9,8,10,4,20,3,10,26
"YIL058W",5,9,7,7,5,5,4,3,4,4,15,4
"YIL059C",2,2,3,2,1,5,2,0,3,3,4,1
"YIL060W",0,1,0,1,1,1,0,0,0,1,1,0
"YIL061C",15,39,21,17,42,77,24,19,28,49,52,15
"YIL062C",178,472,330,276,318,372,311,182,243,212,365,270
"YIL063C",68,178,139,146,102,116,97,78,104,83,187,113
"YIL064W",44,84,65,63,53,87,58,65,50,100,169,76
"YIL065C",47,126,114,109,105,191,102,59,93,79,126,90
"YIL066C",11,25,34,16,20,22,21,12,10,8,31,17
"YIL066W-A",0,0,1,0,1,0,0,0,1,0,0,1
"YIL067C",83,118,112,103,76,109,66,53,79,76,147,100
"YIL068C",37,95,65,80,63,87,43,59,52,59,128,51
"YIL068W-A",1,4,1,0,2,0,4,1,0,1,2,0
"YIL069C",294,450,397,406,384,371,395,448,361,560,841,588
"YIL070C",42,84,41,49,48,152,31,52,66,77,114,53
"YIL071C",15,20,10,17,18,19,10,21,19,15,27,15
"YIL071W-A",3,5,6,1,3,18,4,1,2,5,6,2
"YIL072W",6,18,18,10,17,9,16,7,10,15,24,7
"YIL073C",18,45,50,42,37,77,30,30,15,39,58,28
"YIL074C",246,426,416,315,348,174,355,158,183,192,379,264
"YIL075C",552,1139,947,911,726,1061,725,524,603,660,1452,930
"YIL076W",165,337,295,292,241,121,249,192,205,226,394,292
"YIL077C",52,202,130,120,113,175,121,67,74,74,144,99
"YIL078W",554,924,804,826,619,484,603,679,637,874,1978,989
"YIL079C",23,21,21,24,15,44,11,33,18,52,95,30
"YIL082W",0,0,0,0,0,0,0,0,0,0,0,0
"YIL082W-A",17,40,34,29,23,101,21,26,13,21,45,31
"YIL083C",70,129,104,79,76,58,97,72,63,106,175,80
"YIL084C",25,40,41,31,11,33,20,26,13,39,67,45
"YIL085C",88,180,140,139,132,88,123,101,104,127,287,114
"YIL086C",2,7,5,2,5,16,5,5,10,6,6,6
"YIL087C",50,105,87,57,73,144,71,40,56,41,87,63
"YIL088C",140,365,288,259,229,380,216,151,184,166,321,217
"YIL089W",4,16,13,8,8,13,14,13,7,8,16,8
"YIL090W",33,92,69,70,55,78,59,75,49,82,171,73
"YIL091C",16,16,19,5,16,55,22,58,34,93,149,42
"YIL092W",15,33,20,25,26,45,18,20,18,37,54,20
"YIL093C",55,91,84,62,47,176,82,45,59,73,132,93
"YIL094C",273,278,245,216,171,134,228,311,259,377,703,456
"YIL095W",45,140,62,84,63,120,64,44,57,51,123,67
"YIL096C",7,21,8,14,13,14,12,39,14,36,72,11
"YIL097W",32,57,43,48,36,69,26,33,41,35,68,36
"YIL098C",27,61,54,49,44,76,47,42,43,53,82,55
"YIL099W",22,32,30,19,23,17,33,18,14,21,31,33
"YIL100C-A",1,0,1,1,1,1,0,2,0,0,3,1
"YIL100W",0,2,0,0,0,2,0,0,1,0,1,0
"YIL101C",99,83,74,53,53,127,64,84,83,77,170,164
"YIL102C",3,5,4,2,3,0,1,3,1,0,3,4
"YIL102C-A",3,16,18,10,13,23,20,6,10,12,23,11
"YIL103W",22,45,44,31,32,67,34,56,44,67,150,50
"YIL104C",12,22,23,22,19,33,13,33,25,45,73,27
"YIL105C",66,164,123,94,94,165,84,77,83,85,183,87
"YIL105W-A",0,0,0,0,0,0,0,0,0,0,0,0
"YIL106W",96,180,153,120,89,213,116,65,82,96,199,98
"YIL107C",54,169,130,119,113,206,91,71,89,83,181,91
"YIL108W",109,217,148,137,116,235,145,96,103,106,217,156
"YIL109C",358,594,497,395,322,767,428,324,341,371,726,550
"YIL110W",28,46,42,43,25,26,32,48,38,61,106,53
"YIL111W",68,232,152,119,151,191,118,92,120,82,166,108
"YIL112W",92,230,189,166,128,277,126,86,111,143,277,132
"YIL113W",35,43,35,38,22,41,28,31,35,34,53,71
"YIL114C",49,104,110,94,75,54,86,76,75,82,132,75
"YIL115C",103,234,182,191,150,208,135,119,110,139,295,172
"YIL115W-A",0,2,0,2,0,7,0,1,0,1,3,1
"YIL116W",92,201,141,184,161,284,134,73,115,88,180,116
"YIL117C",97,420,358,251,238,387,236,116,183,119,233,183
"YIL118W",74,257,198,128,146,408,153,101,119,136,210,148
"YIL119C",34,24,15,22,11,62,13,72,56,81,182,38
"YIL120W",20,64,35,34,27,43,36,23,29,34,76,31
"YIL121W",152,43,41,35,35,98,27,153,191,218,410,230
"YIL122W",35,116,76,77,84,424,95,51,35,73,138,48
"YIL123W",469,577,537,434,364,933,512,478,480,581,1200,852
"YIL124W",190,447,346,316,302,118,314,192,195,217,362,310
"YIL125W",189,355,318,237,232,297,232,182,220,185,369,230
"YIL126W",122,328,242,300,211,433,180,168,168,215,541,173
"YIL127C",19,46,26,24,17,134,25,61,56,110,178,60
"YIL128W",41,102,82,69,60,105,81,85,66,98,185,64
"YIL129C",103,217,224,196,162,136,151,104,115,155,315,163
"YIL130W",24,101,68,46,54,114,52,30,33,67,122,33
"YIL131C",28,29,23,26,20,82,19,34,37,41,92,52
"YIL132C",8,24,11,5,10,36,8,12,9,10,21,7
"YIL133C",576,1071,846,950,784,890,667,878,871,1082,1977,932
"YIL134C-A",2,0,1,1,0,1,1,1,0,0,4,0
"YIL134W",29,38,35,28,34,28,32,27,35,33,58,33
"YIL135C",93,228,197,164,124,720,144,110,103,133,271,180
"YIL136W",234,543,430,406,293,701,331,167,190,178,332,403
"YIL137C",92,202,169,155,112,182,118,114,100,132,265,161
"YIL138C",56,137,113,129,70,134,83,78,92,99,199,92
"YIL139C",9,42,27,22,18,44,26,20,20,23,67,20
"YIL140W",67,206,143,116,146,507,118,64,96,87,163,86
"YIL141W",1,2,1,1,3,23,3,1,2,2,5,0
"YIL142C-A",0,0,0,0,0,0,0,0,0,0,0,0
"YIL142W",396,601,455,479,416,615,525,361,338,476,882,579
"YIL143C",60,179,113,111,106,136,123,110,94,125,249,96
"YIL144W",23,113,60,52,57,207,56,46,53,47,105,38
"YIL145C",104,168,161,130,114,166,142,108,133,137,283,162
"YIL146C",21,45,30,35,32,97,29,19,13,23,69,14
"YIL147C",92,178,163,137,112,163,118,82,93,131,224,124
"YIL148W",976,1770,1594,1339,1477,453,1602,1270,1204,1886,2623,1883
"YIL149C",96,240,206,198,140,593,140,150,133,157,447,139
"YIL150C",4,17,5,13,6,12,5,25,2,10,32,14
"YIL151C",75,176,121,103,88,130,102,102,75,116,278,101
"YIL152W",36,96,67,47,44,150,63,34,44,45,80,63
"YIL153W",159,341,298,252,257,480,327,138,121,172,243,296
"YIL154C",312,503,496,417,413,371,434,163,199,225,389,490
"YIL155C",285,463,377,293,211,621,309,164,262,206,391,400
"YIL156W",62,133,97,100,86,195,76,67,58,83,159,87
"YIL156W-A",0,1,0,0,0,1,0,0,0,0,0,0
"YIL156W-B",32,93,86,56,71,43,94,38,34,34,44,50
"YIL157C",41,90,72,66,69,38,79,38,57,58,121,64
"YIL158W",35,61,48,26,34,77,55,68,43,99,147,60
"YIL159W",15,57,30,52,37,128,30,20,12,30,66,21
"YIL160C",6,29,11,12,10,40,19,23,17,15,36,21
"YIL161W",15,42,34,39,30,102,26,41,25,33,67,18
"YIL162W",210,290,200,157,163,192,218,143,235,180,319,328
"YIL163C",1,12,7,6,5,3,4,7,6,4,9,0
"YIL164C",43,69,64,36,22,17,43,36,30,29,52,61
"YIL165C",32,57,52,44,42,43,36,27,30,26,52,40
"YIL166C",8,28,26,16,20,46,20,11,13,20,29,16
"YIL169C",283,67,63,56,43,147,51,205,271,325,596,507
"YIL170W",7,19,14,15,11,27,7,4,3,9,22,15
"YIL171W",3,10,11,6,9,3,7,4,2,0,2,3
"YIL171W-A",0,0,0,0,0,0,0,0,0,0,0,0
"YIL172C",0,0,0,0,0,0,0,0,0,0,0,0
"YIL173W",3,7,6,4,4,3,7,2,2,1,6,4
"YIL174W",0,0,0,0,0,0,0,0,0,0,0,0
"YIL175W",0,0,0,0,0,0,0,0,0,0,0,0
"YIL176C",0,0,0,0,0,0,0,0,0,0,0,0
"YIL177C",0,0,0,0,0,0,0,0,0,0,0,0
"YIL177W-A",0,0,0,0,0,0,0,0,0,0,0,0
"YIR001C",25,88,49,61,43,216,45,35,37,57,121,33
"YIR002C",52,95,84,102,81,119,64,74,62,72,166,82
"YIR003W",135,287,198,187,173,316,153,130,147,133,265,175
"YIR004W",85,253,207,183,136,388,163,128,125,167,325,152
"YIR005W",2,19,11,20,22,4,10,7,14,9,13,10
"YIR006C",358,585,514,490,424,647,426,281,275,347,744,518
"YIR007W",43,147,118,106,96,214,99,58,57,60,107,57
"YIR008C",28,88,54,51,60,78,41,38,41,47,98,49
"YIR009W",16,30,23,22,28,108,31,23,18,28,36,28
"YIR010W",39,111,72,56,53,190,50,45,50,65,109,56
"YIR011C",88,193,116,116,109,251,124,99,113,130,252,129
"YIR012W",102,158,129,111,89,97,123,131,115,213,326,193
"YIR013C",1,2,2,0,1,1,0,2,0,0,2,2
"YIR014W",4,30,12,17,6,55,18,12,8,6,27,22
"YIR015W",17,48,26,34,15,97,28,3,17,15,46,22
"YIR016W",143,250,211,194,165,183,191,92,114,123,215,223
"YIR017C",0,0,0,2,0,0,0,1,0,0,0,0
"YIR017W-A",0,2,2,0,0,0,1,1,0,0,0,0
"YIR018C-A",1,12,11,9,10,19,5,6,7,5,10,1
"YIR018W",19,40,38,37,28,41,21,21,16,18,33,18
"YIR019C",17,58,40,29,33,194,48,20,22,21,63,39
"YIR020C",0,0,0,0,0,0,0,0,0,0,0,0
"YIR020C-B",0,0,0,0,0,1,0,0,0,0,0,0
"YIR020W-A",0,0,0,0,0,0,0,0,0,0,0,0
"YIR021W",14,40,29,27,36,55,41,17,19,33,53,41
"YIR021W-A",0,3,0,0,0,0,0,0,1,0,1,0
"YIR022W",89,218,179,189,149,286,154,86,114,112,233,153
"YIR023C-A",0,0,0,1,1,1,0,0,0,1,0,0
"YIR023W",36,83,81,71,59,282,54,47,57,61,158,56
"YIR024C",19,52,32,39,29,170,37,27,26,30,68,28
"YIR025W",38,81,64,56,62,151,64,24,35,48,74,57
"YIR026C",63,133,122,85,77,173,125,101,75,126,318,126
"YIR027C",3,24,19,13,24,28,13,1,6,3,5,7
"YIR028W",7,35,27,31,32,76,28,8,3,10,20,14
"YIR029W",20,58,36,39,44,116,40,17,21,24,42,33
"YIR030C",2,9,5,4,9,11,5,2,5,9,8,7
"YIR030W-A",0,0,0,0,0,0,0,2,1,0,1,1
"YIR031C",18,48,36,26,21,46,38,22,19,35,52,28
"YIR032C",3,25,12,8,20,10,10,2,3,5,11,13
"YIR033W",154,318,229,193,182,283,180,186,207,232,509,288
"YIR034C",119,106,62,67,53,99,68,74,120,77,187,123
"YIR035C",137,110,97,102,102,61,110,94,116,137,239,158
"YIR036C",105,203,183,205,165,43,176,80,75,70,142,138
"YIR036W-A",1,0,0,0,0,0,0,0,0,0,0,1
"YIR037W",107,396,277,230,254,99,255,158,207,183,258,202
"YIR038C",110,253,216,185,172,218,148,72,126,73,145,156
"YIR039C",31,133,110,65,70,99,71,20,36,33,55,39
"YIR040C",0,1,0,1,1,0,3,0,0,0,1,0
"YIR041W",0,4,1,0,2,0,2,0,1,1,1,0
"YIR042C",7,86,60,30,39,39,48,10,18,27,23,23
"YJL001W",230,494,386,357,376,207,314,214,260,327,442,411
"YJL002C",168,400,330,291,243,565,238,207,211,257,571,281
"YJL003W",25,52,35,29,27,18,36,27,29,19,54,25
"YJL004C",31,95,55,52,56,66,56,40,41,42,89,37
"YJL005W",198,303,292,260,205,227,213,158,198,203,416,310
"YJL006C",5,45,19,11,14,18,18,11,10,19,29,12
"YJL007C",0,1,1,0,0,1,1,1,2,1,2,0
"YJL008C",304,484,434,432,336,295,340,286,268,364,764,486
"YJL009W",12,30,20,21,17,3,22,19,14,30,47,15
"YJL010C",39,46,41,38,32,69,38,73,59,99,194,54
"YJL011C",5,15,6,12,4,5,8,14,17,35,48,19
"YJL012C",414,305,222,211,179,309,188,385,452,508,926,545
"YJL013C",23,105,83,76,50,105,55,41,50,46,92,46
"YJL014W",306,579,474,467,381,588,405,334,337,424,931,479
"YJL015C",6,4,2,2,2,1,4,1,3,4,5,4
"YJL016W",68,82,55,37,41,76,38,94,76,83,167,77
"YJL019W",22,55,54,40,29,81,31,27,28,32,77,41
"YJL020C",263,451,421,409,326,1454,265,173,187,205,540,323
"YJL020W-A",0,0,0,0,0,0,0,0,0,0,0,0
"YJL022W",0,0,1,0,0,0,0,0,0,0,0,0
"YJL023C",20,51,34,43,33,20,31,23,39,30,58,28
"YJL024C",21,74,59,33,46,267,37,21,28,45,87,34
"YJL025W",12,22,14,16,17,45,18,7,8,19,26,13
"YJL026C-A",0,0,0,0,0,0,0,0,0,0,0,0
"YJL026W",236,362,320,280,217,95,235,234,267,288,595,335
"YJL027C",0,9,3,3,2,0,4,1,1,2,2,2
"YJL028W",0,0,1,0,0,0,1,1,0,0,1,0
"YJL029C",37,114,99,95,82,161,45,78,59,78,164,71
"YJL030W",38,94,75,69,62,125,64,24,28,58,73,68
"YJL031C",20,76,62,55,40,48,29,32,31,40,65,45
"YJL032W",0,1,0,1,0,0,0,0,0,0,0,0
"YJL033W",52,79,47,52,43,176,47,138,70,188,376,103
"YJL034W",431,765,642,731,548,324,456,446,461,558,1071,658
"YJL035C",34,84,46,56,55,65,72,32,37,57,119,61
"YJL036W",59,189,133,122,98,348,99,77,105,88,180,114
"YJL037W",1,5,4,4,4,10,3,1,1,1,1,3
"YJL038C",2,11,9,5,4,14,3,2,1,2,10,2
"YJL039C",68,158,121,82,93,71,75,110,118,124,288,115
"YJL041W",114,238,174,205,145,189,125,130,130,166,393,160
"YJL042W",169,353,306,273,224,584,257,134,152,167,391,272
"YJL043W",5,12,9,6,5,2,11,8,4,5,11,9
"YJL044C",60,187,144,146,113,332,113,67,104,128,256,116
"YJL045W",6,33,16,15,14,55,25,8,4,12,13,9
"YJL046W",23,40,30,36,17,51,19,24,29,26,60,32
"YJL047C",21,73,55,60,44,43,41,24,31,45,75,43
"YJL047C-A",1,2,1,1,3,6,1,4,0,5,3,1
"YJL048C",76,160,132,113,95,109,105,56,51,59,132,97
"YJL049W",24,66,52,54,31,92,49,52,42,50,94,32
"YJL050W",89,106,119,119,78,84,98,174,125,254,559,203
"YJL051W",32,61,56,51,29,115,35,38,34,45,87,47
"YJL052C-A",2,4,0,4,4,1,3,1,0,3,1,1
"YJL052W",1521,1261,1308,1290,1204,261,1080,525,1017,548,1286,1442
"YJL053W",63,158,111,90,89,216,70,92,90,69,160,92
"YJL054W",103,177,142,135,117,201,110,98,108,105,283,133
"YJL055W",173,464,360,401,319,424,318,178,199,200,429,231
"YJL056C",28,50,54,27,21,131,30,31,36,36,93,33
"YJL057C",37,103,71,72,63,178,57,43,66,58,119,64
"YJL058C",11,53,39,16,27,93,29,21,21,16,35,24
"YJL059W",22,70,42,44,44,28,35,22,23,29,63,29
"YJL060W",109,180,183,147,131,153,129,77,99,90,149,125
"YJL061W",41,86,84,58,53,110,50,65,56,90,166,87
"YJL062W",88,220,161,165,158,211,176,103,88,109,221,143
"YJL062W-A",85,154,122,77,95,138,137,75,104,87,113,151
"YJL063C",111,173,128,104,117,160,162,112,126,134,223,192
"YJL064W",0,0,0,0,0,0,0,0,0,0,0,0
"YJL065C",13,13,16,18,23,9,11,8,9,9,22,29
"YJL066C",26,66,56,65,37,40,46,23,37,32,57,44
"YJL067W",2,10,2,2,7,5,5,3,6,3,5,5
"YJL068C",89,201,166,147,148,137,152,73,116,96,167,134
"YJL069C",38,34,25,28,25,50,30,66,29,96,182,53
"YJL070C",46,115,88,96,86,101,64,48,66,38,102,64
"YJL071W",22,52,43,35,38,44,32,27,28,29,60,30
"YJL072C",22,52,18,33,24,88,31,24,36,39,51,26
"YJL073W",44,101,72,62,65,300,60,43,39,59,133,59
"YJL074C",32,75,43,62,38,30,43,36,21,48,99,47
"YJL075C",0,4,1,3,2,1,1,1,2,2,3,0
"YJL076W",105,193,170,175,91,255,107,152,125,178,434,160
"YJL077C",17,90,64,74,78,30,69,10,16,16,27,15
"YJL077W-A",0,0,0,0,0,0,0,0,0,0,0,0
"YJL077W-B",1,9,9,3,11,6,3,3,2,7,12,2
"YJL078C",350,360,400,335,261,550,308,262,239,378,775,629
"YJL079C",268,367,345,304,292,764,334,196,197,308,650,382
"YJL080C",414,801,694,672,558,667,520,493,488,628,1425,700
"YJL081C",69,146,126,107,104,277,104,92,73,116,230,115
"YJL082W",191,230,173,159,141,358,144,207,288,260,556,291
"YJL083W",30,69,52,48,38,130,55,40,33,36,86,61
"YJL084C",53,115,93,81,73,217,53,55,48,53,128,45
"YJL085W",18,70,54,63,56,67,52,31,42,35,93,54
"YJL086C",1,0,1,1,0,0,0,0,0,1,3,1
"YJL087C",21,41,36,42,40,49,30,57,37,59,124,43
"YJL088W",5,8,6,8,10,19,5,2,2,3,3,3
"YJL089W",2,3,2,3,4,4,2,2,7,1,4,3
"YJL090C",23,80,33,40,40,135,32,39,35,48,95,22
"YJL091C",20,61,49,55,39,43,36,29,41,34,88,36
"YJL092W",61,136,107,112,77,141,87,89,75,89,221,100
"YJL093C",90,178,159,137,93,117,108,90,101,92,212,115
"YJL094C",53,134,141,114,89,116,80,95,70,74,178,82
"YJL095W",63,108,76,108,62,113,72,72,54,89,176,66
"YJL096W",26,74,47,37,45,86,41,48,49,57,85,51
"YJL097W",85,176,163,136,125,141,113,97,90,107,191,102
"YJL098W",29,60,41,40,35,129,51,57,33,78,126,45
"YJL099W",29,94,65,70,51,70,66,64,78,58,122,61
"YJL100W",47,135,121,79,70,238,85,49,60,58,139,76
"YJL101C",148,174,126,105,100,303,96,152,152,194,390,205
"YJL102W",20,61,61,49,30,51,32,22,50,31,52,39
"YJL103C",12,73,46,40,51,187,42,14,18,28,45,29
"YJL104W",62,104,64,74,71,133,68,68,75,104,184,100
"YJL105W",7,32,17,18,17,25,7,7,13,12,32,17
"YJL106W",21,97,68,55,43,90,64,47,26,33,78,26
"YJL107C",11,34,20,13,16,25,18,28,38,16,61,40
"YJL108C",54,92,72,58,49,56,79,69,66,60,95,109
"YJL109C",71,123,79,82,81,38,67,168,110,211,399,115
"YJL110C",35,111,79,67,54,221,72,28,27,38,80,43
"YJL111W",320,715,484,445,432,441,399,374,400,517,1007,443
"YJL112W",53,124,117,96,90,119,94,87,73,91,193,100
"YJL113W",2,4,3,2,0,1,1,1,2,3,5,3
"YJL114W",0,0,0,0,0,0,0,0,0,1,0,0
"YJL115W",66,220,194,233,138,869,145,69,77,84,261,115
"YJL116C",23,48,38,29,31,92,29,20,18,28,41,45
"YJL117W",150,210,181,156,152,344,143,179,223,256,436,242
"YJL118W",17,26,23,13,19,89,30,11,18,19,26,28
"YJL119C",0,1,0,0,0,1,0,1,0,0,1,0
"YJL120W",0,2,0,2,0,1,1,2,1,4,0,1
"YJL121C",150,239,224,183,192,375,211,149,143,212,342,255
"YJL122W",37,55,33,38,35,64,35,80,57,104,199,48
"YJL123C",177,452,369,388,312,758,295,181,223,264,585,327
"YJL124C",95,219,124,158,140,236,124,114,140,138,330,127
"YJL125C",17,27,25,21,25,52,27,46,34,43,110,49
"YJL126W",21,44,41,27,35,13,32,31,24,28,47,31
"YJL127C",21,35,35,29,23,108,24,15,21,33,67,39
"YJL127C-B",29,55,69,41,44,39,60,25,32,31,46,26
"YJL127W-A",2,4,3,3,3,1,2,5,3,5,8,2
"YJL128C",98,219,196,155,132,439,171,105,118,148,296,198
"YJL129C",136,264,211,194,171,405,158,151,109,173,423,193
"YJL130C",417,883,871,788,630,780,795,460,413,632,1176,790
"YJL131C",30,85,52,43,45,122,36,41,43,38,75,31
"YJL132W",28,71,63,65,47,92,43,32,23,38,68,50
"YJL133C-A",38,56,37,29,31,3,43,69,75,79,109,65
"YJL133W",66,144,105,98,91,267,117,64,79,103,175,133
"YJL134W",63,173,135,114,109,57,107,115,88,104,205,138
"YJL135W",0,2,0,0,0,2,0,0,0,0,0,0
"YJL136C",732,1421,1206,953,1088,1063,1204,980,910,1541,1817,1681
"YJL136W-A",0,2,1,0,0,3,2,0,0,1,1,0
"YJL137C",17,43,27,18,30,65,35,14,12,21,41,23
"YJL138C",179,339,251,206,194,556,258,234,229,357,599,306
"YJL139C",46,70,62,51,67,125,54,44,41,46,76,48
"YJL140W",109,281,229,203,169,329,155,136,147,184,345,192
"YJL141C",157,318,276,250,169,400,151,183,197,211,477,284
"YJL142C",1,18,14,12,12,2,10,8,12,9,16,5
"YJL143W",202,291,258,290,245,147,258,222,186,291,519,308
"YJL144W",33,33,38,24,25,56,31,23,23,18,28,34
"YJL145W",67,183,124,132,109,153,94,87,55,122,194,97
"YJL146W",35,108,78,69,61,103,69,48,41,49,84,39
"YJL147C",21,39,36,27,31,51,19,12,19,29,51,11
"YJL148W",41,64,75,72,42,113,55,94,79,156,286,115
"YJL149W",32,97,68,45,49,171,47,50,50,44,87,54
"YJL150W",0,1,0,0,0,0,0,0,2,0,0,0
"YJL151C",183,317,293,197,330,553,297,137,197,204,251,257
"YJL152W",9,9,14,9,7,6,7,7,8,11,18,12
"YJL153C",9,9,11,12,12,5,12,14,11,25,39,16
"YJL154C",156,276,217,194,178,233,192,161,182,198,413,229
"YJL155C",77,235,211,176,126,258,131,103,117,107,187,117
"YJL156C",29,104,81,70,56,215,58,46,51,66,122,70
"YJL156W-A",5,16,11,14,13,60,10,8,2,6,21,5
"YJL157C",51,116,83,79,74,168,79,70,70,99,205,97
"YJL158C",982,1053,1053,902,813,1832,918,733,917,1042,2136,1548
"YJL159W",4914,5892,5187,4565,3770,7121,4450,2675,3802,3306,7474,7404
"YJL160C",25,46,32,29,30,34,45,12,21,12,29,31
"YJL161W",16,49,34,30,24,53,16,12,30,11,25,25
"YJL162C",14,55,29,19,21,60,24,17,21,26,73,14
"YJL163C",72,158,143,92,128,269,121,58,85,54,93,99
"YJL164C",90,195,118,126,122,200,97,88,136,106,183,110
"YJL165C",133,213,180,186,165,204,160,176,139,181,395,191
"YJL166W",45,145,131,107,96,100,78,74,99,71,136,80
"YJL167W",406,634,570,534,471,422,482,377,342,500,903,613
"YJL168C",32,125,98,111,69,138,81,66,62,90,182,98
"YJL169W",0,10,7,8,6,2,6,5,8,3,8,2
"YJL170C",7,59,41,34,24,38,28,10,8,14,24,11
"YJL171C",214,471,414,374,324,144,382,208,178,231,456,302
"YJL172W",102,189,200,178,147,186,148,59,97,95,229,175
"YJL173C",48,126,108,105,100,54,94,37,53,76,127,71
"YJL174W",242,553,505,336,360,727,505,222,218,306,531,436
"YJL175W",0,0,0,0,0,1,0,0,0,0,0,0
"YJL176C",35,137,97,96,74,188,78,50,52,67,175,67
"YJL177W",760,1124,940,930,811,716,861,856,814,1214,2063,1179
"YJL178C",93,248,188,189,168,189,151,127,130,170,255,174
"YJL179W",17,40,28,20,26,19,15,23,27,35,52,31
"YJL180C",41,81,61,54,59,100,47,56,56,52,109,37
"YJL181W",22,76,51,56,48,157,42,29,22,40,81,43
"YJL182C",0,1,0,0,0,0,0,0,0,0,0,0
"YJL183W",67,152,119,114,126,96,128,104,83,113,177,124
"YJL184W",58,108,112,70,108,203,99,71,44,77,106,94
"YJL185C",14,38,26,27,39,49,31,21,27,18,42,26
"YJL186W",97,186,155,164,124,193,125,103,119,132,282,179
"YJL187C",50,137,78,85,63,121,82,47,56,48,143,70
"YJL188C",94,286,223,169,171,11,251,164,167,261,350,183
"YJL189W",1,3,0,0,1,2,0,0,1,0,2,0
"YJL190C",1150,1615,1507,1151,1222,195,1486,1348,1218,2072,2955,2200
"YJL191W",148,233,242,202,223,141,231,182,167,255,332,291
"YJL192C",81,251,197,170,159,205,146,131,124,156,233,124
"YJL193W",25,36,29,28,28,135,30,34,23,35,55,25
"YJL194W",3,17,9,12,23,18,12,8,8,8,13,2
"YJL195C",0,2,0,0,0,0,0,0,0,0,0,0
"YJL196C",223,552,413,348,350,175,407,284,267,413,734,379
"YJL197C-A",0,0,0,0,0,0,0,0,0,0,0,0
"YJL197W",89,167,118,131,106,348,103,95,109,101,273,112
"YJL198W",131,315,246,265,190,192,246,201,169,254,510,311
"YJL199C",12,37,40,29,24,53,32,12,23,23,38,31
"YJL200C",72,75,59,68,29,59,38,98,68,145,257,109
"YJL201W",42,87,63,54,61,209,51,45,56,64,116,55
"YJL202C",3,1,4,2,3,4,5,0,4,4,7,4
"YJL203W",7,27,21,15,21,123,19,16,17,24,38,22
"YJL204C",13,59,41,52,28,73,28,29,31,48,67,26
"YJL205C",9,15,33,22,22,70,14,12,12,20,25,11
"YJL206C",20,51,37,35,26,99,36,23,33,36,74,22
"YJL207C",47,117,72,91,72,99,82,85,76,104,175,85
"YJL208C",8,23,22,17,25,34,15,26,13,46,98,19
"YJL209W",19,75,53,36,39,103,49,45,32,51,91,40
"YJL210W",60,202,148,127,116,104,100,54,70,52,102,83
"YJL211C",5,16,21,10,12,11,15,4,5,4,6,17
"YJL212C",94,112,95,86,74,87,67,117,85,123,221,105
"YJL213W",52,59,48,40,28,47,44,37,51,56,107,82
"YJL214W",9,10,17,7,7,31,8,8,7,15,29,17
"YJL215C",1,5,2,3,2,2,0,2,3,1,8,2
"YJL216C",11,34,20,26,24,11,34,19,21,28,55,32
"YJL217W",166,315,241,220,224,124,228,151,243,163,309,351
"YJL218W",30,73,56,60,56,93,43,33,28,17,49,27
"YJL219W",4,10,10,9,6,7,17,2,2,1,2,2
"YJL220W",0,0,0,0,0,0,0,0,0,0,0,0
"YJL221C",0,0,0,0,0,0,0,0,0,0,0,0
"YJL222W",3,1,7,8,3,4,7,2,2,4,1,8
"YJL222W-A",0,0,0,0,0,0,0,0,0,0,0,0
"YJL222W-B",0,0,0,0,0,0,0,0,0,0,0,0
"YJL223C",0,0,0,0,0,0,0,0,0,0,0,0
"YJL225C",0,0,0,0,0,0,0,0,0,0,0,0
"YJL225W-A",0,0,0,0,0,0,0,0,0,0,0,0
"YJR001W",123,368,272,238,223,413,228,157,175,205,350,255
"YJR002W",78,129,91,122,58,249,79,131,106,195,450,176
"YJR003C",21,55,30,28,26,115,33,47,39,47,125,37
"YJR004C",21,87,54,45,54,141,79,51,41,61,106,61
"YJR005C-A",1,4,5,3,5,16,1,2,2,1,6,1
"YJR005W",66,135,105,94,80,150,78,95,104,103,190,117
"YJR006W",70,150,132,112,115,305,103,69,78,83,161,107
"YJR007W",142,301,221,196,193,550,178,207,205,288,555,237
"YJR008W",71,76,68,60,48,50,44,56,75,65,132,107
"YJR009C",5955,11661,10110,10420,8100,5058,9263,4987,5292,7108,12317,9770
"YJR010C-A",19,49,50,27,37,11,24,31,17,36,56,24
"YJR010W",46,251,179,173,148,298,140,42,43,65,95,54
"YJR011C",14,48,31,31,26,27,22,16,20,24,52,22
"YJR012C",31,52,43,25,36,39,71,29,31,34,46,50
"YJR013W",38,82,84,53,60,91,57,39,42,52,98,78
"YJR014W",114,311,290,286,231,430,184,146,186,200,428,205
"YJR015W",149,250,225,186,155,320,168,133,132,182,334,241
"YJR016C",890,1108,954,921,742,772,948,752,602,1040,1982,1392
"YJR017C",118,225,190,182,196,394,181,78,81,103,143,162
"YJR018W",1,1,0,1,2,1,2,1,0,0,3,0
"YJR019C",50,158,114,68,102,94,135,58,67,63,113,117
"YJR020W",0,0,2,0,0,1,2,0,0,0,1,0
"YJR021C",67,121,101,102,78,238,104,66,59,82,131,121
"YJR022W",0,0,0,0,0,1,0,0,0,0,1,0
"YJR023C",0,0,0,0,0,0,0,0,0,0,4,0
"YJR024C",69,134,129,98,68,34,102,77,66,76,136,117
"YJR025C",56,217,156,161,129,454,129,52,73,66,121,74
"YJR026W",0,0,0,0,0,0,0,0,0,0,0,0
"YJR027W",3,2,1,4,2,4,0,4,1,5,14,9
"YJR028W",0,0,0,0,0,0,0,0,0,0,0,0
"YJR029W",0,0,0,0,0,0,0,0,0,0,0,0
"YJR030C",36,61,68,39,51,129,44,41,36,42,92,46
"YJR031C",35,88,64,76,45,64,57,58,47,69,133,72
"YJR032W",23,63,42,30,33,57,26,39,31,48,88,33
"YJR033C",59,157,102,91,71,225,76,72,59,63,153,85
"YJR034W",28,54,41,48,39,26,44,17,29,31,62,35
"YJR035W",27,93,64,65,45,140,41,14,32,37,86,48
"YJR036C",22,93,60,63,50,52,35,16,35,39,63,38
"YJR037W",0,0,0,0,1,1,0,0,0,1,1,1
"YJR038C",1,3,2,0,0,7,1,2,0,2,1,4
"YJR039W",53,148,124,116,80,99,69,60,48,62,114,68
"YJR040W",72,154,159,117,105,79,90,72,78,85,204,102
"YJR041C",29,51,23,27,27,49,32,60,32,84,152,40
"YJR042W",63,135,114,124,65,268,97,86,93,149,253,123
"YJR043C",18,76,42,55,37,137,40,38,26,39,79,25
"YJR044C",56,156,124,105,99,353,92,72,76,73,146,80
"YJR045C",949,1246,1070,1014,830,1256,890,1007,1061,1183,2528,1518
"YJR046W",52,94,68,71,62,141,64,65,54,91,133,106
"YJR047C",80,90,84,89,74,19,96,104,91,144,205,166
"YJR048W",27,13,18,14,14,20,16,16,27,34,53,31
"YJR049C",101,220,209,167,151,129,155,97,120,122,249,153
"YJR050W",23,71,62,53,42,83,56,34,39,45,90,56
"YJR051W",93,230,185,185,151,118,139,82,111,92,210,133
"YJR052W",41,128,111,88,84,98,94,34,35,75,115,59
"YJR053W",4,9,6,8,3,10,6,3,3,11,23,4
"YJR054W",21,84,49,63,64,135,54,44,29,34,78,40
"YJR055W",3,13,7,4,6,10,6,13,5,5,14,10
"YJR056C",15,41,38,31,33,68,15,39,33,38,72,24
"YJR057W",13,62,46,43,45,31,41,35,37,36,73,38
"YJR058C",49,142,155,77,131,195,140,58,79,74,125,82
"YJR059W",240,406,326,265,213,801,265,246,267,274,542,414
"YJR060W",66,114,94,91,81,212,96,53,82,79,157,132
"YJR061W",29,55,52,42,45,71,24,37,29,41,90,28
"YJR062C",42,109,97,90,66,148,72,49,50,48,119,67
"YJR063W",28,51,33,32,35,173,39,60,47,94,143,63
"YJR064W",284,409,379,367,300,314,342,315,298,395,739,481
"YJR065C",258,578,447,417,403,412,336,259,310,277,612,375
"YJR066W",108,192,161,125,104,227,124,90,100,103,299,132
"YJR067C",11,39,24,18,23,12,26,28,26,17,42,19
"YJR068W",66,184,174,134,117,270,109,68,84,127,212,117
"YJR069C",61,77,76,84,68,26,74,76,62,90,207,125
"YJR070C",167,192,127,136,125,346,144,273,210,395,697,367
"YJR071W",0,0,1,1,2,3,2,8,6,2,6,1
"YJR072C",207,336,284,300,229,242,271,198,183,280,473,326
"YJR073C",249,326,201,220,194,93,279,122,207,216,307,337
"YJR074W",69,131,115,97,93,69,136,51,46,58,123,89
"YJR075W",111,230,167,191,168,157,133,117,119,138,359,143
"YJR076C",120,343,231,217,185,341,216,135,157,198,377,225
"YJR077C",233,625,491,423,416,177,481,205,250,315,520,329
"YJR078W",5,38,40,18,21,94,30,4,9,11,9,4
"YJR079W",0,4,3,0,1,1,2,0,2,4,1,1
"YJR080C",63,136,100,98,88,187,97,47,76,66,128,105
"YJR082C",25,68,56,30,45,120,30,32,39,36,72,57
"YJR083C",26,58,52,47,52,100,31,34,35,48,90,32
"YJR084W",44,100,89,79,63,72,81,68,64,81,135,61
"YJR085C",168,380,362,254,319,192,376,134,169,214,278,244
"YJR086W",25,84,54,36,72,43,47,33,36,39,65,43
"YJR087W",0,3,3,3,5,1,2,3,4,6,4,0
"YJR088C",28,82,64,54,51,84,51,34,48,52,118,56
"YJR089W",34,93,97,91,43,123,37,51,50,49,154,52
"YJR090C",91,182,147,142,104,152,120,97,102,116,223,113
"YJR091C",156,350,279,203,237,1546,241,162,186,193,449,280
"YJR092W",71,123,90,93,75,215,87,62,76,96,243,88
"YJR093C",64,175,113,92,109,321,105,81,93,91,181,102
"YJR094C",3,38,17,20,25,104,14,12,14,14,20,7
"YJR094W-A",496,968,833,757,766,363,762,641,629,964,1370,937
"YJR095W",2,10,6,7,5,23,7,2,1,2,6,2
"YJR096W",88,154,156,130,100,167,87,73,89,69,143,116
"YJR097W",1,4,2,1,5,10,3,3,3,14,14,1
"YJR098C",11,45,33,26,23,38,30,24,22,30,51,24
"YJR099W",23,83,59,59,48,235,36,25,41,37,65,34
"YJR100C",42,100,64,72,55,97,56,45,49,70,88,47
"YJR101W",51,100,72,49,62,35,70,66,73,81,139,79
"YJR102C",18,50,43,35,22,61,35,27,33,28,50,25
"YJR103W",216,395,349,325,288,464,273,150,188,186,340,294
"YJR104C",2150,2428,2343,1971,1944,700,2052,1843,2232,2713,3886,3985
"YJR105W",494,1053,911,814,709,213,825,456,423,715,1138,885
"YJR106W",24,49,52,48,37,59,17,26,29,49,89,38
"YJR107W",27,83,56,55,61,102,42,45,46,46,100,34
"YJR108W",6,8,10,2,8,20,7,8,3,7,7,7
"YJR109C",175,221,242,222,193,129,140,67,110,102,231,162
"YJR110W",47,137,85,96,69,60,55,54,57,59,143,65
"YJR111C",45,93,43,50,49,111,48,41,43,39,85,44
"YJR112W",17,43,40,38,38,97,46,15,32,29,53,44
"YJR112W-A",56,125,117,114,107,73,123,45,39,67,98,92
"YJR113C",65,166,125,108,110,117,145,68,73,82,143,110
"YJR114W",2,6,4,4,0,0,4,3,5,1,4,5
"YJR115W",183,211,176,101,149,636,176,168,180,177,246,388
"YJR116W",65,192,155,133,134,385,160,66,71,94,159,144
"YJR117W",125,374,284,234,183,795,221,161,173,179,394,208
"YJR118C",36,132,78,87,81,88,53,64,59,69,128,33
"YJR119C",11,48,21,17,26,27,18,29,11,31,39,21
"YJR120W",2,10,7,3,3,7,2,4,14,10,15,6
"YJR121W",597,1234,979,926,741,682,772,469,646,654,1277,853
"YJR122W",27,65,55,43,40,91,32,28,44,39,62,41
"YJR123W",3256,4927,4249,4126,3520,5322,4238,3460,3354,4779,8052,5746
"YJR124C",34,51,59,47,57,45,39,76,44,76,154,56
"YJR125C",175,307,264,204,216,500,180,128,189,164,278,213
"YJR126C",161,347,279,256,206,430,210,209,191,237,429,241
"YJR127C",171,396,336,303,267,632,244,194,171,238,582,263
"YJR128W",1,3,0,2,0,0,1,0,0,5,0,1
"YJR129C",16,35,24,15,17,30,8,24,9,29,35,26
"YJR130C",79,148,116,133,82,107,93,46,68,65,146,88
"YJR131W",41,109,90,65,57,77,64,35,47,47,86,63
"YJR132W",47,83,79,71,80,84,66,82,62,98,191,72
"YJR133W",62,89,55,57,40,38,55,48,40,65,96,73
"YJR134C",73,250,170,195,140,263,157,97,112,136,332,159
"YJR135C",8,26,17,22,14,23,12,13,11,14,30,7
"YJR135W-A",34,61,62,35,51,13,48,34,47,71,94,66
"YJR136C",23,46,33,28,36,63,26,20,18,25,52,26
"YJR137C",54,179,148,145,125,99,152,48,46,63,166,61
"YJR138W",43,81,71,71,54,168,49,52,30,52,136,36
"YJR139C",337,963,717,707,627,210,599,352,415,513,955,620
"YJR140C",36,71,53,60,48,74,54,48,42,54,162,65
"YJR140W-A",0,0,0,0,0,0,0,0,0,0,0,0
"YJR141W",27,48,33,25,26,19,33,26,33,46,80,34
"YJR142W",53,126,105,90,84,172,63,78,66,64,142,60
"YJR143C",239,418,318,328,244,237,284,258,262,329,627,408
"YJR144W",85,216,179,164,142,184,139,92,105,124,208,120
"YJR145C",1542,2157,2099,1789,1570,289,2103,1521,1402,2332,3437,3014
"YJR146W",7,22,11,6,9,8,6,8,9,7,10,8
"YJR147W",61,59,63,32,43,110,35,72,66,77,177,108
"YJR148W",304,230,176,142,140,171,170,228,359,261,508,484
"YJR149W",12,52,30,25,24,94,23,12,23,20,41,11
"YJR150C",5,2,3,2,2,2,1,17,10,27,27,17
"YJR151C",20,84,45,58,51,98,50,26,25,29,58,34
"YJR151W-A",0,0,0,0,0,0,1,0,0,0,0,0
"YJR152W",16,48,39,30,24,22,29,32,25,32,62,29
"YJR153W",7,16,14,18,8,22,6,15,11,11,26,20
"YJR154W",9,11,18,14,21,23,16,6,8,8,21,14
"YJR155W",29,66,46,52,53,40,52,26,25,30,32,29
"YJR156C",4,10,11,5,6,1,5,4,3,5,3,2
"YJR157W",0,0,0,0,1,0,0,0,0,0,0,0
"YJR158W",0,0,0,0,0,0,0,0,0,0,0,0
"YJR159W",0,0,2,0,0,7,2,0,0,0,0,1
"YJR160C",1,1,3,1,3,0,3,2,2,2,6,1
"YJR161C",3,5,4,6,7,1,4,9,6,7,13,8
"YJR162C",0,0,0,0,0,0,0,0,0,0,0,0
"YKL001C",27,107,73,53,68,47,49,35,24,37,58,31
"YKL002W",108,267,214,222,200,229,149,107,137,142,280,124
"YKL003C",40,74,51,50,57,91,55,55,55,67,95,49
"YKL004W",100,239,178,159,155,322,182,165,133,202,410,214
"YKL005C",57,108,95,70,73,125,64,69,56,90,215,91
"YKL006C-A",17,44,33,33,42,40,27,24,22,32,44,13
"YKL006W",688,1179,979,858,902,94,1024,858,754,1242,1682,1200
"YKL007W",109,329,242,215,195,533,191,135,163,157,282,177
"YKL008C",119,240,155,195,151,45,157,220,191,198,386,207
"YKL009W",93,124,83,92,64,107,93,205,129,300,502,181
"YKL010C",87,168,160,131,109,136,104,99,83,127,222,133
"YKL011C",11,36,26,26,28,37,15,26,17,30,49,23
"YKL012W",50,159,113,120,94,299,112,66,78,101,190,100
"YKL013C",142,323,255,218,214,328,195,145,198,189,255,212
"YKL014C",60,113,90,98,63,93,78,124,90,173,358,134
"YKL015W",42,158,105,87,104,122,82,82,67,70,154,94
"YKL016C",102,264,184,186,179,134,183,109,156,124,223,184
"YKL017C",40,85,72,79,51,92,66,46,43,52,92,55
"YKL018C-A",49,112,92,77,88,86,79,58,53,65,96,90
"YKL018W",20,52,38,36,40,144,37,47,39,75,82,54
"YKL019W",127,226,217,142,175,132,194,106,93,130,248,220
"YKL020C",70,200,155,138,130,367,127,106,88,111,250,109
"YKL021C",68,139,119,107,72,175,84,114,111,142,299,131
"YKL022C",35,96,86,72,69,93,60,47,51,79,113,67
"YKL023C-A",39,50,33,24,42,38,31,34,26,39,70,45
"YKL023W",54,139,104,115,101,207,66,41,51,44,120,73
"YKL024C",160,282,243,201,203,65,235,159,152,232,356,234
"YKL025C",65,162,93,105,92,344,77,86,102,99,196,105
"YKL026C",12,59,32,39,28,26,40,23,37,29,29,41
"YKL027W",49,92,92,64,68,104,70,57,44,83,147,78
"YKL028W",142,266,236,234,183,305,218,132,143,203,370,226
"YKL029C",155,121,121,122,114,239,89,134,99,179,333,218
"YKL030W",0,1,0,2,0,0,0,2,1,3,1,0
"YKL031W",3,5,8,1,5,12,8,3,3,6,9,3
"YKL032C",204,604,440,365,435,2722,454,236,224,305,697,392
"YKL033W",15,57,37,39,41,57,39,29,32,44,78,29
"YKL033W-A",117,280,216,222,207,259,184,95,131,128,284,166
"YKL034W",73,174,148,106,102,225,108,74,75,109,157,104
"YKL035W",657,1048,866,814,721,747,649,540,810,648,1227,1065
"YKL036C",8,10,8,2,2,10,4,6,10,4,17,13
"YKL037W",12,63,45,42,59,41,52,11,15,12,19,12
"YKL038W",102,227,188,179,148,292,167,100,103,138,271,180
"YKL039W",197,466,370,317,264,569,314,182,227,268,487,362
"YKL040C",43,123,91,103,85,95,91,74,67,70,183,83
"YKL041W",45,134,105,125,102,270,94,67,63,86,169,84
"YKL042W",23,81,44,43,53,73,34,41,41,44,64,27
"YKL043W",194,165,152,116,104,549,147,229,176,324,523,384
"YKL044W",6,9,7,5,5,35,6,9,6,13,21,10
"YKL045W",33,129,94,112,89,92,91,33,33,56,120,53
"YKL046C",218,481,476,423,356,275,410,201,202,292,549,385
"YKL047W",25,78,40,31,35,29,31,49,41,42,97,36
"YKL048C",20,43,27,31,36,62,37,27,23,33,58,22
"YKL049C",27,53,45,42,38,192,33,27,35,34,70,31
"YKL050C",8,18,17,17,9,33,12,8,10,25,51,20
"YKL051W",105,140,118,78,84,313,89,146,139,169,281,182
"YKL052C",26,84,56,54,61,170,77,52,47,69,106,65
"YKL053C-A",58,120,78,86,82,60,86,42,80,69,94,73
"YKL053W",0,0,1,1,0,1,0,1,3,1,1,0
"YKL054C",334,417,338,287,256,1293,323,339,330,516,1036,588
"YKL055C",4,13,4,12,4,12,3,2,8,10,15,10
"YKL056C",2345,2789,2348,2154,2043,217,2788,2456,2211,3853,5038,4725
"YKL057C",50,206,94,117,77,132,89,91,99,116,251,74
"YKL058W",71,179,108,115,108,60,103,87,89,108,197,96
"YKL059C",49,117,95,86,64,135,71,51,62,70,157,85
"YKL060C",16981,26086,22601,21857,18045,10199,20802,14562,15103,19555,35436,27756
"YKL061W",12,47,36,36,25,46,28,21,23,20,40,25
"YKL062W",208,113,89,73,63,97,68,180,266,245,437,325
"YKL063C",37,177,120,118,106,460,92,72,89,101,185,74
"YKL064W",211,430,382,352,302,377,324,183,224,281,523,362
"YKL065C",162,589,395,423,368,228,284,229,274,244,425,287
"YKL065W-A",2,6,2,1,1,4,0,0,1,2,5,0
"YKL066W",6,62,35,34,35,103,13,16,24,25,49,13
"YKL067W",193,477,411,369,363,538,370,161,226,199,359,283
"YKL068W",48,164,103,97,79,247,80,95,68,119,261,88
"YKL068W-A",19,39,37,23,36,19,15,24,26,38,61,28
"YKL069W",35,78,75,57,55,63,42,22,34,31,50,52
"YKL070W",16,28,19,13,19,19,14,13,15,12,37,23
"YKL071W",7,8,17,18,8,17,9,6,5,17,52,19
"YKL072W",21,62,53,50,44,44,37,36,38,55,104,56
"YKL073W",65,161,140,144,90,115,80,84,78,104,267,123
"YKL074C",25,68,47,42,47,72,33,46,31,66,105,37
"YKL075C",18,55,47,30,25,56,31,24,23,43,56,26
"YKL076C",2,5,2,6,3,9,6,3,5,3,15,1
"YKL077W",121,314,232,238,155,74,177,178,169,223,442,189
"YKL078W",9,10,7,4,6,12,12,35,19,51,99,28
"YKL079W",66,126,112,93,84,155,89,77,77,101,196,90
"YKL080W",188,507,383,355,324,220,298,298,285,293,710,305
"YKL081W",1154,1740,1560,1402,1131,629,1368,1420,1219,1919,3288,1837
"YKL082C",28,65,63,56,44,195,42,77,40,106,251,82
"YKL083W",2,5,1,1,5,1,1,5,0,5,7,1
"YKL084W",27,72,60,47,51,319,74,41,37,47,60,48
"YKL085W",382,577,515,453,384,221,491,259,355,295,527,599
"YKL086W",20,45,32,29,37,11,15,10,16,19,23,21
"YKL087C",61,111,75,67,76,143,79,57,65,92,144,88
"YKL088W",111,170,191,185,125,399,111,113,98,150,300,197
"YKL089W",18,42,28,33,26,47,20,17,17,19,52,35
"YKL090W",17,51,34,32,30,52,34,28,25,34,60,26
"YKL091C",82,154,127,99,109,129,109,66,123,95,159,116
"YKL092C",30,108,60,60,46,101,45,49,44,47,121,35
"YKL093W",31,77,52,32,46,94,41,28,29,33,72,47
"YKL094W",200,361,338,293,297,620,334,201,230,271,399,334
"YKL095W",18,41,21,38,17,81,30,25,26,35,60,29
"YKL096C-B",2,9,3,1,3,50,4,1,0,2,2,3
"YKL096W",369,386,253,189,196,169,289,368,652,472,714,765
"YKL096W-A",1280,1712,1645,1343,1314,4869,1516,1457,1633,2149,3565,2371
"YKL097C",0,4,4,3,1,0,3,1,1,1,2,4
"YKL098W",70,142,120,98,101,136,121,76,99,89,201,107
"YKL099C",26,52,33,21,20,59,30,54,36,90,151,44
"YKL100C",143,395,297,278,195,221,240,157,171,164,387,236
"YKL100W-A",0,0,0,0,0,0,0,0,0,0,0,0
"YKL101W",114,296,229,201,143,691,151,117,147,170,455,165
"YKL102C",1,5,0,5,2,0,2,1,3,2,2,3
"YKL103C",199,462,464,377,364,207,369,122,181,114,218,223
"YKL104C",254,764,580,489,418,1709,449,235,304,310,712,377
"YKL105C",100,226,181,181,140,412,144,95,97,120,263,158
"YKL106C-A",0,1,0,0,0,0,0,0,0,0,1,1
"YKL106W",31,73,48,67,46,93,53,43,34,57,87,45
"YKL107W",8,34,14,12,15,40,13,8,11,9,14,7
"YKL108W",14,72,62,60,53,122,49,23,27,39,65,23
"YKL109W",218,149,122,93,84,125,89,405,304,426,864,413
"YKL110C",43,84,72,55,60,70,74,74,63,131,180,101
"YKL111C",0,0,0,1,0,0,0,3,0,0,0,0
"YKL112W",48,95,80,72,74,140,71,50,26,72,75,77
"YKL113C",36,131,104,95,97,125,71,45,55,70,147,78
"YKL114C",44,131,110,84,99,127,75,54,55,83,161,75
"YKL115C",0,6,2,8,4,15,4,8,2,4,5,2
"YKL116C",35,98,62,64,53,63,57,53,37,63,111,65
"YKL117W",598,1552,1325,1190,1150,1801,1016,611,721,775,1285,1107
"YKL118W",0,0,0,1,0,0,1,0,1,0,0,0
"YKL119C",20,55,44,44,32,15,30,29,27,29,55,38
"YKL120W",56,92,86,69,67,74,78,89,56,79,149,77
"YKL121W",44,90,88,70,58,212,60,41,54,60,87,49
"YKL122C",49,175,119,101,109,342,97,125,122,127,239,127
"YKL123W",0,6,0,4,2,0,2,1,2,2,8,2
"YKL124W",32,94,78,65,51,143,63,41,41,55,95,61
"YKL125W",26,41,25,24,23,40,30,51,37,73,109,38
"YKL126W",232,455,367,374,301,316,306,189,254,247,496,313
"YKL127W",103,252,202,194,151,276,159,123,140,163,333,211
"YKL128C",91,231,168,168,142,237,161,103,107,153,215,164
"YKL129C",143,264,262,258,205,573,165,85,124,102,309,194
"YKL130C",23,74,57,63,44,43,47,45,40,54,103,42
"YKL131W",1,0,0,0,0,7,0,1,1,0,4,1
"YKL132C",6,35,28,26,27,26,28,22,13,24,34,28
"YKL133C",20,71,59,33,40,16,45,34,29,15,44,29
"YKL134C",23,54,39,37,19,69,36,36,36,30,67,33
"YKL135C",79,163,133,122,101,297,109,83,79,104,203,111
"YKL136W",0,3,5,1,4,1,1,3,0,0,6,2
"YKL137W",25,41,23,25,27,45,24,30,33,43,64,24
"YKL138C",22,62,42,30,41,77,38,47,62,53,107,44
"YKL138C-A",26,46,46,34,33,67,40,25,21,32,36,32
"YKL139W",25,63,38,68,56,135,45,41,40,46,115,43
"YKL140W",95,242,178,166,138,293,129,109,140,124,244,168
"YKL141W",81,362,222,194,196,357,227,101,152,127,211,152
"YKL142W",125,327,292,309,257,206,184,152,173,142,272,156
"YKL143W",51,74,74,87,42,95,43,95,57,121,281,102
"YKL144C",11,29,15,20,24,48,11,31,17,34,64,26
"YKL145W",481,849,845,813,620,1197,642,422,413,498,1009,664
"YKL145W-A",0,0,0,0,0,0,0,0,0,0,0,0
"YKL146W",99,237,199,185,149,350,193,83,105,112,209,133
"YKL147C",0,1,0,0,0,0,0,0,0,1,0,1
"YKL148C",196,402,317,245,220,168,292,116,173,150,251,270
"YKL149C",16,87,47,38,38,51,47,46,28,38,78,46
"YKL150W",241,380,315,285,300,334,292,235,274,240,441,316
"YKL151C",156,332,268,269,266,635,262,114,135,96,219,216
"YKL152C",1911,2796,2129,1974,1789,736,2028,2459,2610,3095,5128,3105
"YKL153W",69,128,96,142,75,16,51,91,115,102,320,78
"YKL154W",46,143,85,86,96,70,79,65,73,106,134,87
"YKL155C",41,60,64,52,54,87,47,52,64,73,106,48
"YKL156C-A",0,0,0,0,0,0,0,0,0,0,0,0
"YKL156W",95,210,175,127,151,69,170,156,151,225,331,187
"YKL157W",177,432,367,356,252,203,272,186,200,207,429,304
"YKL159C",44,71,39,44,44,101,52,35,22,20,66,52
"YKL160W",130,275,251,220,219,455,192,134,137,174,315,240
"YKL161C",20,98,77,55,52,141,64,22,32,30,52,31
"YKL162C",10,36,46,27,39,125,27,20,19,17,36,22
"YKL162C-A",0,6,15,5,4,9,11,0,0,2,3,3
"YKL163W",58,28,18,9,8,39,18,30,48,37,69,69
"YKL164C",446,838,621,510,514,1095,573,592,624,693,1267,873
"YKL165C",44,79,49,48,58,141,48,53,42,61,129,48
"YKL165C-A",0,0,0,0,0,0,0,1,1,2,0,1
"YKL166C",21,41,34,32,36,138,41,27,24,57,97,45
"YKL167C",33,61,34,36,35,30,22,33,42,46,67,32
"YKL168C",46,125,98,100,93,230,71,64,83,64,144,83
"YKL169C",3,6,3,2,0,0,3,2,1,2,6,3
"YKL170W",9,6,3,3,5,1,6,7,7,3,11,7
"YKL171W",52,187,137,106,86,293,97,59,79,67,151,106
"YKL172W",136,203,173,165,121,525,156,224,174,324,651,283
"YKL173W",50,89,94,97,56,128,58,94,61,86,166,78
"YKL174C",50,95,105,103,109,84,81,78,45,68,181,84
"YKL175W",103,332,232,233,210,497,248,167,145,197,329,193
"YKL176C",76,170,130,142,97,114,124,83,104,114,269,124
"YKL177W",0,0,0,0,0,0,0,0,0,0,0,0
"YKL178C",2,17,12,9,10,22,4,2,3,3,3,2
"YKL179C",81,247,184,170,131,192,117,88,88,132,264,130
"YKL180W",1033,1860,1539,1562,1346,2413,1332,1355,1238,1813,2845,1668
"YKL181W",374,538,477,433,370,536,479,425,379,623,1083,602
"YKL182W",944,1002,730,730,544,381,611,1010,963,1345,2813,1400
"YKL183C-A",1,6,3,2,0,2,2,7,2,3,5,5
"YKL183W",77,123,109,91,100,59,117,70,71,86,175,140
"YKL184W",97,206,181,163,124,264,135,125,131,123,297,136
"YKL185W",128,189,150,126,108,368,131,164,132,219,413,237
"YKL186C",59,162,132,101,113,206,135,81,74,96,167,110
"YKL187C",28,86,73,64,61,138,87,45,45,34,75,87
"YKL188C",26,100,73,60,52,118,51,30,34,36,69,35
"YKL189W",17,96,55,52,54,57,51,39,47,53,93,33
"YKL190W",100,307,245,216,226,252,204,135,144,133,292,184
"YKL191W",91,156,140,109,78,75,138,128,84,157,302,189
"YKL192C",152,358,224,173,244,401,269,209,193,228,305,220
"YKL193C",45,140,87,93,75,97,73,57,83,65,110,70
"YKL194C",37,63,67,34,35,26,45,35,46,35,77,48
"YKL195W",260,549,407,397,294,657,335,281,318,291,623,429
"YKL196C",178,362,282,273,270,422,281,162,187,256,400,276
"YKL197C",41,87,81,74,45,166,46,38,45,48,117,65
"YKL198C",146,228,181,154,122,294,142,129,124,140,284,231
"YKL201C",45,150,83,75,77,99,90,56,76,79,151,80
"YKL202W",0,9,7,4,3,0,3,2,7,2,3,4
"YKL203C",100,250,170,167,145,254,161,78,89,109,252,140
"YKL204W",104,212,157,163,130,1014,134,94,88,110,308,137
"YKL205W",27,90,61,57,42,202,47,81,65,114,182,73
"YKL206C",53,97,104,92,82,110,69,33,59,57,107,66
"YKL207W",250,489,423,302,347,236,386,204,236,262,474,384
"YKL208W",17,56,48,48,46,24,43,33,23,28,32,44
"YKL209C",70,254,202,211,159,271,146,168,122,204,366,160
"YKL210W",315,716,607,607,467,918,440,322,379,387,904,538
"YKL211C",144,311,253,245,200,168,247,114,119,168,263,175
"YKL212W",246,372,361,287,256,391,253,235,195,256,552,365
"YKL213C",139,267,222,222,197,302,186,144,126,154,314,178
"YKL214C",29,79,74,59,51,44,48,40,53,59,98,48
"YKL215C",62,119,115,91,79,253,63,53,59,75,161,74
"YKL216W",535,800,763,710,603,621,550,659,611,839,1644,880
"YKL217W",38,101,80,63,72,90,66,22,36,23,63,45
"YKL218C",77,120,90,78,66,58,77,43,50,33,82,91
"YKL219W",24,83,54,45,47,23,32,35,43,36,73,38
"YKL220C",22,58,31,37,34,12,26,35,32,38,72,31
"YKL221W",6,19,13,9,10,32,9,1,0,5,6,4
"YKL222C",18,64,38,39,25,78,20,19,20,24,64,35
"YKL223W",0,0,0,0,0,0,0,0,0,0,0,0
"YKL224C",0,0,0,0,0,0,0,0,0,0,0,0
"YKL225W",0,0,0,0,0,0,0,0,0,0,0,0
"YKR001C",216,449,391,394,263,588,291,218,233,258,573,329
"YKR002W",67,203,161,170,132,164,129,88,83,115,264,123
"YKR003W",67,160,116,102,104,237,92,61,84,73,168,97
"YKR004C",13,37,22,9,18,21,16,12,24,30,49,17
"YKR005C",6,12,11,8,6,14,11,10,10,16,37,8
"YKR006C",57,100,85,67,78,141,76,60,75,69,124,68
"YKR007W",81,169,124,87,131,291,112,76,91,100,162,133
"YKR008W",39,141,86,85,76,315,92,77,82,91,179,52
"YKR009C",39,104,92,62,54,167,75,46,63,63,95,59
"YKR010C",23,82,54,54,44,55,36,37,40,46,90,26
"YKR011C",48,150,104,107,98,228,81,55,93,69,134,55
"YKR012C",1,5,4,6,2,2,4,2,1,2,4,1
"YKR013W",279,630,486,436,413,1369,501,198,236,279,504,420
"YKR014C",139,337,270,268,210,742,198,141,160,181,345,235
"YKR015C",16,48,30,32,36,94,23,23,22,28,44,19
"YKR016W",66,195,153,134,103,102,96,84,104,95,213,126
"YKR017C",36,112,76,61,46,193,59,43,36,49,121,57
"YKR018C",227,453,420,401,317,325,314,210,223,269,560,371
"YKR019C",33,80,59,51,45,140,54,37,38,43,88,50
"YKR020W",25,72,69,50,64,80,38,40,26,33,70,33
"YKR021W",50,141,106,105,66,226,120,60,61,84,185,74
"YKR022C",35,110,85,95,83,103,69,66,67,55,122,73
"YKR023W",34,112,95,91,81,282,59,58,44,71,171,65
"YKR024C",15,21,6,12,15,18,14,40,23,59,85,29
"YKR025W",64,129,136,109,85,112,118,94,78,124,202,122
"YKR026C",83,139,110,95,101,254,90,101,93,143,263,126
"YKR027W",38,81,56,75,48,56,49,67,61,70,150,73
"YKR028W",156,289,231,245,179,378,176,186,176,209,486,203
"YKR029C",23,108,57,61,56,119,39,48,40,45,112,49
"YKR030W",35,108,56,65,77,184,63,47,68,66,96,55
"YKR031C",83,192,145,181,87,197,103,89,102,110,286,111
"YKR032W",0,0,0,0,0,0,0,0,0,0,0,0
"YKR033C",0,0,0,0,0,0,0,0,0,0,1,0
"YKR034W",0,1,0,1,1,1,0,0,1,0,0,0
"YKR035C",2,1,0,0,1,1,2,0,2,0,0,0
"YKR035W-A",0,0,0,0,0,0,0,0,0,0,0,0
"YKR036C",37,84,82,75,57,192,69,45,51,67,123,75
"YKR037C",8,51,39,25,33,43,26,22,14,15,47,25
"YKR038C",68,201,119,114,133,212,151,86,98,127,215,147
"YKR039W",53,354,256,227,185,113,246,29,55,51,79,72
"YKR040C",0,0,0,0,1,1,1,0,0,0,1,0
"YKR041W",2,12,9,9,5,11,9,1,5,5,3,2
"YKR042W",1854,3723,3064,2905,2536,1964,3173,1888,1719,2771,4515,3551
"YKR043C",322,451,437,402,331,1029,405,261,251,378,764,551
"YKR044W",48,131,100,89,70,181,100,70,54,75,178,79
"YKR045C",18,28,27,15,21,68,25,21,16,18,32,31
"YKR046C",134,377,309,261,255,307,247,165,172,199,364,294
"YKR047W",7,22,9,11,6,2,4,11,12,10,33,4
"YKR048C",293,414,441,419,242,236,314,183,217,241,558,409
"YKR049C",68,179,148,101,111,140,144,46,81,78,107,121
"YKR050W",70,138,159,106,100,110,117,75,72,88,155,127
"YKR051W",48,152,145,94,103,130,99,72,83,83,152,81
"YKR052C",49,109,78,73,61,132,92,62,63,77,142,96
"YKR053C",79,60,79,53,57,126,49,57,55,76,154,95
"YKR054C",52,148,124,137,106,102,88,86,86,118,260,99
"YKR055W",14,58,43,33,32,54,30,25,15,21,36,18
"YKR056W",31,54,32,28,26,114,42,57,44,82,158,56
"YKR057W",1152,1369,1177,1079,1074,78,1493,1059,904,1650,2231,1802
"YKR058W",204,186,149,157,103,276,110,138,242,186,386,307
"YKR059W",140,279,257,185,180,209,230,190,190,225,419,282
"YKR060W",13,20,18,20,15,34,8,28,11,33,37,16
"YKR061W",30,54,41,28,31,49,23,35,39,52,116,45
"YKR062W",62,148,152,134,108,75,99,71,75,78,166,98
"YKR063C",28,80,38,55,26,60,26,34,21,48,101,37
"YKR064W",30,75,60,61,56,160,39,49,39,58,123,43
"YKR065C",93,151,137,99,117,158,132,83,95,112,190,152
"YKR066C",287,567,463,421,334,560,373,233,237,258,536,410
"YKR067W",134,350,206,193,153,179,159,122,174,131,256,167
"YKR068C",42,127,92,84,92,82,78,65,73,77,160,67
"YKR069W",48,158,88,117,106,102,92,30,33,40,75,40
"YKR070W",80,151,149,133,103,52,117,65,66,91,126,126
"YKR071C",86,219,165,174,141,227,166,122,104,140,270,105
"YKR072C",206,247,216,244,183,596,181,150,174,204,404,271
"YKR073C",1,2,2,0,0,1,1,1,1,1,5,1
"YKR074W",56,145,99,96,89,291,85,64,77,94,126,87
"YKR075C",281,1065,729,506,555,2722,796,494,421,559,857,533
"YKR075W-A",0,0,0,0,0,0,0,0,0,0,0,0
"YKR076W",70,206,167,149,143,245,167,34,72,35,64,68
"YKR077W",31,85,64,52,60,210,37,16,25,28,53,23
"YKR078W",23,89,59,55,41,202,46,40,44,60,97,32
"YKR079C",23,55,41,35,39,56,31,79,45,89,159,68
"YKR080W",435,80,92,97,77,30,47,139,173,188,377,205
"YKR081C",51,113,71,87,71,80,84,124,96,222,338,114
"YKR082W",42,106,71,69,57,96,51,77,70,89,207,70
"YKR083C",18,57,29,41,30,181,32,19,27,41,44,33
"YKR084C",100,215,164,155,142,115,133,96,108,117,262,128
"YKR085C",60,80,67,50,69,84,64,62,60,81,132,103
"YKR086W",33,73,63,66,53,131,60,65,48,84,164,57
"YKR087C",32,111,63,62,56,139,64,53,43,59,98,56
"YKR088C",62,158,146,139,99,138,94,86,81,100,167,95
"YKR089C",211,435,356,295,238,661,261,184,220,217,539,304
"YKR090W",70,164,114,117,92,231,111,64,77,82,184,107
"YKR091W",132,218,151,79,92,411,149,141,221,185,287,223
"YKR092C",46,101,93,90,76,77,73,117,68,145,281,102
"YKR093W",71,74,67,76,40,79,69,50,57,68,158,88
"YKR094C",789,1392,1190,890,974,265,1126,1006,931,1437,2152,1321
"YKR095W",118,358,302,345,248,588,206,159,177,199,615,178
"YKR095W-A",17,57,40,32,45,34,45,25,34,32,39,30
"YKR096W",69,238,149,154,114,665,154,116,98,108,198,118
"YKR097W",9,48,42,36,26,31,29,7,15,18,29,25
"YKR098C",60,211,140,111,97,320,96,58,90,68,156,79
"YKR099W",21,82,48,55,33,132,39,41,25,53,94,41
"YKR100C",54,218,141,119,133,169,119,87,96,105,191,94
"YKR101W",12,61,34,20,22,52,24,16,16,22,37,17
"YKR102W",9,27,20,19,23,76,25,17,14,20,41,20
"YKR103W",10,17,13,8,9,22,4,10,8,15,39,9
"YKR104W",1,11,12,8,9,11,10,5,8,9,21,7
"YKR105C",1,10,6,4,8,22,5,2,6,5,11,4
"YKR106W",4,13,12,13,10,23,3,6,4,5,3,5
"YLL001W",60,179,143,119,114,177,117,71,97,91,175,101
"YLL002W",16,50,37,42,30,46,28,33,23,25,40,28
"YLL003W",28,82,68,62,46,93,60,35,48,51,99,37
"YLL004W",8,22,18,19,13,17,13,11,19,29,39,14
"YLL005C",20,60,37,30,30,49,16,30,35,22,60,29
"YLL006W",29,42,44,52,38,47,27,30,31,28,58,40
"YLL006W-A",0,2,0,0,0,2,0,0,1,0,1,0
"YLL007C",22,48,40,32,29,38,32,29,36,39,70,45
"YLL008W",60,116,68,54,34,104,57,146,81,208,447,148
"YLL009C",42,78,43,55,53,134,76,54,65,74,96,63
"YLL010C",86,153,136,106,87,572,92,85,85,99,235,124
"YLL011W",26,31,15,22,24,42,27,60,36,72,139,27
"YLL012W",38,85,53,59,56,156,53,78,68,113,152,78
"YLL013C",33,44,62,53,26,56,37,29,23,29,104,58
"YLL014W",37,106,87,73,86,19,94,56,58,65,146,67
"YLL015W",140,331,286,260,216,159,199,174,181,183,445,193
"YLL016W",21,87,52,55,35,126,52,46,38,47,93,48
"YLL017W",6,17,12,8,7,29,13,12,10,16,29,15
"YLL018C",543,821,761,739,526,746,555,518,516,644,1420,850
"YLL018C-A",52,65,67,53,51,278,65,34,35,46,72,65
"YLL019C",77,165,130,125,98,344,103,80,119,87,151,110
"YLL019W-A",0,0,0,0,0,0,0,0,0,0,0,0
"YLL020C",0,9,4,6,6,3,1,2,4,3,20,0
"YLL021W",109,293,255,249,210,451,202,157,121,182,437,190
"YLL022C",56,161,116,114,98,260,91,47,68,71,167,112
"YLL023C",106,376,290,254,249,224,238,126,137,147,260,190
"YLL024C",972,1209,1188,1078,978,426,923,1007,992,1179,2134,1785
"YLL025W",5,15,12,4,14,11,8,9,5,4,6,9
"YLL026W",1189,750,945,1170,883,308,500,870,881,911,2051,1206
"YLL027W",126,246,171,167,174,502,186,126,127,138,243,155
"YLL028W",55,96,56,49,46,76,59,67,62,117,181,77
"YLL029W",154,392,336,264,285,524,279,221,215,249,484,278
"YLL030C",0,0,0,0,0,0,0,0,0,0,0,0
"YLL031C",59,162,130,96,91,216,90,80,99,104,214,110
"YLL032C",28,51,34,35,37,40,35,36,32,55,95,31
"YLL033W",5,11,12,0,8,9,9,11,10,13,22,12
"YLL034C",35,57,39,47,22,50,43,62,39,104,204,57
"YLL035W",12,16,17,15,18,44,12,21,17,42,72,23
"YLL036C",48,108,88,78,77,170,83,85,69,88,180,77
"YLL037W",1,2,1,2,2,4,2,0,2,2,4,2
"YLL038C",23,28,28,25,22,39,23,15,14,27,68,39
"YLL039C",355,594,533,473,417,110,435,230,418,231,452,589
"YLL040C",181,307,325,298,216,144,222,114,164,140,355,265
"YLL041C",124,226,170,153,129,173,186,90,129,112,192,208
"YLL042C",1,12,5,6,2,2,7,4,1,7,7,6
"YLL043W",206,550,505,491,341,1541,392,230,223,299,629,364
"YLL044W",0,1,0,1,0,0,0,0,0,1,5,0
"YLL045C",1079,1634,1401,1486,1251,413,1311,1076,1089,1696,2544,1763
"YLL046C",0,1,0,0,0,0,0,0,0,0,2,0
"YLL047W",0,0,1,0,0,0,0,0,0,0,2,0
"YLL048C",172,299,296,265,217,196,181,213,206,272,571,322
"YLL049W",15,51,27,22,32,10,22,28,30,27,66,25
"YLL050C",334,1183,890,734,715,194,685,439,481,606,881,529
"YLL051C",84,141,119,129,93,229,81,91,87,104,236,107
"YLL052C",12,3,4,2,1,2,2,13,10,21,28,21
"YLL053C",16,11,9,6,6,1,3,19,23,23,49,27
"YLL054C",13,29,22,30,19,41,23,32,27,40,70,42
"YLL055W",25,88,68,60,71,69,70,44,31,47,84,45
"YLL056C",4,42,41,38,31,30,35,15,12,18,36,12
"YLL057C",18,42,33,27,24,56,30,23,13,17,44,17
"YLL058W",67,135,115,121,92,71,80,50,60,49,118,74
"YLL059C",5,8,10,4,9,27,4,2,4,5,7,2
"YLL060C",37,144,122,98,90,113,95,20,36,27,66,53
"YLL061W",72,220,184,179,135,121,138,41,56,57,88,53
"YLL062C",14,47,42,34,22,57,25,13,12,15,25,11
"YLL063C",14,39,25,28,32,54,26,28,24,18,43,19
"YLL064C",0,0,0,0,0,0,0,0,0,0,0,0
"YLL065W",0,0,0,0,0,0,0,0,0,0,0,0
"YLL066C",1,1,0,0,1,0,0,0,1,0,0,2
"YLL066W-A",0,0,0,0,0,0,0,0,0,0,0,0
"YLL066W-B",0,0,0,0,0,0,0,0,0,0,0,0
"YLL067C",0,1,0,1,0,1,0,0,0,0,0,0
"YLL067W-A",0,0,0,0,0,0,0,0,0,0,0,0
"YLR001C",42,156,98,98,88,242,62,39,72,46,127,54
"YLR002C",32,56,35,42,33,47,36,71,51,116,224,71
"YLR003C",12,26,16,15,7,18,10,44,40,55,102,29
"YLR004C",5,31,39,34,19,60,25,14,16,25,36,24
"YLR005W",46,171,128,115,101,161,102,80,80,89,177,105
"YLR006C",74,235,142,164,142,779,129,107,123,135,288,119
"YLR007W",49,84,99,65,78,88,75,47,68,70,118,79
"YLR008C",39,43,30,35,32,27,31,58,51,63,125,44
"YLR009W",44,83,56,64,44,288,54,126,91,193,367,107
"YLR010C",4,16,9,10,16,1,8,5,10,14,12,11
"YLR011W",25,60,67,37,41,51,68,22,27,30,58,48
"YLR012C",0,3,2,2,0,5,1,0,0,0,1,0
"YLR013W",0,1,0,0,0,0,0,0,0,1,0,0
"YLR014C",8,18,11,8,8,14,8,19,5,17,34,14
"YLR015W",35,55,51,37,36,69,45,31,28,40,109,43
"YLR016C",35,88,76,68,72,81,58,57,44,51,104,53
"YLR017W",71,94,115,89,82,59,76,90,69,100,166,119
"YLR018C",42,109,87,53,67,168,69,42,43,82,120,88
"YLR019W",160,336,259,219,178,774,227,138,154,180,338,235
"YLR020C",47,146,113,100,77,291,75,85,71,94,202,94
"YLR021W",24,67,58,45,56,40,50,33,31,41,70,58
"YLR022C",28,57,47,30,28,81,30,44,24,50,92,42
"YLR023C",70,159,146,125,114,114,98,79,100,96,190,146
"YLR024C",32,69,66,57,46,62,42,45,48,58,123,67
"YLR025W",169,348,277,258,252,800,241,162,153,182,378,225
"YLR026C",50,121,110,79,98,173,101,73,71,79,165,82
"YLR027C",416,952,831,751,662,700,704,399,416,448,784,645
"YLR028C",403,757,704,652,606,794,526,427,403,500,953,602
"YLR029C",1641,2645,2522,2307,1947,652,2052,1768,1620,2459,4518,2735
"YLR030W",9,43,25,20,16,41,21,10,12,14,33,14
"YLR031W",3,11,7,8,8,13,4,5,3,8,16,0
"YLR032W",34,83,46,61,50,134,47,39,43,41,96,43
"YLR033W",51,154,102,96,92,160,83,77,79,116,217,89
"YLR034C",63,113,86,111,99,160,81,99,93,108,213,87
"YLR035C",27,66,35,44,43,114,38,32,27,19,65,28
"YLR035C-A",0,0,0,0,0,0,0,0,0,0,0,0
"YLR036C",17,52,37,27,35,117,21,29,26,32,61,20
"YLR037C",12,38,29,31,24,27,25,14,20,8,16,13
"YLR038C",32,114,70,74,64,37,66,39,68,39,74,46
"YLR039C",41,91,84,83,68,137,49,50,62,63,138,50
"YLR040C",14,31,20,21,16,85,18,14,16,21,37,22
"YLR041W",1,4,3,1,2,16,1,1,1,1,3,0
"YLR042C",5,24,17,13,20,40,18,13,9,17,14,13
"YLR043C",198,557,472,426,428,368,376,271,290,353,498,328
"YLR044C",14531,16816,17736,17352,12653,8716,14465,10531,11404,14401,28557,25440
"YLR045C",64,166,139,141,113,257,79,60,62,98,220,125
"YLR046C",12,57,53,46,37,67,40,21,27,30,66,22
"YLR047C",16,35,33,28,22,49,10,25,23,31,58,27
"YLR048W",1127,1718,1433,1506,1220,1280,1240,1345,1310,1825,3111,1705
"YLR049C",20,83,62,57,39,29,54,20,28,35,59,33
"YLR050C",52,176,156,96,117,88,132,48,45,64,93,106
"YLR051C",31,59,39,57,41,77,38,59,39,62,122,47
"YLR052W",43,92,78,65,66,256,71,62,66,84,171,90
"YLR053C",6,6,3,4,8,0,5,4,6,7,10,5
"YLR054C",10,23,19,26,20,33,20,4,10,5,6,9
"YLR055C",105,252,220,195,186,333,224,92,94,133,235,206
"YLR056W",475,459,546,402,431,263,427,590,474,814,1285,768
"YLR057W",21,69,76,75,57,175,45,42,34,54,116,45
"YLR058C",960,256,242,249,270,179,163,368,451,529,996,486
"YLR059C",74,147,98,102,115,230,104,75,90,109,184,132
"YLR060W",376,545,506,476,402,488,396,432,403,574,1068,697
"YLR061W",1,2,4,1,0,1,1,5,0,3,1,1
"YLR062C",2,9,2,5,0,0,1,11,11,10,25,0
"YLR063W",4,13,7,6,6,7,7,13,6,21,24,10
"YLR064W",44,91,67,76,71,104,66,70,59,85,147,58
"YLR065C",82,192,165,146,137,167,130,108,115,139,268,125
"YLR066W",77,192,168,125,148,48,150,83,110,117,165,104
"YLR067C",17,44,45,31,30,65,25,46,48,67,104,39
"YLR068W",4,23,17,9,11,61,15,25,28,34,79,15
"YLR069C",107,208,187,132,118,321,151,89,128,136,265,185
"YLR070C",17,63,60,57,53,115,65,24,30,16,52,31
"YLR071C",74,174,136,95,77,558,80,96,64,139,245,109
"YLR072W",101,239,193,168,147,223,198,90,121,116,238,172
"YLR073C",2,6,3,4,6,18,4,8,6,14,15,6
"YLR074C",77,151,108,78,100,312,149,129,112,220,297,206
"YLR075W",881,1638,1509,1347,1128,235,1530,1123,964,1622,2580,1662
"YLR076C",7,86,45,41,36,1,27,48,43,53,136,25
"YLR077W",84,159,133,117,109,143,110,57,85,85,179,119
"YLR078C",46,122,99,95,107,38,86,52,56,65,104,83
"YLR079W",63,326,215,211,190,382,214,110,131,153,256,143
"YLR080W",23,72,74,56,61,99,48,14,24,18,37,23
"YLR081W",7,21,18,13,19,32,19,15,14,15,35,25
"YLR082C",15,47,41,36,39,49,29,32,21,37,69,22
"YLR083C",121,240,194,178,114,111,156,179,174,259,544,232
"YLR084C",41,119,50,63,61,151,79,48,75,73,120,68
"YLR085C",44,140,93,101,90,118,79,52,71,64,110,80
"YLR086W",41,130,113,95,75,140,86,64,60,78,179,83
"YLR087C",44,96,76,72,67,138,50,63,55,48,141,68
"YLR088W",44,131,88,97,78,169,82,81,59,80,137,80
"YLR089C",283,333,252,255,212,573,222,255,312,270,576,406
"YLR090W",74,130,98,74,61,105,106,69,88,101,214,139
"YLR091W",24,77,59,52,53,83,53,35,38,38,76,49
"YLR092W",54,151,126,119,102,190,81,58,58,60,138,61
"YLR093C",114,326,243,238,200,323,233,113,159,144,280,184
"YLR094C",55,103,89,84,73,317,88,38,65,76,133,71
"YLR095C",78,229,182,169,169,642,160,93,103,135,244,129
"YLR096W",90,155,149,103,85,593,100,134,117,172,339,148
"YLR097C",22,88,49,45,46,47,31,27,28,40,74,34
"YLR098C",18,45,47,33,36,66,41,42,36,48,67,33
"YLR099C",74,115,101,78,85,233,62,112,84,125,253,164
"YLR099W-A",55,158,153,158,204,52,173,46,39,80,92,102
"YLR100W",99,226,209,158,141,217,131,107,135,171,260,201
"YLR101C",2,10,9,11,6,5,7,5,6,3,15,7
"YLR102C",31,45,49,34,36,49,31,31,33,31,48,44
"YLR103C",17,55,43,38,32,73,28,19,14,25,50,23
"YLR104W",37,115,66,62,67,246,70,37,51,55,88,41
"YLR105C",42,131,99,84,82,157,92,48,56,48,118,73
"YLR106C",256,523,436,462,310,760,376,395,332,573,1344,482
"YLR107W",29,65,80,85,70,48,50,46,47,67,121,63
"YLR108C",19,195,115,102,83,129,96,32,29,46,74,37
"YLR109W",3056,6409,6510,5429,5368,3035,5190,2177,2880,2938,4654,5759
"YLR110C",8689,15137,14349,11888,11649,9477,13143,7689,8816,11394,20670,16299
"YLR111W",0,26,20,19,9,20,9,5,0,2,2,3
"YLR112W",11,53,33,28,31,81,34,13,12,8,8,12
"YLR113W",377,697,544,489,475,521,531,370,403,513,817,594
"YLR114C",141,275,250,234,173,608,171,145,138,193,412,246
"YLR115W",38,80,83,77,63,151,44,59,56,58,133,52
"YLR116W",56,97,104,79,70,215,53,60,59,74,176,97
"YLR117C",29,143,77,100,71,131,64,63,53,74,159,42
"YLR118C",46,111,111,77,85,74,54,64,57,60,116,70
"YLR119W",14,54,35,24,33,40,24,17,29,19,43,18
"YLR120C",310,456,357,318,320,769,329,358,367,345,817,530
"YLR120W-A",2,10,4,4,4,7,6,3,4,6,7,1
"YLR121C",221,270,273,226,213,288,215,141,129,194,357,272
"YLR122C",2,8,7,6,4,4,7,0,0,4,5,3
"YLR123C",2,1,2,1,4,4,0,0,4,3,2,2
"YLR124W",3,1,3,3,0,10,3,4,4,3,5,7
"YLR125W",8,13,7,13,3,9,5,11,10,6,13,14
"YLR126C",19,80,60,66,47,61,54,35,45,58,101,51
"YLR127C",24,98,62,54,54,78,36,53,38,47,96,42
"YLR128W",17,44,31,24,28,48,31,25,21,29,36,32
"YLR129W",36,83,52,65,42,101,50,92,64,130,317,70
"YLR130C",109,217,177,143,113,95,139,134,148,185,299,187
"YLR131C",61,117,98,64,94,264,87,50,67,59,164,101
"YLR132C",20,51,48,27,41,83,33,17,30,27,61,36
"YLR133W",83,149,113,120,90,319,103,67,79,87,158,129
"YLR134W",24,59,54,42,46,20,48,37,34,44,84,43
"YLR135W",27,54,39,40,45,85,25,22,21,31,43,36
"YLR136C",39,46,28,31,23,44,20,72,62,91,151,63
"YLR137W",30,106,117,87,87,92,120,36,37,51,94,53
"YLR138W",219,463,413,476,312,714,334,215,223,250,601,388
"YLR139C",33,65,53,62,33,423,47,42,24,42,98,42
"YLR140W",2,8,1,1,3,26,1,3,2,5,5,0
"YLR141W",21,73,60,68,55,54,72,35,20,34,61,46
"YLR142W",27,46,46,30,27,32,21,19,22,12,36,30
"YLR143W",29,69,46,64,45,56,54,41,32,56,118,44
"YLR144C",31,86,91,67,71,69,62,57,50,62,98,75
"YLR145W",18,48,25,22,37,72,22,23,24,33,49,31
"YLR146C",36,100,58,55,42,36,54,69,39,76,112,75
"YLR146W-A",12,40,31,16,31,20,30,13,14,23,35,14
"YLR147C",34,70,59,40,39,224,69,31,35,47,71,60
"YLR148W",29,90,58,55,57,33,40,42,48,41,105,42
"YLR149C",73,217,194,138,131,379,132,57,85,55,113,107
"YLR149C-A",3,5,6,4,3,11,4,0,9,5,15,7
"YLR150W",2098,2871,2787,2743,1981,713,2119,1949,1867,2772,5398,3898
"YLR151C",19,143,94,81,64,144,71,24,26,23,45,44
"YLR152C",60,83,85,68,66,149,53,73,73,91,161,93
"YLR153C",457,1016,801,746,604,235,777,445,466,544,1032,673
"YLR154C",16,89,74,75,68,148,73,17,46,43,56,39
"YLR154C-G",0,0,0,0,0,0,0,0,0,0,0,0
"YLR154C-H",0,0,0,0,0,0,0,0,0,0,0,0
"YLR154W-A",0,0,0,0,0,0,0,0,0,0,0,0
"YLR154W-B",0,0,0,0,0,0,0,0,0,0,0,0
"YLR154W-C",0,0,0,0,0,0,0,0,0,0,0,0
"YLR154W-E",0,0,0,0,0,0,0,0,0,0,0,0
"YLR154W-F",0,0,0,0,0,0,0,0,0,0,0,0
"YLR155C",0,0,0,0,0,0,0,0,0,0,0,0
"YLR156C-A",0,0,0,0,0,0,0,0,0,0,0,0
"YLR156W",0,0,0,0,0,0,0,0,0,0,0,0
"YLR157C",0,0,0,0,0,0,0,0,0,0,0,0
"YLR157C-A",0,0,0,0,0,0,0,0,0,0,0,0
"YLR157C-B",0,0,0,0,0,0,0,0,0,0,0,0
"YLR157C-C",0,0,0,0,0,0,0,0,0,0,0,0
"YLR157W-D",0,0,0,0,0,0,0,0,0,0,0,0
"YLR157W-E",0,0,0,0,0,0,0,0,0,0,0,0
"YLR158C",0,0,0,0,0,0,0,0,0,0,0,0
"YLR159C-A",0,0,0,0,0,0,0,0,0,0,0,0
"YLR159W",0,0,0,0,0,0,0,0,0,0,0,0
"YLR160C",0,0,0,0,0,0,0,0,0,0,0,0
"YLR161W",0,0,0,0,0,0,0,0,0,0,0,0
"YLR162W",0,0,0,0,1,4,0,0,0,1,3,0
"YLR162W-A",0,1,0,1,4,0,5,0,2,2,0,0
"YLR163C",53,127,97,64,83,146,88,72,78,74,162,100
"YLR163W-A",0,0,0,0,0,0,0,0,0,0,0,0
"YLR164W",7,58,38,27,32,36,44,16,26,18,25,22
"YLR165C",16,41,34,28,23,45,31,19,25,30,50,23
"YLR166C",37,115,84,68,70,106,51,59,71,60,139,52
"YLR167W",4378,6900,6203,6072,5422,1990,6175,4955,4785,7055,10877,8750
"YLR168C",29,56,46,34,30,143,12,21,31,39,56,38
"YLR169W",11,42,23,25,28,59,18,11,20,11,28,22
"YLR170C",0,0,0,0,0,0,0,0,0,0,0,0
"YLR171W",1,0,0,0,1,1,0,0,0,0,1,0
"YLR172C",101,223,173,173,145,280,184,165,140,228,340,199
"YLR173W",70,100,94,83,85,80,80,47,54,64,108,100
"YLR174W",17,40,25,21,18,45,25,11,18,10,32,14
"YLR175W",468,660,478,527,412,356,500,592,509,920,1646,936
"YLR176C",38,78,61,39,44,189,42,35,39,49,102,65
"YLR177W",244,461,318,243,244,525,245,285,325,282,555,440
"YLR178C",172,303,223,196,229,189,236,105,164,122,197,233
"YLR179C",421,578,528,460,521,308,473,327,377,451,683,566
"YLR180W",641,599,524,439,407,240,531,578,488,824,1345,942
"YLR181C",47,176,142,132,120,270,116,83,62,82,146,95
"YLR182W",55,171,112,129,97,230,91,89,96,88,252,91
"YLR183C",25,73,35,57,33,40,36,39,25,39,67,44
"YLR184W",0,0,1,0,0,0,0,0,0,1,0,0
"YLR185W",492,1014,816,648,879,105,932,747,703,1022,1192,771
"YLR186W",53,107,86,82,64,51,90,127,97,148,278,122
"YLR187W",40,63,49,56,55,290,54,46,28,53,94,40
"YLR188W",88,183,147,169,124,270,134,75,86,122,209,119
"YLR189C",93,213,143,169,130,137,117,75,88,103,233,134
"YLR190W",61,116,83,47,55,57,68,82,61,89,183,105
"YLR191W",22,87,66,51,52,86,59,34,45,35,77,44
"YLR192C",298,749,650,717,551,633,462,421,395,459,937,468
"YLR193C",22,79,80,59,40,140,55,38,30,50,83,39
"YLR194C",594,489,488,371,431,752,444,300,365,347,795,780
"YLR195C",64,148,118,89,86,238,72,85,82,104,234,75
"YLR196W",117,204,173,148,150,367,147,207,116,311,646,280
"YLR197W",181,351,223,229,159,118,196,297,275,416,836,344
"YLR198C",1,8,2,6,1,0,2,6,5,4,11,2
"YLR199C",25,60,57,52,43,62,41,40,44,49,94,43
"YLR200W",45,118,71,73,63,285,62,53,63,75,142,68
"YLR201C",32,96,74,68,63,77,48,55,53,50,102,54
"YLR202C",1,13,6,4,10,21,5,1,9,9,4,2
"YLR203C",114,215,157,147,144,265,164,108,161,156,245,180
"YLR204W",101,173,143,115,136,339,128,76,105,110,194,152
"YLR205C",28,57,35,26,29,55,41,29,41,37,62,68
"YLR206W",294,565,458,389,354,2290,401,231,247,292,644,508
"YLR207W",95,228,178,141,124,290,143,82,107,119,200,120
"YLR208W",190,400,372,359,291,280,322,208,207,280,527,340
"YLR209C",53,134,121,105,91,60,112,74,81,91,139,111
"YLR210W",13,35,34,23,20,58,21,16,14,25,51,18
"YLR211C",12,55,24,21,19,42,22,18,20,12,23,16
"YLR212C",36,82,65,96,84,112,71,33,45,62,88,58
"YLR213C",14,81,49,68,52,74,63,29,18,23,61,19
"YLR214W",144,225,152,145,106,202,114,283,233,372,670,299
"YLR215C",20,32,31,28,28,83,23,35,26,32,75,27
"YLR216C",196,301,311,260,230,120,193,155,218,212,365,334
"YLR217W",0,0,0,0,0,1,1,0,0,1,0,0
"YLR218C",69,140,152,132,110,141,107,65,76,70,146,151
"YLR219W",144,378,277,237,174,665,211,145,138,175,382,209
"YLR220W",129,315,235,220,201,158,208,109,168,158,314,174
"YLR221C",53,133,84,84,65,256,72,108,86,145,281,90
"YLR222C",45,71,49,39,35,52,61,88,58,132,221,81
"YLR222C-A",2,2,3,2,2,0,4,7,2,3,9,4
"YLR223C",30,75,49,49,37,81,45,60,34,102,172,71
"YLR224W",91,303,229,183,186,341,220,110,118,156,251,172
"YLR225C",124,244,163,159,146,175,167,134,146,175,355,162
"YLR226W",6,35,16,15,25,17,8,11,16,22,56,15
"YLR227C",20,59,36,34,41,21,24,28,22,41,85,29
"YLR227W-A",0,0,0,0,0,0,0,0,0,0,0,0
"YLR227W-B",7,0,3,2,1,1,1,7,5,9,22,10
"YLR228C",114,251,204,189,147,386,161,117,109,137,299,180
"YLR229C",90,269,207,193,198,174,237,122,116,176,292,201
"YLR230W",8,26,9,16,9,90,27,8,13,16,29,15
"YLR231C",36,136,117,107,77,84,86,37,52,44,92,68
"YLR232W",1,1,0,0,1,0,0,0,0,1,1,2
"YLR233C",11,34,27,34,22,42,22,22,22,11,25,14
"YLR234W",15,25,19,24,14,45,24,12,9,7,26,32
"YLR235C",0,0,0,0,0,0,0,0,0,0,0,0
"YLR236C",1,3,2,2,0,2,3,1,0,1,2,4
"YLR237W",31,89,75,59,58,117,56,60,41,74,130,61
"YLR238W",28,114,79,52,67,190,46,46,37,58,104,34
"YLR239C",29,76,55,57,45,98,45,45,53,65,111,70
"YLR240W",46,100,87,85,71,92,67,50,47,54,98,71
"YLR241W",111,234,203,200,162,260,166,132,139,130,249,165
"YLR242C",14,43,23,21,20,5,23,21,19,33,39,19
"YLR243W",16,59,31,37,30,64,29,41,42,55,108,37
"YLR244C",192,355,221,232,226,230,243,328,290,463,692,283
"YLR245C",20,30,25,17,21,15,21,21,26,6,24,29
"YLR246W",19,69,61,49,51,139,61,27,30,30,61,32
"YLR247C",55,130,135,171,107,189,92,81,82,94,207,85
"YLR248W",204,482,430,412,285,324,329,227,218,232,512,319
"YLR249W",3349,4652,4001,4214,2964,1263,3546,4481,3632,5863,11131,6152
"YLR250W",96,333,262,253,223,405,228,85,120,130,242,147
"YLR251W",14,54,42,39,37,28,38,32,20,39,57,38
"YLR252W",3,18,15,19,19,5,8,11,15,9,24,15
"YLR253W",98,170,137,124,101,149,108,67,82,102,205,133
"YLR254C",40,78,73,53,63,132,58,28,39,49,101,40
"YLR255C",2,5,5,3,4,12,3,2,0,0,8,3
"YLR256W",289,312,358,362,261,302,249,286,294,331,690,473
"YLR256W-A",4,3,1,7,4,0,1,2,3,2,6,3
"YLR257W",507,919,714,796,560,1396,525,541,673,571,1225,855
"YLR258W",719,345,288,245,185,260,185,411,766,440,980,1101
"YLR259C",727,952,891,948,722,560,667,556,662,728,1469,1203
"YLR260W",30,136,108,100,88,87,89,49,50,65,111,47
"YLR261C",0,0,0,0,0,0,0,0,0,1,0,0
"YLR262C",27,66,51,50,44,44,53,38,25,41,64,42
"YLR262C-A",97,292,232,262,223,29,183,175,158,228,350,163
"YLR263W",15,31,27,24,20,98,19,12,21,25,38,14
"YLR264C-A",53,56,38,60,55,13,26,98,86,110,206,63
"YLR264W",157,118,142,152,112,4,108,213,133,302,402,251
"YLR265C",16,39,26,23,27,33,16,30,31,27,69,15
"YLR266C",35,133,70,85,60,41,62,50,55,63,120,79
"YLR267W",33,64,41,38,33,66,28,25,51,30,54,52
"YLR268W",61,169,133,142,121,381,114,117,115,135,216,119
"YLR269C",4,17,12,3,13,15,12,8,14,8,16,15
"YLR270W",94,175,168,158,121,118,132,101,122,86,192,130
"YLR271W",21,49,50,34,35,66,25,26,23,30,54,25
"YLR272C",29,58,47,41,42,69,31,31,42,54,116,50
"YLR273C",11,39,28,35,21,82,24,10,17,13,28,21
"YLR274W",53,161,117,116,82,308,96,64,68,83,182,87
"YLR275W",6,49,22,17,26,84,13,21,18,21,46,12
"YLR276C",94,139,98,105,73,147,96,169,132,268,528,208
"YLR277C",42,88,63,73,51,77,49,57,56,64,129,42
"YLR278C",88,211,189,148,130,384,152,114,109,130,304,197
"YLR279W",6,9,5,7,7,0,10,2,3,4,6,5
"YLR280C",0,0,0,0,0,0,0,0,0,0,0,0
"YLR281C",2,6,6,3,5,3,10,5,2,5,6,4
"YLR282C",0,1,1,3,1,0,0,0,1,0,0,0
"YLR283W",13,39,41,21,27,22,32,20,23,16,44,14
"YLR284C",29,73,55,52,40,138,40,33,38,37,71,59
"YLR285C-A",8,46,14,32,25,14,10,27,32,35,68,11
"YLR285W",60,139,118,115,93,198,100,96,77,114,165,102
"YLR286C",1028,1454,1248,1079,1028,4019,1067,1060,1075,1212,2408,1574
"YLR286W-A",0,0,0,0,0,0,0,0,0,0,0,0
"YLR287C",19,30,27,35,30,32,22,32,27,41,76,36
"YLR287C-A",369,891,744,595,635,176,675,634,621,800,1285,685
"YLR288C",32,103,71,55,36,140,73,29,32,53,76,43
"YLR289W",15,48,42,25,29,53,30,12,22,35,69,32
"YLR290C",16,97,72,38,49,68,26,31,42,28,70,21
"YLR291C",43,112,94,79,67,95,60,83,62,95,212,93
"YLR292C",49,103,93,88,71,230,66,74,67,101,163,79
"YLR293C",735,1235,1193,1064,903,1210,899,802,788,1004,1883,1199
"YLR294C",19,67,49,38,59,246,36,25,33,34,52,25
"YLR295C",48,113,109,99,116,313,121,77,88,70,131,92
"YLR296W",0,2,0,0,0,1,0,0,0,1,0,0
"YLR297W",16,31,14,18,17,33,14,13,16,13,20,16
"YLR298C",26,113,68,61,48,245,51,28,41,50,97,35
"YLR299C-A",0,0,0,0,0,0,0,0,0,0,0,0
"YLR299W",115,250,188,172,169,319,144,71,95,95,208,127
"YLR300W",624,605,407,399,419,296,472,756,850,1031,1725,1197
"YLR301W",145,262,254,291,225,48,203,135,130,186,347,244
"YLR302C",0,0,0,0,0,0,0,0,0,0,0,0
"YLR303W",0,0,0,0,0,0,0,0,0,0,0,0
"YLR304C",502,677,548,547,453,252,480,505,623,535,1067,874
"YLR305C",110,241,218,201,164,162,169,131,118,182,360,192
"YLR306W",14,39,21,23,21,10,33,18,25,24,40,12
"YLR307C-A",0,1,0,0,0,0,2,0,0,0,0,0
"YLR307W",1,19,6,7,5,6,9,1,2,1,1,3
"YLR308W",0,0,0,0,0,0,0,0,1,0,1,1
"YLR309C",60,194,169,193,110,120,95,88,97,107,264,108
"YLR310C",108,279,220,223,135,501,175,119,133,165,377,161
"YLR311C",1,5,4,3,0,2,4,2,3,1,4,0
"YLR312C",10,83,47,51,38,86,51,18,14,8,27,16
"YLR312W-A",27,67,48,41,38,96,49,43,49,59,74,49
"YLR313C",8,42,27,33,15,27,14,14,14,14,39,17
"YLR314C",192,592,440,456,326,670,331,242,288,302,610,404
"YLR315W",7,18,17,20,18,12,23,9,7,12,23,23
"YLR316C",24,60,61,49,58,51,50,34,37,41,73,50
"YLR317W",0,0,0,0,0,0,0,0,0,1,0,0
"YLR318W",9,32,17,20,14,22,19,17,12,7,26,6
"YLR319C",35,93,87,90,53,199,53,42,58,81,143,51
"YLR320W",23,76,45,61,50,93,42,58,34,45,108,49
"YLR321C",23,68,46,48,46,128,34,42,38,43,106,36
"YLR322W",0,1,0,0,0,1,0,0,0,0,1,0
"YLR323C",12,45,32,28,28,58,36,23,20,28,55,26
"YLR324W",87,245,210,226,135,166,156,64,116,77,188,129
"YLR325C",594,1373,1107,1074,919,1098,817,1007,955,1341,2207,1015
"YLR326W",14,70,59,51,51,189,45,14,28,23,57,22
"YLR327C",583,252,180,134,125,180,175,248,636,233,452,797
"YLR328W",80,195,131,118,110,123,132,111,129,159,268,149
"YLR329W",2,17,10,8,8,14,8,6,13,15,12,6
"YLR330W",339,871,649,682,546,1128,554,308,394,441,957,526
"YLR331C",0,1,4,1,1,0,2,1,1,1,0,1
"YLR332W",135,428,365,284,306,592,342,166,124,170,296,251
"YLR333C",311,661,580,501,468,64,388,451,491,552,996,523
"YLR334C",0,1,0,0,0,0,0,2,0,2,0,0
"YLR335W",112,287,194,186,174,389,162,173,147,201,415,233
"YLR336C",17,33,32,33,17,40,17,36,14,44,100,29
"YLR337C",267,325,284,223,198,1827,166,114,149,153,440,311
"YLR338W",0,1,1,0,1,0,0,0,0,0,1,3
"YLR339C",1,7,1,0,1,3,4,0,2,2,10,3
"YLR340W",2080,3282,3479,3099,2539,1143,2629,1842,1885,2681,5485,3861
"YLR341W",4,22,14,11,14,22,11,4,6,9,19,4
"YLR342W",970,1903,1646,1501,1222,2203,1348,980,1033,1341,2726,1615
"YLR342W-A",2,36,4,20,8,6,6,12,22,13,51,3
"YLR343W",26,53,40,43,35,67,37,48,55,54,110,36
"YLR344W",466,911,793,658,707,723,782,714,683,950,1380,933
"YLR345W",90,277,201,181,174,457,136,88,151,113,217,147
"YLR346C",14,4,6,4,2,3,1,12,25,17,28,21
"YLR347C",80,116,114,106,78,113,88,101,85,128,231,128
"YLR347W-A",0,0,0,0,0,0,0,0,0,0,0,0
"YLR348C",98,340,372,281,258,238,357,102,100,115,188,203
"YLR349W",3,9,4,10,4,9,14,2,3,3,3,4
"YLR350W",292,1123,943,671,893,1678,1042,328,315,396,660,591
"YLR351C",162,365,336,290,286,159,307,176,173,198,369,320
"YLR352W",36,98,89,69,64,148,65,44,58,67,117,68
"YLR353W",41,110,83,75,57,186,57,54,47,74,125,80
"YLR354C",588,1214,893,942,727,736,694,646,785,794,1527,877
"YLR355C",1138,1150,1253,1360,988,382,934,820,825,1164,2210,1423
"YLR356W",35,150,127,110,118,527,66,25,58,32,68,38
"YLR357W",49,105,81,92,64,178,64,64,46,66,157,92
"YLR358C",0,8,8,2,5,6,4,3,5,4,6,7
"YLR359W",681,452,439,456,402,178,328,417,470,581,1059,533
"YLR360W",20,118,77,64,55,63,50,47,53,55,111,57
"YLR361C",35,51,61,51,26,74,32,20,27,40,76,43
"YLR361C-A",17,54,32,31,31,22,28,16,34,18,48,25
"YLR362W",44,140,88,124,83,291,68,47,42,65,141,69
"YLR363C",18,52,27,39,25,35,24,22,17,39,68,24
"YLR363W-A",7,24,18,13,15,9,8,27,20,43,66,10
"YLR364C-A",0,0,0,0,0,0,0,0,0,0,0,0
"YLR364W",5,11,16,11,19,22,13,6,15,8,21,10
"YLR365W",0,0,0,1,1,1,1,0,0,2,1,0
"YLR366W",1,2,0,1,1,2,2,1,1,4,2,0
"YLR367W",283,587,524,456,536,699,521,367,336,516,638,479
"YLR368W",35,68,84,48,42,119,54,29,30,59,92,36
"YLR369W",50,93,79,78,62,143,60,52,53,53,124,72
"YLR370C",86,210,153,122,119,342,111,92,148,131,205,171
"YLR371W",95,199,188,166,125,177,129,110,99,136,283,142
"YLR372W",246,449,321,308,262,186,321,364,317,479,883,437
"YLR373C",47,129,99,75,70,253,62,60,54,91,169,84
"YLR374C",0,0,2,0,0,1,2,0,1,1,1,1
"YLR375W",116,283,236,212,218,473,237,167,136,203,284,203
"YLR376C",15,46,29,34,33,96,35,23,18,28,40,18
"YLR377C",8,35,24,14,15,27,14,7,19,8,33,18
"YLR378C",226,548,429,393,380,895,398,255,273,294,600,374
"YLR379W",3,17,11,11,6,5,6,12,7,10,27,12
"YLR380W",90,152,122,95,91,329,98,82,87,121,201,118
"YLR381W",24,85,34,33,51,57,43,27,38,44,78,35
"YLR382C",53,154,88,86,75,178,90,63,73,76,137,90
"YLR383W",42,102,106,108,88,100,59,42,45,56,142,52
"YLR384C",134,331,283,264,211,377,241,232,161,298,611,292
"YLR385C",1,3,2,0,0,4,1,0,4,5,9,1
"YLR386W",42,80,86,62,47,70,57,44,62,71,125,52
"YLR387C",117,216,181,176,135,409,154,95,120,136,234,187
"YLR388W",324,509,476,434,490,152,400,526,438,646,918,631
"YLR389C",125,307,241,234,208,499,177,154,161,179,379,176
"YLR390W",38,66,66,46,58,146,69,22,42,39,48,55
"YLR390W-A",557,1243,1062,769,820,3410,825,546,636,628,1471,868
"YLR392C",39,127,79,95,99,228,76,62,70,77,116,61
"YLR393W",12,21,31,27,21,19,13,10,16,18,25,17
"YLR394W",33,98,81,57,57,227,45,49,51,75,83,46
"YLR395C",61,126,107,64,89,71,101,55,82,49,116,100
"YLR396C",31,71,44,59,38,22,48,51,31,50,98,55
"YLR397C",37,59,55,57,49,54,50,63,57,98,182,68
"YLR398C",86,205,134,145,118,147,120,107,92,122,264,118
"YLR399C",173,231,167,189,144,231,138,183,202,232,403,250
"YLR399W-A",0,0,0,0,0,0,0,0,0,0,0,0
"YLR400W",1,5,5,2,3,5,1,2,2,3,9,2
"YLR401C",56,97,98,82,72,152,86,72,49,122,233,108
"YLR402W",1,3,2,4,2,4,3,4,1,4,5,3
"YLR403W",68,88,103,61,50,191,60,91,51,98,177,86
"YLR404W",16,46,36,38,25,48,31,27,22,30,51,17
"YLR405W",29,72,61,48,43,128,51,54,45,74,128,50
"YLR406C",325,654,485,492,428,379,418,563,481,693,1333,482
"YLR406C-A",0,0,0,0,0,0,0,0,0,1,0,0
"YLR407W",9,51,49,40,33,46,33,15,15,20,56,16
"YLR408C",6,25,12,22,14,13,13,11,15,18,9,4
"YLR409C",44,61,61,52,41,120,63,121,69,146,310,124
"YLR410W",132,280,199,195,179,376,135,189,166,207,459,213
"YLR410W-A",0,0,0,0,0,0,0,0,0,0,0,0
"YLR410W-B",6,5,6,5,2,5,6,8,4,15,14,11
"YLR411W",6,21,13,9,13,40,18,14,13,24,25,10
"YLR412C-A",1,0,1,0,1,1,0,0,0,1,1,0
"YLR412W",28,79,86,66,67,186,60,52,63,64,126,52
"YLR413W",347,178,128,101,93,304,134,598,455,710,1288,710
"YLR414C",242,632,679,590,574,555,414,153,212,187,370,306
"YLR415C",1,12,4,5,3,2,3,2,3,4,0,2
"YLR416C",2,6,2,5,2,51,3,0,1,2,3,0
"YLR417W",40,208,151,130,107,217,117,63,54,75,122,84
"YLR418C",54,87,91,71,74,60,66,58,72,75,158,70
"YLR419W",23,69,39,33,28,93,43,50,46,68,135,51
"YLR420W",139,169,170,134,143,95,116,150,135,176,430,210
"YLR421C",85,239,163,181,162,53,116,124,152,131,282,119
"YLR422W",58,140,103,101,73,196,91,89,74,107,228,105
"YLR423C",11,38,22,21,21,51,20,22,23,22,33,16
"YLR424W",18,36,32,27,24,27,23,19,19,26,53,16
"YLR425W",43,105,81,82,66,136,52,65,40,47,149,64
"YLR426W",40,99,77,51,54,170,58,36,41,59,81,61
"YLR427W",80,183,148,155,128,267,123,103,100,145,267,151
"YLR428C",0,0,1,0,0,0,0,0,0,0,0,1
"YLR429W",211,477,366,349,266,539,272,222,228,280,548,290
"YLR430W",115,313,228,182,188,476,207,138,132,172,427,192
"YLR431C",29,86,78,55,59,106,55,40,37,36,78,35
"YLR432W",315,445,379,365,271,310,340,423,370,541,955,496
"YLR433C",29,85,65,71,47,108,49,53,67,66,171,69
"YLR434C",1,0,0,2,0,2,0,0,0,0,3,1
"YLR435W",17,41,24,29,23,47,20,43,35,61,132,37
"YLR436C",99,272,167,169,122,552,148,135,123,134,327,162
"YLR437C",89,174,134,85,122,154,131,78,85,112,138,121
"YLR437C-A",0,1,1,0,2,0,1,1,0,0,0,1
"YLR438C-A",121,263,223,186,193,347,256,108,128,172,195,241
"YLR438W",101,57,47,45,37,32,37,48,66,62,114,133
"YLR439W",59,85,65,56,54,92,75,52,53,71,155,81
"YLR440C",44,68,65,76,56,69,49,68,57,51,128,75
"YLR441C",1056,2126,1811,1733,1331,421,1371,1557,1335,1908,3471,1885
"YLR442C",40,147,92,94,82,135,90,84,66,74,183,68
"YLR443W",57,112,88,66,68,100,85,62,58,66,122,81
"YLR444C",0,2,2,0,0,0,0,0,0,0,0,0
"YLR445W",0,1,0,0,0,0,0,0,1,4,1,2
"YLR446W",17,22,16,19,17,49,21,19,21,32,71,28
"YLR447C",341,624,463,441,415,360,452,382,399,508,929,556
"YLR448W",330,436,411,392,302,244,300,328,325,468,892,501
"YLR449W",222,338,309,308,242,297,238,295,240,422,942,431
"YLR450W",171,372,328,293,234,438,284,164,197,222,427,283
"YLR451W",38,90,98,76,66,211,55,83,64,89,185,68
"YLR452C",31,56,56,50,45,122,33,64,46,67,148,72
"YLR453C",8,22,17,12,14,21,10,14,9,11,31,11
"YLR454W",80,165,157,178,109,137,94,72,104,80,247,106
"YLR455W",15,75,43,31,31,36,32,33,33,59,91,25
"YLR456W",5,22,9,10,15,16,19,7,12,9,23,11
"YLR457C",6,43,15,22,21,148,9,5,15,17,38,10
"YLR458W",0,1,1,0,0,0,1,0,1,0,0,0
"YLR459W",28,117,88,65,79,293,81,55,54,65,138,66
"YLR460C",6,15,9,12,16,10,11,9,10,16,30,12
"YLR461W",0,4,3,1,2,1,1,0,0,1,1,0
"YLR462W",0,0,0,0,0,0,0,0,0,0,0,0
"YLR463C",0,0,0,0,0,0,0,0,0,0,0,0
"YLR464W",0,0,0,0,0,0,0,0,0,0,0,0
"YLR465C",0,0,0,0,0,0,0,0,0,0,0,0
"YLR466C-A",0,0,0,0,0,0,0,0,0,0,0,0
"YLR466C-B",1,0,0,0,2,7,0,0,2,1,5,0
"YLR466W",0,0,0,0,0,0,0,0,0,0,0,0
"YLR467C-A",0,0,0,0,0,0,0,0,0,0,0,0
"YLR467W",0,0,0,0,0,0,0,0,0,0,0,0
"YML001W",82,328,220,216,189,79,176,135,151,152,301,144
"YML002W",48,102,74,54,67,94,49,49,57,58,118,55
"YML003W",3,6,9,5,3,12,6,6,5,3,22,9
"YML004C",132,367,302,283,221,132,202,160,193,161,377,229
"YML005W",20,59,35,25,25,35,25,31,22,31,62,31
"YML006C",47,129,83,57,72,220,87,77,55,99,178,86
"YML007C-A",0,5,5,0,3,0,1,2,1,1,1,0
"YML007W",149,405,307,280,244,695,246,196,210,236,499,237
"YML008C",453,576,517,520,403,517,367,490,517,556,1185,683
"YML009C",30,76,74,54,63,61,75,40,50,60,87,76
"YML009C-A",4,7,8,14,7,1,6,3,7,5,12,4
"YML009W-B",0,0,0,0,0,0,0,0,0,0,0,0
"YML010W",271,338,361,350,228,315,293,251,199,322,721,495
"YML011C",14,54,38,34,32,96,28,34,25,37,66,28
"YML012C-A",0,3,2,2,2,5,1,1,0,0,0,0
"YML012W",354,706,612,562,562,249,543,323,377,434,670,588
"YML013W",84,118,110,91,68,124,73,56,51,78,139,74
"YML014W",58,102,88,69,72,81,90,72,63,104,149,115
"YML015C",33,96,76,56,56,159,70,66,46,65,139,67
"YML016C",90,233,158,146,123,381,163,139,131,170,308,166
"YML017W",45,115,83,73,61,253,60,62,60,71,183,88
"YML018C",64,103,97,86,78,58,73,102,55,127,215,111
"YML019W",50,120,82,74,60,70,74,67,58,86,142,69
"YML020W",31,104,82,74,74,254,77,58,41,64,108,55
"YML021C",33,82,64,69,64,148,49,28,35,58,86,59
"YML022W",136,232,167,154,166,84,163,245,180,290,472,238
"YML023C",27,69,40,41,43,46,42,38,41,47,97,39
"YML024W",745,1439,1213,1087,1025,242,1033,956,1041,1357,2193,1057
"YML025C",51,106,94,71,70,152,54,73,63,62,134,77
"YML026C",874,1308,1024,945,908,517,1110,1135,1051,1608,2346,1546
"YML027W",15,47,36,25,32,88,25,14,20,27,36,19
"YML028W",2368,3975,3904,3394,3314,899,3454,2014,2341,2837,4327,4187
"YML029W",78,164,141,118,112,146,111,62,87,72,176,117
"YML030W",56,143,95,115,102,338,100,65,86,76,115,93
"YML031C-A",0,0,0,0,0,0,0,0,0,0,0,0
"YML031W",133,258,207,187,180,243,194,118,137,191,319,193
"YML032C",82,188,181,135,111,726,163,102,120,120,199,164
"YML034C-A",2,1,0,1,2,3,1,3,1,3,1,0
"YML034W",48,133,140,135,104,87,88,66,73,93,205,103
"YML035C",115,125,110,105,88,138,89,133,119,163,300,142
"YML036W",8,53,36,26,28,25,26,29,30,28,62,33
"YML037C",3,16,13,14,10,34,7,6,4,11,15,9
"YML038C",52,214,151,139,143,273,117,116,108,129,205,115
"YML039W",1,1,1,0,0,0,0,0,0,1,1,0
"YML040W",0,0,0,0,0,0,0,0,0,0,0,0
"YML041C",20,51,40,32,33,56,33,27,25,22,53,38
"YML042W",19,79,42,48,50,102,47,15,33,22,49,30
"YML043C",0,6,9,8,5,9,4,15,8,29,52,14
"YML045W",0,0,0,0,0,0,0,0,0,0,0,0
"YML045W-A",0,0,0,0,0,0,0,0,0,0,0,0
"YML046W",27,63,39,39,33,28,39,45,32,49,111,23
"YML047C",0,0,0,1,1,1,0,0,0,0,1,1
"YML047W-A",0,1,0,0,1,0,1,1,0,1,1,0
"YML048W",266,722,529,445,385,1043,468,327,460,394,760,440
"YML049C",83,183,158,131,112,255,116,103,111,105,283,143
"YML050W",17,39,33,20,28,24,29,26,19,19,41,16
"YML051W",87,188,147,113,131,232,149,115,99,116,182,117
"YML052W",139,320,224,208,182,473,227,150,162,168,290,237
"YML053C",34,130,93,67,73,231,85,60,60,69,136,65
"YML054C",12,54,29,39,25,46,34,18,16,18,45,20
"YML054C-A",3,12,2,3,4,4,8,3,4,3,7,3
"YML055W",15,132,90,88,69,45,70,36,49,43,89,29
"YML056C",433,603,594,571,439,125,497,552,481,819,1588,805
"YML057C-A",0,2,0,3,0,12,0,1,2,0,3,1
"YML057W",156,315,219,217,206,356,234,120,174,162,293,186
"YML058W",182,249,199,144,195,597,173,176,174,216,386,253
"YML058W-A",17,14,10,9,14,9,14,8,13,11,28,22
"YML059C",54,140,119,94,86,127,83,68,73,98,221,100
"YML060W",9,29,20,18,18,31,8,24,15,22,60,23
"YML061C",30,87,73,73,58,125,73,55,54,75,148,70
"YML062C",50,121,106,93,99,248,64,85,65,94,190,83
"YML063W",1333,2336,2039,1966,1717,681,1764,1653,1547,2169,3998,2383
"YML064C",39,58,54,54,64,166,59,41,36,48,65,58
"YML065W",49,87,68,86,57,135,60,63,56,78,189,71
"YML066C",7,32,37,24,21,58,21,17,13,12,26,17
"YML067C",83,183,183,160,155,187,121,104,98,117,233,148
"YML068W",36,72,58,61,48,87,61,41,51,56,112,74
"YML069W",187,490,369,380,318,572,340,188,225,283,528,288
"YML070W",178,422,335,313,233,188,254,200,181,229,384,297
"YML071C",47,175,137,130,119,377,110,75,93,107,202,94
"YML072C",295,554,510,465,375,326,363,282,331,359,797,400
"YML073C",905,1320,1358,1262,1007,465,1094,894,887,1256,2419,1513
"YML074C",554,995,861,806,643,1354,577,531,521,766,1501,995
"YML075C",145,252,175,170,137,176,155,218,192,291,528,245
"YML076C",37,105,88,55,46,215,67,40,47,67,138,65
"YML077W",26,67,38,31,40,39,31,43,31,54,69,56
"YML078W",174,369,299,240,251,37,263,157,180,200,340,274
"YML079W",51,139,93,110,94,233,79,67,61,81,137,81
"YML080W",11,17,16,10,14,9,25,26,16,23,53,22
"YML081C-A",36,121,95,78,75,47,81,48,68,82,98,57
"YML081W",59,179,144,124,132,290,96,121,106,153,294,115
"YML082W",43,84,43,43,52,130,57,85,59,115,210,71
"YML083C",5,33,21,18,17,37,20,8,16,17,24,27
"YML084W",0,1,0,0,0,0,0,0,0,0,0,0
"YML085C",257,615,496,420,442,332,459,270,281,381,571,433
"YML086C",147,317,240,231,195,156,216,137,174,180,395,221
"YML087C",10,43,34,27,27,32,23,15,13,14,24,13
"YML088W",115,203,174,166,154,444,161,125,126,177,330,151
"YML089C",0,2,1,2,0,0,2,0,0,1,0,0
"YML090W",0,2,2,1,0,8,2,1,1,1,8,0
"YML091C",80,256,159,122,120,176,99,83,138,99,193,113
"YML092C",170,395,303,264,223,302,241,170,211,235,383,265
"YML093W",84,105,96,98,67,174,97,169,115,237,549,191
"YML094C-A",0,2,0,0,0,1,2,0,0,0,0,1
"YML094W",16,42,33,27,39,68,19,23,30,35,56,36
"YML095C",10,14,10,11,14,38,8,12,10,19,34,7
"YML096W",21,66,32,32,25,41,32,51,38,59,108,51
"YML097C",13,48,30,31,28,80,34,26,22,34,67,35
"YML098W",41,122,99,81,89,282,73,38,51,68,132,88
"YML099C",29,81,52,66,56,173,60,57,47,63,132,58
"YML099W-A",2,8,5,4,3,2,3,4,3,2,6,2
"YML100W",842,1089,1220,1156,930,968,640,409,699,455,922,1262
"YML100W-A",3,0,0,2,2,1,1,2,0,1,1,1
"YML101C",37,124,106,108,103,55,91,38,38,42,71,58
"YML101C-A",0,0,0,0,0,0,0,0,0,0,0,0
"YML102W",48,117,107,105,101,121,102,52,47,57,102,97
"YML103C",71,179,122,127,101,204,106,117,107,163,344,121
"YML104C",26,78,68,60,48,65,45,46,36,44,106,40
"YML105C",80,129,109,126,99,93,85,87,91,116,227,103
"YML106W",306,421,346,320,304,325,317,298,315,427,855,502
"YML107C",16,52,29,37,24,27,28,28,29,44,56,30
"YML108W",11,12,17,11,11,36,20,26,19,34,52,13
"YML109W",26,90,52,53,47,78,52,25,25,29,66,36
"YML110C",133,298,237,216,203,117,167,159,169,185,341,186
"YML111W",67,203,131,131,121,207,153,108,100,134,252,137
"YML112W",39,71,37,40,42,171,44,36,41,44,67,43
"YML113W",17,35,36,25,33,169,35,42,18,52,82,45
"YML114C",62,141,141,106,90,370,110,76,67,93,156,94
"YML115C",108,317,264,210,250,454,190,138,123,164,326,188
"YML116W",58,64,57,62,60,49,39,40,40,44,92,52
"YML116W-A",13,52,40,27,36,54,40,15,27,22,34,26
"YML117W",221,489,410,341,276,601,299,238,270,256,641,337
"YML118W",14,48,41,30,23,70,27,19,14,16,42,23
"YML119W",47,103,66,45,51,183,80,56,63,103,157,71
"YML120C",137,296,214,173,139,277,174,107,148,111,247,203
"YML121W",40,104,74,72,53,114,50,48,62,71,129,62
"YML122C",2,24,10,19,13,20,18,2,1,3,4,2
"YML123C",1187,95,72,56,41,86,60,828,1188,1096,2300,1596
"YML124C",266,533,473,445,370,324,418,254,266,329,595,415
"YML125C",157,275,279,223,222,125,255,208,174,327,497,298
"YML126C",274,399,361,323,296,138,313,299,288,404,710,400
"YML127W",92,184,139,119,110,192,110,97,107,116,263,163
"YML128C",177,405,279,275,184,237,235,162,275,154,306,318
"YML129C",85,157,125,104,119,132,163,86,93,106,131,168
"YML130C",97,194,145,107,121,113,112,101,110,158,270,131
"YML131W",47,129,99,78,72,86,87,51,67,47,102,87
"YML132W",0,0,0,0,0,0,0,0,0,0,0,0
"YML133C",0,1,0,0,0,1,1,0,0,0,1,1
"YML133W-A",0,0,0,0,0,0,0,0,0,0,0,0
"YML133W-B",0,0,0,0,0,0,0,0,0,0,0,0
"YMR001C",47,94,64,91,68,126,60,65,67,113,192,68
"YMR001C-A",0,2,0,1,1,0,0,3,3,2,5,0
"YMR002W",212,414,342,308,289,356,416,223,234,333,483,393
"YMR003W",8,29,20,9,11,43,11,11,17,23,30,18
"YMR004W",43,171,160,130,115,125,125,64,80,81,165,90
"YMR005W",42,98,84,82,81,225,85,77,66,88,163,73
"YMR006C",169,147,100,88,71,104,102,217,198,332,574,348
"YMR007W",6,9,4,6,8,8,5,15,10,5,14,9
"YMR008C",403,182,188,167,150,145,133,179,208,201,436,355
"YMR009W",75,128,101,84,96,95,67,54,45,61,119,74
"YMR010W",64,200,117,118,94,209,108,87,118,105,197,105
"YMR011W",3809,5009,3306,2711,2353,2550,2962,3599,5301,3911,7636,6864
"YMR012W",275,411,356,356,254,651,241,312,309,421,954,443
"YMR013C",11,42,29,27,21,30,14,31,30,42,52,26
"YMR013C-A",0,0,0,0,0,0,0,0,0,0,0,0
"YMR013W-A",0,0,0,0,0,0,0,0,0,0,0,0
"YMR014W",47,57,33,57,36,107,50,80,74,147,267,100
"YMR015C",59,63,45,57,35,43,44,90,78,151,220,80
"YMR016C",108,193,192,158,126,747,129,123,119,168,347,181
"YMR017W",2,16,11,9,10,24,9,5,3,6,11,2
"YMR018W",3,12,16,13,12,21,8,5,8,9,13,7
"YMR019W",60,104,69,88,66,169,65,46,63,46,117,59
"YMR020W",84,180,149,160,102,143,109,70,65,75,164,105
"YMR021C",18,74,44,43,32,87,49,27,37,42,77,44
"YMR022W",70,213,176,154,151,427,135,72,111,104,202,108
"YMR023C",23,64,49,43,41,36,38,25,16,28,51,31
"YMR024W",61,129,88,66,86,156,77,78,87,109,173,98
"YMR025W",4,18,10,8,11,7,8,6,11,17,13,4
"YMR026C",36,108,57,65,72,81,50,50,45,58,92,61
"YMR027W",145,315,307,271,213,322,201,160,172,175,332,234
"YMR028W",23,94,79,60,54,74,59,36,46,62,110,48
"YMR029C",56,179,123,124,110,148,90,62,76,73,167,94
"YMR030W",16,101,58,46,48,64,44,27,39,34,62,30
"YMR030W-A",0,3,2,0,1,5,0,2,2,5,10,0
"YMR031C",272,728,530,513,363,839,427,267,373,344,808,428
"YMR031W-A",0,4,1,3,3,5,5,2,2,3,5,0
"YMR032W",56,94,64,65,67,123,78,64,66,127,181,110
"YMR033W",73,164,128,129,109,228,98,106,112,127,285,115
"YMR034C",17,46,33,52,42,21,25,18,10,22,43,16
"YMR035W",32,63,73,77,51,14,42,28,27,26,53,36
"YMR036C",17,75,51,42,31,251,39,42,28,28,65,36
"YMR037C",93,201,147,95,129,363,163,108,77,127,237,126
"YMR038C",182,282,267,216,217,233,199,191,166,239,468,315
"YMR039C",189,410,344,359,245,847,246,185,201,228,554,281
"YMR040W",7,20,13,9,14,10,12,8,10,8,23,3
"YMR041C",21,78,66,57,41,95,58,27,23,35,58,32
"YMR042W",26,114,92,78,62,206,84,29,25,30,72,37
"YMR043W",189,261,210,155,171,1216,221,194,181,292,551,296
"YMR044W",50,169,151,152,106,327,97,85,66,99,225,78
"YMR045C",16,3,3,2,0,3,4,13,12,31,49,37
"YMR046C",0,0,0,0,0,0,0,0,0,0,0,0
"YMR046W-A",0,0,0,0,0,0,0,0,0,0,0,0
"YMR047C",143,317,254,232,197,412,192,214,171,251,498,258
"YMR048W",19,59,51,44,43,111,39,22,23,20,47,41
"YMR049C",38,69,53,59,38,77,53,112,67,158,264,86
"YMR050C",0,0,0,0,0,0,0,0,0,0,0,0
"YMR051C",0,0,0,0,0,0,0,0,0,0,0,0
"YMR052C-A",1,6,0,4,4,3,1,0,3,0,4,0
"YMR052W",7,26,12,16,14,26,7,8,11,11,18,8
"YMR053C",35,98,70,82,65,181,59,36,35,27,78,46
"YMR054W",198,408,380,346,289,650,287,191,193,245,468,340
"YMR055C",9,39,31,22,21,31,20,16,18,16,44,19
"YMR056C",21,188,130,151,101,62,126,23,22,25,41,35
"YMR057C",3,5,3,4,7,0,7,2,7,4,3,3
"YMR058W",440,986,1088,1091,1012,1096,925,592,512,729,1220,888
"YMR059W",5,26,22,20,20,41,22,14,17,21,32,20
"YMR060C",31,73,43,42,42,24,57,56,44,39,93,43
"YMR061W",41,151,115,99,77,111,83,103,82,107,228,98
"YMR062C",124,192,187,171,160,79,133,78,80,71,137,87
"YMR063W",8,22,8,15,12,9,12,11,4,18,37,17
"YMR064W",37,99,65,87,67,155,44,61,62,72,146,54
"YMR065W",12,38,22,25,19,18,24,21,16,17,37,21
"YMR066W",17,70,51,52,40,143,36,37,53,55,92,33
"YMR067C",45,114,88,59,69,165,81,37,54,58,108,60
"YMR068W",46,98,91,78,71,128,83,34,51,47,69,66
"YMR069W",6,7,4,3,4,0,3,3,2,4,11,3
"YMR070W",94,266,240,141,164,842,162,106,85,143,262,165
"YMR071C",106,333,237,205,215,126,243,120,157,138,278,209
"YMR072W",125,377,273,212,245,524,179,163,193,212,343,156
"YMR073C",26,73,49,47,39,41,37,33,33,29,71,41
"YMR074C",72,209,160,134,134,77,134,102,88,124,205,108
"YMR075C-A",0,2,0,1,1,4,1,0,0,1,0,0
"YMR075W",20,62,30,53,37,113,27,36,36,49,100,26
"YMR076C",20,64,59,79,56,161,36,25,28,33,117,32
"YMR077C",18,57,27,49,41,56,28,25,32,35,58,26
"YMR078C",22,74,52,59,40,106,40,46,24,43,112,40
"YMR079W",90,173,122,106,81,531,90,137,116,145,266,128
"YMR080C",152,218,160,194,142,175,153,146,130,193,415,243
"YMR081C",54,59,41,41,30,39,18,63,103,57,111,126
"YMR082C",0,3,1,2,2,3,0,0,1,0,1,0
"YMR083W",544,729,692,635,570,558,477,521,540,668,1050,665
"YMR084W",12,22,14,12,13,21,12,4,7,10,15,7
"YMR085W",37,91,70,52,44,71,62,14,26,19,42,25
"YMR086C-A",4,10,7,6,6,7,5,9,6,8,20,5
"YMR086W",71,227,191,181,122,276,95,124,88,111,292,157
"YMR087W",26,62,57,38,33,37,40,29,25,41,74,41
"YMR088C",73,187,166,134,120,85,120,82,83,126,226,103
"YMR089C",133,284,262,237,191,444,218,132,150,157,428,230
"YMR090W",34,97,91,74,76,87,62,44,49,52,94,63
"YMR091C",78,208,133,153,127,290,140,106,97,138,237,125
"YMR092C",175,339,304,285,205,118,238,144,181,181,425,260
"YMR093W",35,45,21,29,19,75,22,61,30,101,166,47
"YMR094W",4,13,6,9,9,18,6,8,1,8,15,5
"YMR095C",3,10,9,6,4,10,9,5,5,7,17,9
"YMR096W",50,58,46,45,43,40,43,23,37,38,76,42
"YMR097C",26,65,46,44,32,30,29,25,41,36,89,47
"YMR098C",19,89,47,57,45,96,51,38,31,34,82,33
"YMR099C",100,251,188,209,145,110,146,109,106,118,293,148
"YMR100W",48,129,71,79,62,152,77,57,68,79,167,102
"YMR101C",1,3,0,0,1,2,0,1,2,2,0,1
"YMR102C",96,190,172,147,129,273,114,229,159,310,580,190
"YMR103C",52,180,131,101,86,58,101,61,88,65,138,104
"YMR104C",196,307,237,206,144,474,162,164,198,165,378,276
"YMR105C",697,512,407,347,301,156,299,508,850,494,1125,1171
"YMR105W-A",2,6,4,3,6,8,7,1,3,4,4,2
"YMR106C",23,36,27,31,23,49,17,14,19,17,43,32
"YMR107W",8,15,14,8,11,40,15,3,5,1,5,6
"YMR108W",349,627,584,556,418,699,470,339,343,498,882,574
"YMR109W",235,446,357,364,281,1527,277,190,228,238,580,338
"YMR110C",120,294,213,180,178,311,193,102,138,115,251,157
"YMR111C",27,77,42,69,50,214,43,25,34,34,63,38
"YMR112C",17,45,44,32,41,45,38,17,26,38,49,30
"YMR113W",35,83,89,59,74,54,81,47,37,63,109,62
"YMR114C",38,111,72,96,73,147,67,35,50,47,99,51
"YMR115W",36,129,90,93,74,91,83,65,67,66,116,56
"YMR116C",2815,4067,3804,3518,3039,449,3654,3181,2872,4463,7950,5397
"YMR117C",2,6,7,9,5,26,4,6,6,7,13,9
"YMR118C",9,21,11,13,8,35,10,6,10,12,19,14
"YMR119W",59,169,117,103,83,222,68,66,73,62,188,64
"YMR119W-A",5,12,4,3,8,3,4,6,8,5,13,4
"YMR120C",650,104,121,114,103,99,77,182,285,257,527,292
"YMR121C",62,156,122,119,127,237,93,52,58,74,132,73
"YMR122C",9,69,54,50,66,71,56,4,6,14,15,18
"YMR122W-A",1307,1337,1356,894,1080,688,1063,890,1179,1134,2000,1920
"YMR123W",55,119,69,69,71,101,73,86,66,98,161,96
"YMR124W",123,318,254,199,189,458,149,114,148,174,313,150
"YMR125W",78,210,169,156,107,151,113,125,101,146,312,142
"YMR126C",16,67,36,40,23,49,31,31,35,43,67,30
"YMR127C",13,27,24,18,20,7,11,19,13,27,46,18
"YMR128W",51,73,65,63,57,87,56,104,68,146,319,112
"YMR129W",80,164,128,111,85,372,95,116,79,126,271,122
"YMR130W",34,80,60,53,34,103,37,52,55,58,98,49
"YMR131C",142,168,162,155,109,228,115,199,141,277,577,255
"YMR132C",7,8,7,11,8,23,7,14,10,12,29,9
"YMR133W",5,34,36,26,29,43,20,6,7,17,37,11
"YMR134W",24,59,54,62,44,104,40,50,26,49,60,23
"YMR135C",154,454,323,290,260,310,260,176,199,206,402,275
"YMR135W-A",2,20,12,10,0,19,8,2,3,3,6,3
"YMR136W",178,291,209,178,174,1234,181,209,215,282,594,282
"YMR137C",17,29,22,37,25,89,35,23,28,28,57,25
"YMR138W",18,46,38,27,23,80,27,32,17,30,50,30
"YMR139W",61,221,171,139,111,152,103,87,107,102,198,119
"YMR140W",56,121,84,84,66,176,68,67,59,73,130,76
"YMR141C",7,41,26,13,21,31,24,9,18,10,49,12
"YMR141W-A",1,5,3,4,3,25,7,3,1,3,7,8
"YMR142C",1057,2215,1616,1584,1497,478,1550,1595,1514,2085,3173,1798
"YMR143W",721,1503,1317,995,1094,432,1171,1064,965,1329,2090,1247
"YMR144W",11,68,47,38,33,171,43,23,19,33,37,22
"YMR145C",331,463,366,365,305,171,287,415,525,482,1039,526
"YMR146C",549,1089,863,625,668,1406,891,591,543,999,1417,917
"YMR147W",4,26,25,10,14,62,20,8,9,15,28,9
"YMR148W",31,93,66,42,58,253,63,33,35,30,78,35
"YMR149W",186,329,275,247,212,595,264,217,186,239,460,286
"YMR150C",54,89,80,63,78,62,80,38,52,46,86,68
"YMR151W",1,4,2,1,3,7,2,7,2,6,10,1
"YMR152W",85,206,132,115,95,297,127,82,101,120,178,132
"YMR153C-A",0,4,8,9,3,2,2,2,2,1,11,2
"YMR153W",25,57,52,45,49,73,35,34,32,43,92,39
"YMR154C",22,38,46,30,15,32,33,21,18,31,56,33
"YMR155W",39,101,88,82,67,98,61,48,49,39,114,60
"YMR156C",13,49,23,28,33,75,19,17,28,21,34,19
"YMR157C",32,70,55,44,48,46,25,48,44,44,98,53
"YMR158C-A",5,17,10,11,16,3,5,7,6,2,6,11
"YMR158W",31,42,36,32,33,49,33,36,40,41,72,46
"YMR158W-B",0,0,0,0,0,0,0,0,0,0,0,0
"YMR159C",2,1,1,1,0,3,5,0,1,1,0,1
"YMR160W",42,96,69,89,67,133,51,46,53,52,100,48
"YMR161W",48,114,75,70,74,106,61,67,73,77,138,57
"YMR162C",87,185,180,136,121,201,93,112,73,105,274,124
"YMR163C",23,73,54,43,31,36,53,29,25,41,58,37
"YMR164C",34,91,72,59,44,345,50,50,35,56,97,53
"YMR165C",70,161,124,93,94,310,97,72,77,95,222,114
"YMR166C",28,58,43,28,39,93,39,30,37,37,63,45
"YMR167W",39,64,51,51,39,41,31,44,34,45,108,47
"YMR168C",19,49,52,33,24,44,24,28,35,34,69,36
"YMR169C",11,46,29,22,31,43,25,18,22,16,36,17
"YMR170C",27,54,41,38,51,36,32,20,27,26,51,36
"YMR171C",71,222,146,133,146,296,144,121,128,165,279,162
"YMR172C-A",1,1,3,2,2,0,0,0,3,3,2,4
"YMR172W",49,100,100,81,74,380,80,46,39,61,121,60
"YMR173W",48,26,27,17,20,40,26,41,64,41,94,75
"YMR173W-A",14,21,13,11,15,23,10,9,20,15,39,13
"YMR174C",18,20,31,21,19,115,24,14,10,5,16,18
"YMR175W",1,8,5,8,1,5,3,2,1,3,2,3
"YMR175W-A",1,5,2,1,1,1,1,1,0,4,1,0
"YMR176W",36,85,62,64,53,86,36,51,48,53,115,48
"YMR177W",35,63,55,36,39,53,45,57,42,89,109,66
"YMR178W",75,189,139,127,121,97,132,95,95,101,193,115
"YMR179W",17,86,54,45,56,132,46,23,26,45,75,18
"YMR180C",27,80,51,57,46,69,50,46,40,51,91,48
"YMR181C",55,186,136,96,111,413,99,60,71,80,169,94
"YMR182C",31,58,47,40,40,223,43,36,37,54,128,78
"YMR182W-A",0,2,1,2,0,0,1,1,2,1,2,5
"YMR183C",139,292,254,254,193,1285,221,134,148,175,344,230
"YMR184W",28,56,53,47,49,68,48,36,37,30,60,44
"YMR185W",7,33,33,24,28,14,28,30,23,37,95,25
"YMR186W",1186,2116,1925,1797,1366,821,1208,1489,1637,1658,3488,2035
"YMR187C",10,25,21,17,18,14,11,7,15,19,31,22
"YMR188C",41,74,40,47,53,131,32,42,62,50,100,41
"YMR189W",139,75,57,56,57,71,46,32,71,48,89,73
"YMR190C",55,113,85,89,81,184,69,54,58,79,141,79
"YMR191W",36,197,151,104,99,111,108,44,66,58,104,64
"YMR192W",32,88,73,79,52,122,47,73,70,68,146,55
"YMR193C-A",1,15,8,4,6,72,14,23,10,25,20,4
"YMR193W",17,72,42,52,39,61,27,30,32,38,70,23
"YMR194C-A",1,8,1,6,12,4,5,2,4,4,3,4
"YMR194C-B",14,48,33,30,25,31,32,12,21,9,31,28
"YMR194W",99,297,212,224,199,26,189,230,189,252,416,211
"YMR195W",143,108,92,64,86,255,79,138,192,167,247,235
"YMR196W",199,433,397,315,300,472,286,139,225,155,284,262
"YMR197C",92,207,167,152,134,138,162,84,103,96,178,171
"YMR198W",26,91,51,57,64,119,46,25,29,46,87,51
"YMR199W",94,137,64,60,101,240,74,129,117,170,270,143
"YMR200W",141,367,307,220,195,468,247,155,168,184,313,205
"YMR201C",25,88,60,59,58,110,57,32,41,39,77,39
"YMR202W",447,902,796,607,588,295,705,407,450,582,941,843
"YMR203W",204,431,382,316,277,119,291,262,266,294,557,339
"YMR204C",12,55,43,27,33,158,29,24,27,33,56,27
"YMR205C",994,1505,1326,1275,932,564,1136,1013,876,1197,2309,1668
"YMR206W",34,101,65,45,42,215,60,18,40,22,35,56
"YMR207C",41,111,104,96,79,170,58,60,38,86,183,67
"YMR208W",95,250,168,173,148,310,132,92,110,128,255,126
"YMR209C",31,93,62,69,64,107,54,45,34,72,119,66
"YMR210W",65,146,114,92,76,164,83,99,85,88,157,86
"YMR211W",24,46,39,30,27,20,26,17,23,37,67,41
"YMR212C",71,160,117,132,98,176,95,103,103,161,265,134
"YMR213W",43,71,60,76,63,154,49,51,61,61,145,58
"YMR214W",91,194,164,157,160,345,158,117,103,158,257,180
"YMR215W",118,208,174,135,130,214,134,164,167,228,413,257
"YMR216C",88,166,112,135,92,254,86,108,107,101,241,138
"YMR217W",363,559,525,448,359,397,370,563,431,727,1351,662
"YMR218C",44,103,73,61,55,257,51,64,55,70,161,76
"YMR219W",83,189,178,138,108,627,108,100,92,116,302,134
"YMR220W",90,149,120,113,83,158,104,102,122,144,272,136
"YMR221C",54,153,101,88,101,247,71,81,71,81,181,98
"YMR222C",30,98,65,54,62,67,83,48,56,47,110,62
"YMR223W",22,43,23,30,17,26,26,38,25,46,97,35
"YMR224C",38,91,72,65,56,72,63,31,36,50,120,52
"YMR225C",51,88,74,48,68,37,59,53,44,59,99,63
"YMR226C",235,496,416,375,365,553,339,197,210,216,496,323
"YMR227C",52,101,101,83,64,232,75,55,55,64,193,90
"YMR228W",8,30,21,17,13,29,23,15,11,14,41,13
"YMR229C",133,196,142,152,108,342,119,223,159,324,707,218
"YMR230W",496,827,731,632,615,813,694,695,605,892,1213,929
"YMR230W-A",0,6,1,2,6,0,5,4,3,6,10,2
"YMR231W",41,106,87,76,69,181,59,42,51,78,136,73
"YMR232W",3,8,10,5,4,16,6,7,5,3,14,3
"YMR233W",20,39,31,52,30,39,17,34,30,35,80,29
"YMR234W",31,70,51,77,42,50,51,51,55,75,139,64
"YMR235C",152,328,248,271,185,416,171,212,201,288,600,254
"YMR236W",119,286,232,166,228,99,256,103,136,149,196,207
"YMR237W",150,252,203,177,172,125,152,115,124,123,309,179
"YMR238W",233,525,408,402,388,235,390,184,239,199,391,345
"YMR239C",6,24,20,8,9,15,10,32,19,52,101,22
"YMR240C",21,64,52,55,40,55,26,30,26,32,61,28
"YMR241W",92,233,169,184,144,31,136,142,121,204,333,153
"YMR242C",582,1094,843,787,784,648,776,906,838,1157,1877,931
"YMR242W-A",0,1,0,1,0,0,0,0,0,0,2,0
"YMR243C",184,432,352,314,283,175,276,267,220,290,568,303
"YMR244C-A",4,18,13,7,10,1,7,4,8,7,11,1
"YMR244W",5,32,19,15,22,5,19,2,2,6,7,1
"YMR245W",18,36,29,29,21,14,30,11,15,28,41,34
"YMR246W",534,1034,695,626,508,641,780,739,661,1023,2021,1126
"YMR247C",34,100,81,75,66,80,57,76,48,91,191,58
"YMR247W-A",8,9,3,4,3,4,5,4,6,4,9,7
"YMR250W",175,181,139,120,121,60,113,108,164,113,212,232
"YMR251W",24,34,31,21,17,60,24,17,13,32,33,33
"YMR251W-A",501,497,532,517,465,120,223,409,552,360,754,539
"YMR252C",24,104,66,56,58,199,70,35,32,41,76,34
"YMR253C",22,105,91,60,59,125,46,37,41,45,87,49
"YMR254C",1,8,7,7,4,31,7,3,5,8,6,7
"YMR255W",59,148,94,109,80,164,79,71,94,73,185,55
"YMR256C",29,98,97,54,66,39,44,31,40,37,57,44
"YMR257C",15,56,39,40,26,144,32,33,36,35,70,23
"YMR258C",80,145,121,100,98,189,88,92,115,116,190,123
"YMR259C",32,74,57,45,49,42,42,75,60,77,172,45
"YMR260C",281,480,411,402,319,271,346,386,388,540,1027,486
"YMR261C",266,441,349,319,279,345,260,218,255,226,489,338
"YMR262W",84,162,124,120,101,137,95,74,98,91,132,127
"YMR263W",56,107,88,48,48,199,57,70,64,93,162,75
"YMR264W",94,244,232,175,197,209,182,97,108,121,203,170
"YMR265C",43,197,153,138,115,386,97,75,75,76,160,91
"YMR266W",145,260,218,203,163,253,173,210,198,264,551,242
"YMR267W",53,93,55,69,50,96,58,74,63,76,154,70
"YMR268C",9,14,19,20,11,73,23,24,15,41,56,25
"YMR269W",15,41,41,35,35,80,26,43,27,61,97,40
"YMR270C",31,101,83,76,66,147,70,60,49,70,138,61
"YMR271C",15,58,46,51,30,46,35,12,20,17,46,27
"YMR272C",184,152,125,92,102,185,130,230,235,277,493,279
"YMR272W-A",0,0,0,0,0,0,0,0,0,0,0,0
"YMR272W-B",1,0,4,3,2,3,4,3,2,0,4,1
"YMR273C",93,193,149,156,112,598,94,86,75,108,293,129
"YMR274C",17,41,28,27,23,20,21,30,25,32,70,23
"YMR275C",87,220,201,182,133,270,148,97,96,119,235,139
"YMR276W",550,1017,911,732,696,1287,946,380,501,502,885,868
"YMR277W",66,164,116,156,122,151,109,120,88,151,265,147
"YMR278W",74,123,125,112,88,91,63,57,75,92,175,100
"YMR279C",15,12,21,24,17,46,16,24,20,32,38,20
"YMR280C",46,177,130,136,100,205,118,38,48,33,87,64
"YMR281W",50,147,107,89,71,201,80,56,67,83,111,74
"YMR282C",13,82,41,47,30,127,33,27,46,51,86,41
"YMR283C",18,49,30,42,37,26,38,37,31,26,75,35
"YMR284W",22,88,65,51,54,83,32,40,31,34,72,31
"YMR285C",36,127,84,86,65,108,74,75,73,78,176,64
"YMR286W",23,79,49,40,36,30,49,39,60,58,110,56
"YMR287C",29,72,44,55,31,51,31,39,30,49,91,47
"YMR288W",34,71,51,46,51,60,62,52,48,58,106,73
"YMR289W",40,111,68,62,74,124,77,75,59,69,110,74
"YMR290C",83,182,137,138,117,340,116,179,136,205,484,131
"YMR290W-A",0,0,0,0,0,0,0,0,1,1,1,0
"YMR291W",194,274,244,197,133,1086,191,321,290,319,608,422
"YMR292W",18,73,48,53,53,44,28,35,35,55,84,35
"YMR293C",19,41,29,27,25,37,28,24,20,19,34,19
"YMR294W",14,60,47,44,36,96,34,25,30,29,68,20
"YMR294W-A",1,30,9,15,13,15,8,14,11,10,29,7
"YMR295C",205,443,320,302,312,598,411,159,159,250,302,327
"YMR296C",324,615,445,404,353,1216,384,314,325,381,769,516
"YMR297W",814,1568,1404,1244,1214,728,1356,630,779,797,1432,1257
"YMR298W",74,183,168,120,115,48,120,68,77,90,153,85
"YMR299C",33,60,35,31,36,68,29,29,25,43,67,35
"YMR300C",238,134,122,137,114,97,73,128,125,183,343,166
"YMR301C",56,144,117,108,112,198,127,77,80,110,180,111
"YMR302C",95,229,213,183,143,251,146,93,117,123,255,135
"YMR303C",20,92,58,35,36,38,69,29,23,37,78,51
"YMR304C-A",20,51,39,27,39,45,24,22,36,28,60,14
"YMR304W",100,264,194,164,128,414,105,107,115,106,199,136
"YMR305C",474,724,675,617,512,1641,594,422,403,543,1021,700
"YMR306C-A",0,0,2,1,0,0,0,0,0,0,1,0
"YMR306W",18,35,33,27,23,47,22,13,19,22,65,30
"YMR307C-A",0,0,0,0,0,0,0,0,0,0,0,0
"YMR307W",1190,1735,1471,1291,1122,1220,1347,1301,1274,1790,3400,2022
"YMR308C",179,287,289,207,164,347,177,237,209,347,644,313
"YMR309C",88,177,146,121,97,81,106,198,172,233,487,151
"YMR310C",21,48,29,25,24,145,26,42,40,69,81,45
"YMR311C",197,473,359,298,304,2323,292,216,257,202,527,306
"YMR312W",26,57,63,40,48,50,27,40,42,56,90,41
"YMR313C",67,145,102,112,102,205,90,72,87,94,194,89
"YMR314W",278,582,503,438,400,293,415,256,367,365,636,428
"YMR315W",231,453,326,282,312,399,267,189,294,193,397,335
"YMR315W-A",0,7,7,2,5,3,3,1,2,0,3,2
"YMR316C-A",2,1,4,4,2,4,1,4,2,4,12,3
"YMR316C-B",0,1,0,5,2,1,2,0,1,0,1,1
"YMR316W",70,91,100,100,92,46,52,90,72,97,267,94
"YMR317W",35,92,55,60,57,102,62,38,38,55,98,85
"YMR318C",459,694,603,524,422,244,589,343,395,489,900,817
"YMR319C",270,419,301,342,288,435,270,466,379,562,1045,563
"YMR320W",6,19,16,13,8,54,17,14,9,17,29,4
"YMR321C",1,0,2,2,1,1,2,1,1,1,1,0
"YMR322C",0,0,0,0,2,0,1,0,0,0,0,0
"YMR323W",1,2,4,2,1,6,1,0,0,0,0,1
"YMR324C",0,1,0,0,0,0,0,0,0,0,0,0
"YMR325W",0,0,0,0,0,0,0,0,0,0,0,0
"YMR326C",0,0,0,0,0,0,0,0,0,0,0,0
"YNL001W",37,67,45,65,47,37,45,51,58,57,136,51
"YNL002C",55,141,80,78,53,168,81,177,111,218,430,99
"YNL003C",62,161,145,125,119,62,113,68,76,90,157,91
"YNL004W",143,318,255,223,189,623,223,153,157,221,445,228
"YNL005C",62,191,126,110,94,105,89,107,79,109,221,110
"YNL006W",58,145,116,72,83,71,93,77,58,95,138,111
"YNL007C",198,300,293,345,297,401,187,329,274,386,847,308
"YNL008C",37,114,96,74,69,84,71,75,72,61,161,55
"YNL009W",4,46,23,22,19,17,26,13,21,18,31,24
"YNL010W",185,396,315,305,248,61,243,252,207,318,533,294
"YNL011C",44,108,70,80,59,46,52,53,50,51,115,58
"YNL012W",6,26,4,12,12,26,8,7,15,21,31,20
"YNL013C",0,0,0,1,1,0,0,0,0,1,0,0
"YNL014W",14,32,34,36,23,55,22,21,12,25,30,22
"YNL015W",63,89,88,68,81,96,68,38,72,38,84,85
"YNL016W",318,534,376,366,340,1129,341,310,271,411,773,528
"YNL017C",1,1,0,0,0,1,1,1,0,0,0,0
"YNL018C",3,3,2,2,7,3,1,3,3,2,5,4
"YNL019C",1,5,1,1,4,4,2,0,4,0,3,1
"YNL020C",66,136,110,87,100,145,93,86,93,93,192,106
"YNL021W",37,94,86,70,63,102,54,72,66,73,151,74
"YNL022C",24,72,49,42,37,141,39,52,35,64,126,55
"YNL023C",45,86,90,73,48,66,82,72,56,91,208,102
"YNL024C",32,28,22,16,20,29,22,58,50,68,134,48
"YNL024C-A",53,109,107,66,91,75,81,46,61,72,102,67
"YNL025C",39,76,52,51,34,110,42,47,33,48,77,32
"YNL026W",63,129,105,101,78,182,91,80,71,106,172,95
"YNL027W",67,171,129,108,105,326,112,89,76,90,199,120
"YNL028W",0,0,1,0,0,1,0,0,0,2,0,0
"YNL029C",28,61,59,48,48,85,41,35,31,63,130,62
"YNL030W",538,1410,1241,1097,988,1491,1066,652,749,786,1428,1021
"YNL031C",412,1718,1212,1221,1089,2786,857,809,966,926,1830,733
"YNL032W",53,106,86,80,66,264,78,62,55,65,138,65
"YNL033W",2,3,1,1,3,1,1,2,4,1,2,1
"YNL034W",1,5,1,2,1,3,7,5,4,3,8,2
"YNL035C",41,79,54,52,43,88,60,62,43,59,136,74
"YNL036W",125,224,171,124,152,189,149,75,133,120,190,183
"YNL037C",326,622,601,561,535,212,575,423,490,508,831,755
"YNL038W",24,90,62,49,48,86,44,43,41,50,93,30
"YNL039W",60,175,121,141,125,241,114,74,87,104,230,94
"YNL040W",36,41,21,23,21,18,24,27,30,44,94,46
"YNL041C",53,126,114,97,80,186,84,77,66,87,174,84
"YNL042W",31,136,99,80,97,537,84,64,64,79,169,72
"YNL042W-B",3,4,3,3,2,2,1,1,1,1,0,1
"YNL043C",2,7,1,1,2,4,2,1,3,2,6,2
"YNL044W",21,60,38,34,36,500,35,36,37,25,68,25
"YNL045W",131,280,180,201,166,171,151,129,158,152,263,193
"YNL046W",55,129,88,85,62,118,76,59,66,64,110,90
"YNL047C",30,88,61,58,57,138,66,38,34,42,106,52
"YNL048W",43,120,73,81,65,60,59,53,67,77,168,77
"YNL049C",75,113,92,107,81,154,82,74,84,83,192,110
"YNL050C",16,75,25,41,39,125,30,40,24,46,90,23
"YNL051W",20,73,52,48,39,90,39,46,34,55,85,42
"YNL052W",124,277,208,188,202,141,235,116,114,122,195,190
"YNL053W",38,95,79,61,56,180,82,51,53,80,123,70
"YNL054W",64,140,125,115,101,280,106,74,69,92,197,106
"YNL054W-A",0,0,0,0,0,0,0,0,0,0,0,0
"YNL054W-B",15,13,8,8,8,31,9,10,19,14,39,32
"YNL055C",765,1382,1210,914,1022,1078,1006,567,899,748,1178,1140
"YNL056W",74,159,137,124,121,89,128,76,116,126,193,119
"YNL057W",0,0,0,0,1,6,0,0,1,0,1,0
"YNL058C",46,88,58,51,49,239,48,50,94,59,120,66
"YNL059C",101,245,207,167,192,250,168,132,129,166,327,193
"YNL061W",106,228,171,153,136,202,170,209,167,282,562,196
"YNL062C",23,32,29,24,21,21,26,46,36,49,129,40
"YNL063W",36,61,47,34,36,93,36,30,45,46,88,43
"YNL064C",363,534,378,443,312,427,322,556,484,778,1495,696
"YNL065W",17,47,38,39,36,44,30,33,17,74,94,29
"YNL066W",276,510,378,352,321,475,390,240,294,418,739,541
"YNL067W",393,511,523,506,439,45,468,425,385,574,873,653
"YNL067W-A",0,0,0,0,0,0,0,0,0,0,1,0
"YNL067W-B",0,0,0,0,0,0,0,0,0,0,0,1
"YNL068C",62,134,99,88,78,440,103,72,60,96,182,97
"YNL069C",788,1431,1190,1149,1103,1654,1082,1186,1118,1560,2503,1340
"YNL070W",36,85,48,35,56,64,54,49,68,67,98,43
"YNL071W",545,1096,965,813,689,412,757,454,478,640,1073,887
"YNL072W",30,69,36,47,43,77,47,31,26,39,87,61
"YNL073W",117,225,163,134,129,238,148,129,130,144,277,206
"YNL074C",128,289,263,214,224,488,201,108,111,128,282,204
"YNL075W",29,58,42,26,39,98,42,61,60,99,164,81
"YNL076W",72,197,144,118,117,649,120,86,86,115,203,103
"YNL077W",36,125,72,70,48,178,87,58,56,59,124,57
"YNL078W",78,214,131,109,115,399,179,97,103,100,165,115
"YNL079C",387,1023,961,1033,742,1012,703,450,510,610,1267,687
"YNL080C",101,199,131,136,130,507,178,102,87,114,196,139
"YNL081C",72,142,105,96,92,241,95,74,94,105,172,110
"YNL082W",11,50,33,49,35,36,28,26,21,18,48,26
"YNL083W",22,86,65,62,39,102,41,41,40,58,96,52
"YNL084C",93,230,174,202,155,109,155,107,158,131,281,119
"YNL085W",104,221,155,179,121,208,111,147,139,141,356,158
"YNL086W",17,27,17,16,18,15,11,14,5,11,18,22
"YNL087W",129,358,278,258,241,542,233,209,194,275,638,230
"YNL088W",58,177,142,163,96,205,84,99,80,121,289,106
"YNL089C",0,6,2,0,1,1,1,2,2,1,1,0
"YNL090W",2,19,10,7,14,5,17,14,3,18,22,3
"YNL091W",187,404,388,313,267,811,290,216,232,290,568,380
"YNL092W",16,28,55,26,33,47,18,10,17,12,24,29
"YNL093W",12,24,22,15,11,38,10,5,4,6,16,6
"YNL094W",127,210,230,215,178,692,139,103,107,157,292,176
"YNL095C",23,59,46,38,37,48,35,40,34,52,92,40
"YNL096C",267,391,404,324,312,111,254,329,314,425,875,431
"YNL097C",60,125,130,107,97,231,96,74,62,95,168,119
"YNL097C-B",1,14,11,6,6,17,5,0,7,3,10,5
"YNL097W-A",0,0,0,0,0,0,0,0,0,0,0,0
"YNL098C",503,696,619,525,489,900,557,415,539,496,910,910
"YNL099C",47,127,93,74,72,100,62,63,71,79,134,90
"YNL100W",58,215,157,125,116,179,134,86,68,105,158,111
"YNL101W",47,167,115,100,89,106,74,77,74,99,162,86
"YNL102W",25,71,75,72,42,77,51,39,28,57,145,54
"YNL103W",96,225,183,183,138,593,158,84,95,133,220,133
"YNL103W-A",1,2,0,5,1,1,0,3,4,3,2,2
"YNL104C",580,1009,773,799,618,292,790,269,510,330,644,712
"YNL105W",1,0,2,0,0,0,0,0,0,0,0,0
"YNL106C",46,112,98,78,61,270,74,47,51,61,119,63
"YNL107W",12,42,31,24,23,81,28,21,22,29,57,23
"YNL108C",9,22,12,14,10,35,4,20,14,20,35,15
"YNL109W",1,2,1,2,0,0,1,0,1,0,2,2
"YNL110C",32,52,52,40,43,80,43,109,55,133,278,66
"YNL111C",27,46,34,36,32,39,32,37,37,54,85,34
"YNL112W",363,466,370,393,278,349,398,763,538,1201,2046,954
"YNL113W",5,26,15,15,16,16,13,22,16,31,42,11
"YNL114C",0,0,0,0,0,1,0,0,0,0,0,1
"YNL115C",100,237,190,204,144,484,142,65,107,92,208,149
"YNL116W",27,62,64,52,49,71,43,34,27,44,88,54
"YNL117W",8,7,16,8,12,11,12,3,12,3,15,12
"YNL118C",130,360,263,246,170,663,176,177,193,225,453,207
"YNL119W",23,28,22,17,11,26,22,49,29,55,101,30
"YNL120C",0,0,0,0,0,0,0,0,0,0,0,0
"YNL121C",119,256,222,199,170,578,133,222,212,239,535,217
"YNL122C",13,47,25,13,31,28,16,20,29,29,30,27
"YNL123W",84,141,97,114,101,129,69,132,97,168,306,125
"YNL124W",35,73,62,49,56,294,56,49,46,74,130,59
"YNL125C",59,215,152,137,126,252,132,63,96,96,164,116
"YNL126W",7,33,22,18,21,32,17,26,10,35,54,14
"YNL127W",48,84,80,64,67,96,52,47,49,43,131,63
"YNL128W",2,13,11,13,5,11,11,6,4,3,16,5
"YNL129W",16,41,32,34,39,21,24,12,25,18,40,30
"YNL130C",75,160,125,126,94,212,104,71,73,93,160,100
"YNL130C-A",0,4,0,0,0,1,3,0,1,1,1,1
"YNL131W",112,215,182,148,151,212,154,131,141,156,307,157
"YNL132W",53,88,63,54,54,59,62,137,90,198,368,110
"YNL133C",5,36,19,13,13,79,16,13,6,13,20,10
"YNL134C",223,170,143,130,124,149,115,182,235,231,428,358
"YNL135C",497,1067,876,848,770,910,835,487,516,641,1011,794
"YNL136W",47,211,136,140,121,701,90,60,89,92,205,89
"YNL137C",63,130,92,82,73,266,77,81,86,111,221,110
"YNL138W",274,559,446,477,343,705,312,207,283,251,544,395
"YNL138W-A",19,50,49,36,31,12,34,22,19,18,37,34
"YNL139C",49,92,98,75,70,133,52,63,51,80,192,80
"YNL140C",0,3,2,1,2,0,2,1,0,2,2,0
"YNL141W",80,92,64,62,61,96,49,135,104,241,373,160
"YNL142W",24,72,47,50,44,29,56,40,29,41,49,32
"YNL143C",4,7,5,5,5,4,9,6,3,7,2,6
"YNL144C",122,189,137,123,121,359,124,187,153,192,419,261
"YNL144W-A",0,0,0,0,0,0,0,0,0,0,0,0
"YNL145W",67,115,84,57,77,218,60,224,156,219,353,129
"YNL146C-A",0,9,2,5,7,8,3,1,3,5,8,4
"YNL146W",4,27,17,12,18,125,10,5,4,8,8,4
"YNL147W",30,167,96,86,76,37,100,59,72,91,121,54
"YNL148C",44,128,107,75,111,257,99,52,37,62,91,70
"YNL149C",21,45,37,27,31,65,49,23,23,45,54,41
"YNL150W",3,13,11,13,13,4,5,8,6,8,16,4
"YNL151C",78,158,124,131,88,276,91,113,86,163,312,151
"YNL152W",53,116,61,63,72,173,64,44,41,61,114,66
"YNL153C",82,197,161,154,144,208,156,133,137,185,268,184
"YNL154C",247,393,303,256,268,781,272,316,268,331,757,415
"YNL155W",80,244,166,155,136,259,123,103,135,112,205,146
"YNL156C",87,280,202,187,173,212,169,107,148,121,215,134
"YNL157W",130,274,218,223,204,334,192,144,137,170,323,204
"YNL158W",36,69,53,42,41,79,55,40,38,41,60,50
"YNL159C",54,119,98,73,75,238,75,42,59,45,134,80
"YNL160W",218,61,72,47,56,111,65,189,202,214,373,274
"YNL161W",89,202,163,141,107,456,118,102,90,132,262,148
"YNL162W",357,606,553,485,550,80,538,489,501,681,890,691
"YNL162W-A",2,1,2,1,2,6,2,3,1,4,6,1
"YNL163C",75,100,115,117,82,100,94,105,85,131,284,125
"YNL164C",9,33,21,31,39,72,32,16,17,32,45,28
"YNL165W",43,61,43,46,43,81,34,34,28,40,76,53
"YNL166C",58,125,89,85,83,189,68,79,67,87,173,87
"YNL167C",61,234,153,150,135,328,132,94,110,130,297,141
"YNL168C",81,119,107,70,91,225,71,56,65,56,101,90
"YNL169C",76,142,99,90,73,182,70,84,96,110,182,92
"YNL170W",6,10,8,8,7,5,5,1,4,4,11,2
"YNL171C",0,4,4,1,2,6,2,0,2,2,2,2
"YNL172W",39,72,63,52,37,67,33,40,27,46,92,44
"YNL173C",210,486,319,356,252,544,261,203,278,240,501,271
"YNL174W",0,0,0,0,0,0,0,0,0,2,0,0
"YNL175C",58,48,62,58,47,43,58,85,67,125,249,87
"YNL176C",124,269,184,120,116,717,168,144,123,164,312,218
"YNL177C",61,178,119,93,117,201,89,96,107,110,225,132
"YNL178W",1886,3073,2776,2746,2222,440,2265,2267,2200,3051,5520,3376
"YNL179C",5,16,5,6,11,49,16,12,9,10,18,8
"YNL180C",94,243,163,144,116,398,111,116,150,158,290,126
"YNL181W",61,102,93,90,67,70,59,57,51,68,153,66
"YNL182C",35,42,41,32,29,46,36,72,36,110,179,80
"YNL183C",67,129,95,83,67,281,95,67,75,73,154,89
"YNL184C",4,10,4,0,1,28,6,6,10,3,5,6
"YNL185C",38,52,49,42,46,29,44,34,50,64,96,62
"YNL186W",49,103,48,52,52,122,58,137,83,157,297,98
"YNL187W",16,24,32,20,27,59,21,17,23,18,38,26
"YNL188W",10,105,61,79,69,235,61,32,45,55,109,32
"YNL189W",126,298,192,199,135,260,144,184,172,178,442,187
"YNL190W",193,332,258,258,241,908,276,238,185,297,527,333
"YNL191W",16,69,51,31,64,112,69,25,17,47,79,37
"YNL192W",335,793,660,723,487,578,427,400,376,376,969,475
"YNL193W",43,131,90,84,84,130,80,49,60,56,117,55
"YNL194C",19,14,15,11,11,38,13,12,19,13,20,35
"YNL195C",23,30,23,20,25,16,30,9,23,12,28,48
"YNL196C",10,24,26,19,24,14,26,16,12,13,22,17
"YNL197C",99,209,146,130,113,800,135,144,131,165,320,195
"YNL198C",1,1,1,0,1,30,1,3,2,0,2,0
"YNL199C",68,130,107,108,76,304,120,99,92,130,231,115
"YNL200C",70,151,131,133,147,239,119,50,88,71,117,92
"YNL201C",37,70,61,49,35,69,27,39,46,78,128,56
"YNL202W",7,12,11,6,6,23,4,6,8,3,4,10
"YNL203C",0,4,1,1,1,2,0,0,3,1,2,2
"YNL204C",3,27,14,15,12,42,14,11,13,15,35,13
"YNL205C",0,1,1,0,0,0,0,0,0,0,1,0
"YNL206C",60,164,135,145,110,109,93,89,74,88,185,81
"YNL207W",36,70,76,66,52,219,46,81,45,99,163,72
"YNL208W",1399,1563,1568,1509,1342,820,1385,678,900,871,1539,1719
"YNL209W",1367,1978,1742,1596,1387,561,1583,1446,1230,2025,3388,2193
"YNL210W",3,8,10,6,4,6,2,4,3,12,12,3
"YNL211C",1,18,8,6,7,16,5,13,7,10,16,5
"YNL212W",67,186,131,148,117,110,107,69,84,106,239,107
"YNL213C",26,57,39,36,37,57,37,36,43,41,90,45
"YNL214W",5,32,19,18,14,42,20,17,15,18,33,11
"YNL215W",92,228,198,201,160,609,135,108,115,132,265,166
"YNL216W",60,120,98,91,87,142,85,92,67,141,266,106
"YNL217W",200,141,128,128,106,334,109,193,182,233,481,308
"YNL218W",32,46,51,52,38,64,45,32,22,34,81,47
"YNL219C",69,260,149,153,161,237,132,116,125,126,246,117
"YNL220W",297,319,288,281,215,86,209,289,329,353,648,362
"YNL221C",110,86,107,95,82,179,79,96,84,146,237,130
"YNL222W",11,35,32,25,25,66,28,20,26,23,41,18
"YNL223W",39,108,101,78,56,96,80,46,54,47,94,73
"YNL224C",55,96,78,82,75,98,60,58,74,83,170,88
"YNL225C",8,91,62,76,58,84,28,47,29,43,80,25
"YNL226W",0,1,0,0,0,0,0,0,0,1,1,0
"YNL227C",2,24,14,13,7,20,4,18,18,19,49,11
"YNL228W",0,0,0,0,0,0,1,0,0,0,1,0
"YNL229C",97,204,147,143,123,337,116,137,149,156,312,124
"YNL230C",24,37,54,30,28,126,26,32,26,28,82,44
"YNL231C",95,144,112,110,105,265,104,159,138,250,403,161
"YNL232W",65,120,92,109,92,131,113,80,65,125,202,107
"YNL233W",35,124,114,95,71,204,77,47,59,51,121,60
"YNL234W",30,132,57,64,58,131,60,58,50,77,106,46
"YNL235C",1,2,1,0,7,2,1,1,2,1,4,1
"YNL236W",32,76,47,50,45,84,49,63,47,74,119,43
"YNL237W",32,91,76,74,72,251,67,44,53,44,96,70
"YNL238W",104,247,180,194,146,177,164,127,113,198,353,181
"YNL239W",177,462,385,298,287,214,311,122,186,173,371,248
"YNL240C",59,97,91,88,60,36,84,60,39,91,183,114
"YNL241C",554,1009,985,826,735,733,755,401,494,447,852,799
"YNL242W",54,141,105,109,90,233,111,43,68,73,141,91
"YNL243W",341,605,487,460,391,629,420,270,273,324,665,517
"YNL244C",240,600,422,422,403,517,396,440,399,543,764,380
"YNL245C",28,68,51,53,44,37,32,30,40,38,110,39
"YNL246W",76,142,103,131,114,267,103,95,90,88,231,132
"YNL247W",242,431,361,356,322,354,294,271,245,397,778,415
"YNL248C",66,79,54,61,48,69,50,153,106,185,388,147
"YNL249C",10,40,28,35,33,19,29,28,20,28,49,15
"YNL250W",28,102,79,81,57,74,42,31,39,57,97,45
"YNL251C",121,196,142,128,122,640,140,188,150,284,521,256
"YNL252C",56,95,45,81,61,75,39,49,62,56,130,54
"YNL253W",25,76,67,48,33,76,44,33,42,52,72,46
"YNL254C",12,31,33,15,22,60,13,18,23,31,63,25
"YNL255C",371,597,491,405,367,608,472,428,424,656,1055,672
"YNL256W",40,109,92,69,70,106,67,82,67,136,228,98
"YNL257C",43,134,91,86,75,81,68,54,57,69,130,61
"YNL258C",52,148,129,110,85,90,79,65,93,83,211,83
"YNL259C",15,67,41,45,55,8,39,28,32,31,58,20
"YNL260C",13,27,20,24,23,96,14,17,21,25,36,18
"YNL261W",24,73,42,46,28,112,47,58,44,63,124,62
"YNL262W",50,134,105,84,57,93,60,66,73,86,157,81
"YNL263C",91,235,230,182,172,262,158,115,116,108,225,136
"YNL264C",44,124,83,98,74,136,68,68,63,93,158,82
"YNL265C",20,45,48,34,42,17,34,28,26,25,45,32
"YNL266W",0,1,2,2,0,0,4,3,0,2,6,1
"YNL267W",100,199,161,128,130,375,119,114,110,130,292,145
"YNL268W",189,565,353,329,297,240,309,308,252,304,629,325
"YNL269W",1,1,1,0,1,1,2,1,1,0,1,3
"YNL270C",3,19,28,19,8,12,9,9,7,5,10,7
"YNL271C",157,360,252,283,212,833,161,194,199,228,486,220
"YNL272C",61,155,116,124,96,187,96,84,81,94,211,101
"YNL273W",27,53,61,43,29,43,42,26,28,33,79,35
"YNL274C",60,103,69,76,68,56,79,33,59,28,74,85
"YNL275W",31,79,48,54,48,58,46,37,39,43,99,48
"YNL276C",0,1,3,0,0,0,1,0,0,2,0,0
"YNL277W",41,95,86,62,57,90,76,21,24,37,58,36
"YNL277W-A",0,0,1,0,1,0,0,1,0,0,0,0
"YNL278W",38,116,111,87,104,470,85,53,32,52,128,51
"YNL279W",13,55,36,40,35,66,44,17,21,21,32,25
"YNL280C",146,242,238,191,167,69,176,161,127,182,354,265
"YNL281W",94,136,146,144,117,105,112,102,100,121,236,176
"YNL282W",7,30,19,13,22,36,16,17,12,23,43,12
"YNL283C",141,393,327,274,272,542,292,131,157,191,290,257
"YNL284C",38,114,86,56,67,165,56,60,52,60,136,55
"YNL284C-A",0,0,0,0,0,0,0,0,0,0,0,0
"YNL284C-B",4,7,5,9,2,22,5,7,6,5,13,5
"YNL285W",0,0,0,0,0,1,0,0,0,1,0,0
"YNL286W",28,73,50,69,46,143,32,42,41,43,97,31
"YNL287W",206,521,381,405,331,323,271,286,281,320,638,329
"YNL288W",96,198,146,152,123,767,154,121,112,130,241,167
"YNL289W",58,80,55,72,88,57,55,35,59,64,85,51
"YNL290W",115,211,217,147,162,153,188,121,113,151,242,168
"YNL291C",53,106,93,80,77,84,84,53,49,91,144,75
"YNL292W",42,85,66,50,47,113,57,82,55,80,192,63
"YNL293W",68,196,144,110,96,159,115,72,81,70,156,123
"YNL294C",118,325,278,252,189,667,232,130,143,170,308,245
"YNL295W",33,80,74,65,51,91,61,39,42,46,105,58
"YNL296W",0,0,0,0,0,0,0,0,0,0,0,0
"YNL297C",55,159,127,117,100,116,83,86,94,117,230,109
"YNL298W",57,143,125,83,92,391,105,75,64,82,189,85
"YNL299W",6,14,24,14,10,68,17,27,7,38,72,12
"YNL300W",130,80,62,37,54,233,49,101,112,133,251,170
"YNL301C",124,230,181,204,158,68,175,206,186,319,505,307
"YNL302C",1214,1568,1570,1371,1222,472,1392,1282,1142,1849,2819,2065
"YNL303W",2,28,4,8,6,8,2,6,10,20,44,1
"YNL304W",20,85,54,51,48,51,57,28,21,34,41,54
"YNL305C",108,281,245,204,174,152,231,70,119,93,181,168
"YNL306W",94,233,185,150,122,380,176,100,128,145,251,172
"YNL307C",115,288,242,200,151,482,160,128,137,181,342,154
"YNL308C",84,193,156,189,129,515,117,188,126,270,563,180
"YNL309W",56,80,75,67,70,446,65,30,50,53,82,54
"YNL310C",44,102,71,76,75,71,65,45,44,38,85,66
"YNL311C",45,61,43,44,38,95,30,33,35,43,72,30
"YNL312W",64,161,147,130,126,62,117,77,80,94,167,117
"YNL313C",20,65,33,38,44,93,33,67,33,67,137,51
"YNL314W",14,50,47,34,34,109,35,23,30,33,49,32
"YNL315C",85,144,112,92,83,61,116,106,100,121,230,149
"YNL316C",20,43,32,37,31,64,33,23,30,43,60,28
"YNL317W",27,91,69,67,48,225,73,71,56,73,110,70
"YNL318C",0,0,0,0,0,2,0,0,0,0,1,0
"YNL319W",0,4,0,4,3,0,0,0,0,0,2,0
"YNL320W",46,110,77,65,64,24,54,39,55,42,100,47
"YNL321W",102,225,197,174,151,337,168,91,97,134,233,187
"YNL322C",247,477,454,361,368,945,419,181,201,261,461,465
"YNL323W",72,126,108,102,85,108,99,61,70,98,178,93
"YNL324W",0,1,1,1,0,0,0,0,0,0,0,0
"YNL325C",11,77,61,42,32,73,44,25,29,33,72,36
"YNL326C",16,64,51,42,31,42,30,29,31,22,52,33
"YNL327W",349,339,307,197,204,1178,264,450,390,559,1064,702
"YNL328C",2,4,6,4,1,9,5,3,4,6,12,5
"YNL329C",63,120,95,76,81,169,82,77,63,85,174,95
"YNL330C",109,273,218,194,159,288,192,145,125,185,324,188
"YNL331C",13,54,34,27,28,53,29,23,22,21,44,27
"YNL332W",0,7,6,6,4,1,3,0,0,0,1,2
"YNL333W",5,13,18,13,5,23,15,4,5,4,10,7
"YNL334C",0,4,6,1,2,9,3,1,1,0,0,1
"YNL335W",0,2,1,2,1,0,0,0,1,0,4,2
"YNL336W",10,55,41,35,22,19,19,13,22,19,31,14
"YNL337W",0,0,0,0,0,0,0,0,0,0,0,0
"YNL338W",0,0,0,0,0,0,0,0,0,0,0,0
"YNL339C",0,0,0,0,0,0,0,0,0,0,0,0
"YNL339W-A",0,0,0,0,0,0,0,0,0,0,0,0
"YNL339W-B",0,0,0,0,0,0,0,0,0,0,0,0
"YNR001C",387,856,610,537,491,469,550,333,521,359,858,566
"YNR001W-A",0,1,1,0,0,0,0,3,0,0,0,1
"YNR002C",37,86,80,51,37,65,62,22,79,38,71,85
"YNR003C",27,32,19,36,30,26,26,40,32,40,86,48
"YNR003W-A",0,0,0,0,0,0,0,0,0,0,0,0
"YNR004W",11,32,21,26,13,35,23,10,18,19,45,14
"YNR005C",0,1,0,0,1,0,0,0,0,0,0,0
"YNR006W",113,265,175,194,174,613,163,116,97,130,244,161
"YNR007C",40,102,71,62,44,155,57,49,50,45,104,60
"YNR008W",67,103,123,102,93,181,73,74,54,90,163,101
"YNR009W",26,68,51,24,42,363,50,25,37,34,79,33
"YNR010W",10,27,13,18,25,22,18,14,12,18,34,15
"YNR011C",32,69,79,69,65,154,61,51,38,79,128,41
"YNR012W",11,38,36,28,18,46,21,44,24,46,108,34
"YNR013C",184,346,329,248,244,363,262,152,169,221,479,306
"YNR014W",113,189,165,118,139,351,109,126,113,166,251,238
"YNR015W",50,154,112,103,98,240,113,84,60,102,184,106
"YNR016C",678,1171,904,919,691,599,827,702,764,983,2110,1247
"YNR017W",203,431,288,230,273,280,332,221,238,340,535,346
"YNR018W",135,220,212,177,155,259,179,179,166,252,441,257
"YNR019W",178,262,254,264,202,137,192,124,143,196,400,233
"YNR020C",33,78,58,58,69,194,57,34,38,50,109,49
"YNR021W",128,360,265,283,222,165,201,210,200,243,543,221
"YNR022C",27,86,46,37,47,60,48,53,71,53,120,64
"YNR023W",25,84,64,70,34,122,40,28,43,55,92,42
"YNR024W",8,16,14,10,11,27,9,11,14,18,38,15
"YNR025C",3,5,2,3,4,1,4,4,7,3,13,3
"YNR026C",47,93,73,77,59,100,85,79,73,71,141,97
"YNR027W",49,121,71,69,48,61,74,57,55,85,128,107
"YNR028W",55,135,76,71,76,139,65,72,70,80,160,94
"YNR029C",47,111,74,80,75,103,70,62,72,74,173,85
"YNR030W",66,124,100,71,77,231,83,81,78,98,170,92
"YNR031C",110,231,211,212,168,184,160,106,111,140,272,175
"YNR032C-A",11,55,50,38,43,19,50,41,29,41,51,23
"YNR032W",61,153,101,96,87,120,110,65,75,61,112,78
"YNR033W",98,158,114,114,110,210,121,94,117,119,226,186
"YNR034W",52,122,63,88,65,90,69,68,63,56,130,67
"YNR034W-A",75,54,32,12,28,20,31,55,92,51,82,113
"YNR035C",168,437,329,278,287,241,295,222,282,259,456,329
"YNR036C",240,369,309,275,271,266,336,189,262,234,409,390
"YNR037C",64,88,76,48,70,40,84,40,51,61,109,101
"YNR038W",22,46,48,38,34,81,36,52,36,79,148,55
"YNR039C",35,72,62,64,51,96,52,61,25,62,100,64
"YNR040W",21,30,23,17,19,15,18,26,23,26,48,32
"YNR041C",59,134,116,81,86,42,97,58,57,72,122,91
"YNR042W",0,0,0,0,0,1,0,0,0,0,0,0
"YNR043W",167,260,243,227,226,156,222,141,182,231,357,264
"YNR044W",53,68,70,40,52,220,52,39,49,43,99,80
"YNR045W",58,112,87,66,67,219,94,70,78,95,157,83
"YNR046W",78,110,62,60,79,90,93,74,53,113,178,147
"YNR047W",54,90,88,87,55,229,57,55,60,55,113,70
"YNR048W",20,59,33,36,30,71,42,34,30,28,58,33
"YNR049C",42,103,74,60,70,156,68,56,52,71,100,87
"YNR050C",233,226,180,151,135,96,181,212,208,310,542,409
"YNR051C",127,353,233,249,172,377,138,199,218,282,527,239
"YNR052C",116,198,156,129,134,348,158,111,114,174,256,166
"YNR053C",37,30,24,21,20,44,19,75,47,126,267,62
"YNR054C",23,21,22,28,33,63,18,41,34,74,108,23
"YNR055C",136,240,182,199,129,99,157,126,135,156,296,217
"YNR056C",16,20,27,19,15,56,17,23,26,43,55,32
"YNR057C",9,34,20,15,25,32,32,21,12,12,29,11
"YNR058W",15,45,39,35,17,20,35,16,16,23,20,14
"YNR059W",70,106,92,71,76,66,56,50,47,67,114,58
"YNR060W",33,101,106,72,65,98,68,57,47,57,109,68
"YNR061C",76,124,109,98,87,57,94,73,68,106,173,123
"YNR062C",10,15,12,9,5,24,9,10,16,11,21,11
"YNR063W",6,7,9,7,6,20,10,6,6,10,28,15
"YNR064C",10,21,14,17,5,43,13,10,9,10,14,12
"YNR065C",56,105,89,63,53,146,63,48,56,73,118,71
"YNR066C",13,11,6,6,4,6,7,4,6,7,20,16
"YNR067C",119,94,110,83,70,167,55,175,127,184,338,190
"YNR068C",14,22,18,16,19,20,12,8,19,10,30,14
"YNR069C",11,12,22,17,12,16,11,5,18,12,30,17
"YNR070W",20,59,37,46,34,87,34,29,34,48,70,42
"YNR071C",11,17,18,13,12,44,20,4,12,12,18,12
"YNR072W",6,8,9,3,5,18,2,3,6,7,16,4
"YNR073C",3,9,8,7,9,7,16,8,5,5,7,9
"YNR074C",40,93,78,67,72,56,61,22,40,59,123,57
"YNR075C-A",2,6,0,1,3,6,4,3,4,2,9,3
"YNR075W",17,21,10,13,11,19,13,28,10,40,63,26
"YNR076W",0,0,0,0,0,0,0,0,0,0,0,0
"YNR077C",0,0,0,0,0,0,0,0,0,0,0,0
"YOL001W",29,56,42,34,28,81,27,28,29,51,62,37
"YOL002C",106,133,72,85,69,70,46,255,253,272,570,176
"YOL003C",46,87,67,59,56,90,49,33,35,44,91,50
"YOL004W",225,495,415,408,315,628,313,228,231,284,685,357
"YOL005C",82,199,133,136,153,360,159,101,83,113,155,111
"YOL006C",43,168,122,149,96,283,77,87,56,110,227,63
"YOL007C",76,88,80,73,73,191,71,59,82,92,157,113
"YOL008W",16,50,31,34,32,11,36,36,29,31,61,24
"YOL009C",24,61,49,34,40,72,39,24,28,25,56,26
"YOL010W",16,24,10,11,11,23,15,42,31,80,110,27
"YOL011W",44,102,69,71,52,68,56,71,73,81,169,80
"YOL012C",100,198,147,157,141,104,125,112,95,143,245,148
"YOL013C",80,215,183,126,128,209,137,98,91,103,185,167
"YOL013W-A",1,1,3,2,0,0,1,2,2,2,5,1
"YOL013W-B",0,1,1,0,0,0,0,1,0,1,0,0
"YOL014W",29,30,30,26,27,5,21,36,21,33,83,24
"YOL015W",15,35,26,19,14,25,19,26,21,13,43,15
"YOL016C",536,411,493,455,390,527,255,375,321,387,872,523
"YOL017W",13,49,36,35,33,44,22,21,19,15,35,12
"YOL018C",84,226,185,166,156,373,164,90,72,114,189,119
"YOL019W",58,148,81,76,83,369,80,97,87,100,200,99
"YOL019W-A",0,0,0,0,0,0,0,0,0,0,0,0
"YOL020W",136,148,129,113,91,98,127,140,152,193,361,217
"YOL021C",99,182,175,149,118,123,134,160,113,232,401,179
"YOL022C",54,119,110,89,74,133,74,96,83,126,219,99
"YOL023W",31,68,54,44,50,71,70,42,29,58,74,42
"YOL024W",1,6,3,1,1,1,0,1,1,5,1,2
"YOL025W",18,57,53,47,36,81,46,34,35,30,63,38
"YOL026C",71,157,130,110,141,255,126,47,71,78,125,97
"YOL027C",66,211,149,166,139,246,116,115,125,163,320,154
"YOL028C",31,75,65,54,45,176,44,38,37,41,104,63
"YOL029C",29,126,85,91,85,139,77,61,59,68,130,62
"YOL030W",277,726,541,487,487,1349,510,313,333,403,766,515
"YOL031C",44,161,81,66,88,241,82,60,78,79,153,79
"YOL032W",35,81,49,49,53,116,66,40,53,47,69,58
"YOL033W",14,54,40,36,42,23,28,24,23,40,59,40
"YOL034W",9,63,43,47,29,34,40,19,13,40,68,21
"YOL035C",2,4,3,5,5,1,2,3,4,5,7,3
"YOL036W",61,175,127,113,100,200,109,82,80,105,203,121
"YOL037C",0,2,0,1,0,3,0,0,1,0,0,1
"YOL038C-A",1,4,4,5,6,13,3,2,4,5,5,3
"YOL038W",339,677,610,548,576,1015,561,286,398,418,704,670
"YOL039W",657,1479,1327,1185,1087,204,1166,1094,1008,1576,2222,1229
"YOL040C",959,1857,1558,1504,1333,3747,1244,1405,1414,1875,3248,1554
"YOL041C",47,103,87,84,69,71,55,107,84,141,305,91
"YOL042W",24,68,53,37,49,25,42,51,31,51,101,60
"YOL043C",33,96,78,76,49,82,92,33,47,47,88,60
"YOL044W",10,71,36,23,28,31,21,30,30,31,68,26
"YOL045W",68,174,116,145,87,136,101,95,81,113,261,100
"YOL046C",0,0,0,0,1,0,0,0,0,0,0,0
"YOL047C",25,59,47,40,41,38,53,11,25,16,27,22
"YOL048C",54,213,132,122,112,117,108,48,82,41,132,80
"YOL049W",128,313,241,214,189,793,188,147,179,208,357,202
"YOL050C",0,1,0,3,0,1,0,0,0,0,2,0
"YOL051W",96,279,192,170,124,758,189,137,110,166,350,193
"YOL052C",54,113,82,63,59,135,82,85,50,123,186,87
"YOL052C-A",41,23,12,11,16,18,12,39,51,43,40,96
"YOL053W",57,132,96,83,69,222,105,48,53,53,84,79
"YOL054W",43,97,78,78,63,208,67,44,33,56,115,80
"YOL055C",21,69,57,51,62,54,52,39,41,46,88,43
"YOL056W",53,88,60,71,52,72,51,62,70,85,148,74
"YOL057W",75,231,166,170,121,278,119,120,99,125,296,140
"YOL058W",108,170,152,137,111,156,122,49,66,67,137,92
"YOL059W",355,593,503,444,434,1657,522,333,306,370,768,521
"YOL060C",169,260,211,215,176,976,170,119,153,159,287,229
"YOL061W",169,169,180,157,134,73,198,164,166,277,494,300
"YOL062C",156,368,244,226,217,186,253,169,171,228,344,255
"YOL063C",57,116,91,84,76,81,78,50,53,60,154,81
"YOL064C",137,262,230,195,204,72,191,116,139,137,238,198
"YOL065C",38,79,56,56,50,33,57,40,45,51,85,67
"YOL066C",41,78,64,65,83,77,63,49,37,67,109,59
"YOL067C",41,41,39,35,19,84,29,29,18,41,63,62
"YOL068C",85,183,131,130,112,212,99,120,102,133,274,112
"YOL069W",15,71,47,39,39,58,24,12,26,33,56,23
"YOL070C",76,239,197,148,163,346,187,92,90,114,216,137
"YOL071W",29,73,39,54,40,103,45,31,46,36,61,41
"YOL072W",40,75,57,49,58,152,62,49,33,48,112,58
"YOL073C",64,148,129,111,98,151,115,57,58,78,146,102
"YOL075C",36,78,51,45,36,55,55,40,32,42,107,60
"YOL076W",19,51,33,34,39,54,23,48,30,56,122,34
"YOL077C",60,99,88,74,63,208,63,132,96,206,366,131
"YOL077W-A",30,77,63,44,49,80,51,30,48,37,82,57
"YOL078W",20,50,52,39,31,53,27,35,25,37,74,35
"YOL079W",0,0,0,0,0,0,0,0,0,0,0,0
"YOL080C",7,13,3,6,6,12,8,20,12,23,76,9
"YOL081W",130,262,254,224,177,127,189,119,150,207,428,184
"YOL082W",121,269,270,237,201,231,192,73,142,95,185,146
"YOL083C-A",0,0,0,0,0,0,0,0,0,0,0,0
"YOL083W",15,72,53,47,34,48,36,15,18,14,30,23
"YOL084W",6,42,32,34,18,36,20,8,7,12,11,12
"YOL085C",1,6,7,2,3,31,1,3,1,2,3,5
"YOL085W-A",1,3,5,2,2,5,4,2,1,1,2,2
"YOL086C",17793,21875,22030,21622,16921,1955,19636,13683,15160,19543,34592,31078
"YOL086W-A",25,93,81,52,56,98,79,21,37,29,47,44
"YOL087C",193,423,359,289,242,345,247,193,216,244,544,294
"YOL088C",56,148,101,82,76,276,99,49,71,83,137,74
"YOL089C",29,77,55,49,35,59,44,40,48,44,106,29
"YOL090W",56,142,115,123,88,60,85,50,56,71,141,74
"YOL091W",0,9,6,7,10,5,3,4,3,7,10,5
"YOL092W",98,227,142,96,129,113,157,136,117,168,293,154
"YOL093W",40,96,65,69,50,210,59,65,44,95,155,84
"YOL094C",27,59,26,39,38,44,51,38,27,56,82,36
"YOL095C",11,32,28,28,18,25,16,15,16,34,42,14
"YOL096C",56,97,61,69,76,74,87,58,56,61,97,69
"YOL097C",266,363,303,261,257,122,289,311,247,427,685,438
"YOL097W-A",3,8,4,5,7,1,5,4,2,4,5,5
"YOL098C",111,256,178,186,144,495,120,163,159,207,420,174
"YOL099C",0,1,1,1,0,0,0,1,1,1,2,0
"YOL100W",44,101,71,64,43,125,44,46,56,62,129,59
"YOL101C",28,106,44,34,38,84,55,111,91,89,162,51
"YOL102C",22,82,37,33,35,46,41,30,29,37,78,36
"YOL103W",70,206,146,177,98,95,112,111,101,136,323,144
"YOL103W-A",0,0,0,0,0,0,0,0,0,0,0,0
"YOL103W-B",0,2,1,0,0,0,0,0,1,1,4,2
"YOL104C",2,3,2,1,4,0,1,6,2,10,22,13
"YOL105C",57,260,139,142,118,464,171,87,94,106,198,135
"YOL106W",5,13,5,2,6,3,6,4,5,2,4,6
"YOL107W",17,56,42,33,33,51,34,28,19,28,47,25
"YOL108C",24,84,72,61,56,236,52,30,30,46,74,30
"YOL109W",429,171,153,182,156,26,65,631,665,674,1271,644
"YOL110W",56,246,250,234,204,164,181,34,49,55,93,73
"YOL111C",77,180,167,150,124,271,120,85,99,96,192,106
"YOL112W",46,121,120,106,92,171,107,54,52,68,126,72
"YOL113W",79,234,210,174,141,212,157,92,119,134,247,164
"YOL114C",5,43,29,30,26,84,25,10,8,16,22,14
"YOL115W",44,93,63,78,69,177,57,63,56,99,160,68
"YOL116W",42,93,98,95,78,99,80,60,56,58,106,72
"YOL117W",23,56,40,37,22,65,21,22,25,22,60,31
"YOL118C",6,15,8,3,7,16,4,7,7,3,12,12
"YOL119C",50,121,100,86,94,276,72,45,62,51,95,74
"YOL120C",1441,2731,2280,2023,2142,500,2330,2019,1949,2680,3860,2541
"YOL121C",845,1059,957,832,830,196,936,820,715,1125,1780,1206
"YOL122C",82,206,157,116,108,120,126,110,83,113,228,139
"YOL123W",266,380,323,339,313,527,292,353,400,580,1174,479
"YOL124C",19,28,30,27,20,44,31,48,35,92,134,73
"YOL125W",34,71,44,52,43,88,47,58,30,75,124,59
"YOL126C",297,660,490,357,373,938,587,213,276,261,412,405
"YOL127W",1285,2548,2028,1859,1837,655,1910,1897,1783,2526,3414,2586
"YOL128C",1,12,12,5,9,4,13,9,8,11,15,8
"YOL129W",171,447,355,324,316,198,260,168,222,173,352,262
"YOL130W",161,181,136,121,108,212,125,177,184,235,492,300
"YOL131W",2,3,2,3,2,7,0,1,2,2,3,1
"YOL132W",9,7,2,8,10,4,4,3,5,4,12,2
"YOL133W",19,59,45,42,47,64,40,25,22,21,55,33
"YOL134C",1,0,0,0,0,0,0,2,0,1,0,0
"YOL135C",15,68,52,32,43,162,48,30,32,47,56,32
"YOL136C",78,104,54,54,29,190,50,176,167,157,388,154
"YOL137W",23,73,38,39,50,93,49,52,27,41,80,38
"YOL138C",49,127,119,93,80,170,96,56,53,78,161,106
"YOL139C",361,633,579,483,466,1068,528,465,417,601,1089,667
"YOL140W",13,49,22,27,26,9,22,21,24,23,62,24
"YOL141W",2,6,2,4,2,1,2,3,4,9,6,7
"YOL142W",37,129,86,75,60,91,91,55,64,95,131,70
"YOL143C",430,425,355,285,302,481,276,361,360,439,773,609
"YOL144W",21,50,37,41,37,161,31,47,47,68,152,49
"YOL145C",74,244,203,199,153,436,134,178,156,196,472,169
"YOL146W",10,44,29,31,37,21,34,16,13,25,40,24
"YOL147C",36,89,69,59,67,40,70,43,47,62,90,77
"YOL148C",45,123,91,85,86,145,79,53,54,72,139,69
"YOL149W",38,115,67,52,59,77,64,46,72,71,153,64
"YOL150C",0,0,0,2,0,0,0,0,0,0,0,0
"YOL151W",30,77,51,53,40,58,46,49,41,36,100,48
"YOL152W",18,23,9,9,13,18,7,21,28,21,44,32
"YOL154W",13,72,48,45,52,33,63,20,29,29,44,35
"YOL155C",394,123,125,103,74,350,90,243,293,267,699,708
"YOL155W-A",0,0,0,0,0,0,0,0,0,0,0,0
"YOL156W",6,20,11,16,10,19,23,7,5,4,15,12
"YOL157C",7,22,18,12,12,17,15,3,14,9,12,9
"YOL158C",334,178,173,146,119,93,119,266,272,291,567,475
"YOL159C",24,49,39,29,39,21,41,27,28,28,46,34
"YOL159C-A",11,8,9,9,7,9,8,10,8,11,21,8
"YOL160W",1,3,1,3,1,0,0,1,0,3,4,2
"YOL161C",0,0,0,0,0,0,0,0,1,0,0,0
"YOL162W",1,23,19,12,18,1,11,2,6,1,9,2
"YOL163W",4,27,21,17,16,18,11,5,4,4,10,7
"YOL164W",54,121,106,102,79,79,95,58,60,66,115,68
"YOL164W-A",3,14,16,10,10,3,8,1,1,1,9,4
"YOL165C",0,6,6,1,0,8,2,0,2,0,1,1
"YOL166C",0,0,0,1,0,1,0,0,0,0,0,0
"YOL166W-A",0,0,0,0,0,0,0,0,0,0,0,0
"YOR001W",36,83,57,62,51,120,41,117,68,112,189,85
"YOR002W",100,272,239,190,173,288,160,140,136,130,342,159
"YOR003W",22,116,84,56,62,111,75,34,37,35,68,42
"YOR004W",23,37,39,18,19,35,16,55,30,105,186,62
"YOR005C",36,89,64,65,61,104,49,45,56,43,107,59
"YOR006C",39,97,81,65,64,98,46,56,55,84,139,62
"YOR007C",472,775,672,758,592,925,470,468,488,591,1137,635
"YOR008C",203,442,330,221,240,491,295,202,184,231,466,330
"YOR008C-A",1,2,2,0,0,4,0,3,2,0,2,4
"YOR008W-B",0,0,2,4,1,2,3,1,0,6,5,4
"YOR009W",42,74,50,28,37,178,45,46,48,66,132,90
"YOR010C",23,56,42,19,20,90,39,27,25,29,61,29
"YOR011W",27,109,69,70,61,47,89,45,56,66,133,53
"YOR011W-A",0,1,0,0,0,0,0,0,0,0,0,0
"YOR012W",6,13,7,1,7,8,3,6,8,7,15,7
"YOR013W",4,3,5,2,10,7,5,10,3,7,24,10
"YOR014W",212,361,327,277,211,439,236,231,235,260,533,295
"YOR015W",34,115,84,78,75,82,63,62,42,62,152,39
"YOR016C",40,94,65,75,61,80,78,51,58,60,113,65
"YOR017W",20,95,50,64,40,199,45,47,47,36,86,42
"YOR018W",83,240,183,163,133,373,134,89,102,116,212,155
"YOR019W",29,131,88,92,66,104,57,37,62,34,92,52
"YOR020C",202,304,268,236,226,102,240,223,286,275,428,345
"YOR020W-A",51,127,97,82,95,25,63,48,50,58,72,71
"YOR021C",71,195,178,160,127,155,151,135,120,187,386,171
"YOR022C",22,59,46,39,37,71,29,32,40,29,77,21
"YOR023C",89,238,147,118,120,846,150,109,111,127,236,99
"YOR024W",0,2,3,0,1,2,1,0,0,1,1,0
"YOR025W",60,90,81,58,51,138,63,47,78,49,97,70
"YOR026W",18,62,42,49,44,99,38,34,33,39,73,35
"YOR027W",328,573,556,590,438,510,389,367,346,438,915,494
"YOR028C",40,84,47,29,23,143,43,59,52,64,83,76
"YOR029W",0,5,3,3,4,3,3,4,2,1,4,0
"YOR030W",36,71,59,49,37,169,37,34,35,42,114,44
"YOR032C",21,26,30,19,14,15,19,24,20,26,48,33
"YOR032W-A",1,4,2,1,2,3,1,0,0,0,4,1
"YOR033C",51,122,99,99,93,95,85,71,64,92,155,64
"YOR034C",29,83,76,60,55,107,62,49,35,59,124,46
"YOR034C-A",3,13,14,12,9,6,2,6,8,8,16,3
"YOR035C",72,143,146,136,111,155,89,68,86,99,227,154
"YOR036W",93,204,152,144,136,376,109,106,96,84,211,119
"YOR037W",23,62,38,46,39,115,26,32,36,40,73,28
"YOR038C",31,84,71,80,41,116,57,41,61,59,126,48
"YOR039W",66,154,132,111,90,77,75,73,97,101,192,111
"YOR040W",24,58,44,40,36,59,33,40,27,26,67,38
"YOR041C",0,0,0,0,1,0,0,0,1,0,0,0
"YOR042W",202,358,341,332,242,649,266,160,184,165,387,310
"YOR043W",111,336,224,233,224,249,195,168,195,251,461,202
"YOR044W",17,57,36,31,49,83,21,21,22,22,45,20
"YOR045W",97,228,132,113,161,138,177,148,134,181,251,183
"YOR046C",135,251,193,184,176,275,161,173,151,234,462,206
"YOR047C",32,161,109,109,88,567,90,92,89,109,282,81
"YOR048C",105,242,177,194,113,372,154,155,123,190,427,167
"YOR049C",36,53,52,38,35,47,34,57,52,54,113,101
"YOR050C",23,47,42,51,38,37,41,16,14,27,39,27
"YOR051C",107,234,192,169,133,317,135,177,174,216,516,195
"YOR052C",98,197,156,128,111,214,142,149,150,158,315,191
"YOR053W",0,1,0,1,0,0,0,0,0,0,1,0
"YOR054C",58,163,121,84,79,269,131,58,71,71,148,104
"YOR055W",0,1,0,1,0,1,0,3,1,0,0,0
"YOR056C",46,97,81,53,43,137,64,113,83,140,292,114
"YOR057W",35,84,49,53,48,42,30,38,44,36,109,43
"YOR058C",22,66,46,48,52,220,37,28,54,62,96,29
"YOR059C",62,145,146,116,115,191,101,84,81,107,171,93
"YOR060C",24,48,44,39,25,103,23,28,34,36,55,39
"YOR061W",131,411,270,244,223,368,234,197,188,234,499,262
"YOR062C",41,162,112,99,92,184,116,105,77,123,165,86
"YOR063W",4496,6731,6619,6164,4771,1123,5432,5165,4762,7284,13165,8144
"YOR064C",11,45,44,39,28,80,37,31,22,13,43,25
"YOR065W",88,106,99,86,68,124,82,65,96,93,166,135
"YOR066W",33,84,60,58,68,379,57,36,28,36,102,36
"YOR067C",58,170,126,118,118,119,100,85,109,116,233,105
"YOR068C",0,0,0,0,0,0,0,0,0,0,0,0
"YOR069W",35,133,98,105,75,117,69,71,75,69,198,80
"YOR070C",56,154,114,106,110,300,97,76,62,80,156,80
"YOR071C",31,99,83,61,62,130,65,56,47,38,123,68
"YOR072W",0,2,1,4,2,4,3,1,1,4,2,5
"YOR072W-A",1,6,1,0,2,0,6,1,1,1,4,5
"YOR072W-B",0,0,0,0,0,0,0,0,0,0,0,0
"YOR073W",16,35,33,37,36,89,31,34,26,27,82,36
"YOR073W-A",0,0,0,0,0,1,1,0,0,0,0,0
"YOR074C",27,68,92,75,55,94,55,30,37,31,80,45
"YOR075W",12,56,46,36,37,58,47,34,31,45,60,30
"YOR076C",25,67,61,31,45,99,34,33,32,51,94,39
"YOR077W",17,42,34,35,29,61,43,15,16,31,32,22
"YOR078W",29,91,62,66,57,99,59,52,47,85,139,52
"YOR079C",70,165,111,92,93,57,122,72,100,106,171,127
"YOR080W",23,68,41,46,51,97,37,47,56,42,116,49
"YOR081C",49,104,92,70,61,239,63,74,60,81,150,64
"YOR082C",1,0,1,0,0,10,4,1,1,0,2,2
"YOR083W",35,44,47,26,17,21,41,18,21,26,50,52
"YOR084W",54,128,114,73,93,65,84,53,49,78,100,91
"YOR085W",114,239,217,173,176,169,161,127,142,182,284,161
"YOR086C",262,618,574,484,394,840,370,217,284,281,648,458
"YOR087W",81,182,140,164,110,96,117,71,72,90,176,78
"YOR089C",139,327,259,252,192,1005,193,181,192,222,404,227
"YOR090C",73,165,138,118,109,198,103,92,106,106,205,110
"YOR091W",56,65,59,58,50,180,65,100,72,139,231,107
"YOR092W",53,74,58,51,34,47,53,86,68,101,200,106
"YOR093C",32,91,61,59,44,46,60,42,48,87,135,67
"YOR094W",14,40,21,37,27,23,16,23,25,25,46,21
"YOR095C",62,103,85,55,53,62,69,119,103,169,330,161
"YOR096W",709,1354,1118,1136,929,81,890,1062,997,1320,2440,1256
"YOR097C",28,87,77,59,65,263,54,31,44,43,74,49
"YOR098C",114,147,157,111,95,244,119,126,77,159,325,143
"YOR099W",210,579,467,407,381,296,389,248,291,322,690,418
"YOR100C",3,51,25,17,19,35,34,8,3,3,5,5
"YOR101W",50,120,87,68,73,127,78,108,104,163,291,153
"YOR102W",2,7,1,3,3,12,1,2,6,5,7,3
"YOR103C",6,17,9,8,16,9,11,11,12,11,22,9
"YOR104W",16,61,55,47,25,123,40,33,28,25,59,42
"YOR105W",0,7,1,3,2,0,2,2,1,3,1,0
"YOR106W",38,113,86,65,49,221,75,37,51,73,124,81
"YOR107W",8,21,12,15,4,33,9,30,15,35,60,27
"YOR108C-A",0,0,0,0,0,0,0,0,0,0,0,0
"YOR108W",75,90,67,72,56,70,77,160,115,199,321,158
"YOR109W",114,179,167,159,121,397,118,101,128,139,364,195
"YOR110W",50,154,96,97,89,262,76,78,73,78,159,79
"YOR111W",10,71,39,34,35,65,28,23,22,25,44,17
"YOR112W",31,120,76,82,73,257,70,54,42,52,167,70
"YOR113W",43,116,93,81,79,453,75,47,44,72,120,67
"YOR114W",3,50,33,30,27,48,19,6,12,13,25,4
"YOR115C",34,94,73,70,51,114,70,60,46,59,132,59
"YOR116C",98,185,129,142,125,124,135,179,143,211,419,192
"YOR117W",259,560,438,438,383,174,363,278,294,327,646,389
"YOR118W",52,116,88,84,61,285,64,77,75,87,218,73
"YOR119C",22,55,35,38,27,115,34,50,41,82,155,50
"YOR120W",71,81,44,40,42,18,40,41,50,51,66,72
"YOR121C",3,11,2,1,5,18,4,4,6,7,15,2
"YOR122C",430,874,774,629,684,547,808,406,434,596,815,693
"YOR123C",146,362,300,261,214,826,208,167,180,217,526,239
"YOR124C",139,288,280,257,225,275,184,114,157,155,352,212
"YOR125C",53,108,97,81,75,73,82,60,60,80,118,108
"YOR126C",15,81,58,55,53,16,46,20,28,27,53,36
"YOR127W",75,325,206,214,176,288,167,100,138,131,341,132
"YOR128C",439,189,210,244,227,70,107,176,257,270,490,272
"YOR129C",14,37,36,25,34,69,29,23,23,37,64,24
"YOR130C",40,116,88,94,63,43,83,32,45,46,78,65
"YOR131C",55,133,97,84,86,244,83,62,88,75,130,93
"YOR132W",160,305,261,202,232,266,208,135,157,166,282,222
"YOR133W",172,316,301,297,245,45,261,235,231,286,519,295
"YOR134W",16,66,53,39,50,42,32,16,33,25,52,40
"YOR135C",0,5,4,0,3,13,3,5,5,7,12,2
"YOR136W",333,571,558,514,475,660,375,363,425,398,808,539
"YOR137C",40,117,87,93,65,93,71,52,66,71,147,61
"YOR138C",129,237,196,138,135,226,176,117,117,143,264,223
"YOR139C",0,0,0,0,0,1,0,0,0,1,1,1
"YOR140W",31,77,73,48,54,386,61,38,38,76,165,43
"YOR141C",56,171,157,129,91,181,109,76,88,87,201,105
"YOR142W",201,570,377,336,273,691,308,215,274,189,455,284
"YOR142W-A",0,0,0,0,0,0,0,0,0,0,0,0
"YOR142W-B",0,0,0,0,0,0,0,0,0,0,0,0
"YOR143C",13,41,23,24,31,12,16,34,19,40,63,23
"YOR144C",10,52,24,35,29,47,19,15,15,23,38,21
"YOR145C",27,72,35,36,29,18,53,57,37,82,160,56
"YOR146W",0,0,0,0,0,0,0,0,0,0,0,0
"YOR147W",30,113,53,54,56,69,52,48,49,57,105,67
"YOR148C",19,61,51,35,38,33,35,29,45,31,78,48
"YOR149C",22,56,43,34,41,86,38,36,46,39,76,39
"YOR150W",31,96,64,64,59,14,67,48,50,64,100,88
"YOR151C",345,648,590,568,404,381,542,406,370,506,1013,639
"YOR152C",5,22,19,14,11,3,7,12,8,13,42,13
"YOR153W",1100,443,328,279,265,130,285,1631,1379,1995,3978,1908
"YOR154W",11,81,40,48,33,157,32,30,26,54,84,35
"YOR155C",95,239,194,174,171,83,168,94,132,129,241,187
"YOR156C",23,39,34,42,26,146,27,27,34,34,72,37
"YOR157C",203,432,398,330,301,187,340,177,235,215,428,289
"YOR158W",48,114,84,71,63,229,52,62,84,75,172,74
"YOR159C",50,67,67,56,61,212,57,44,46,73,117,77
"YOR160W",42,87,88,68,56,129,60,65,68,68,139,63
"YOR161C",69,157,113,89,89,74,114,131,159,140,274,225
"YOR161C-C",1,3,2,1,6,9,7,2,0,3,2,5
"YOR161W-A",0,0,0,0,0,0,0,0,0,0,0,0
"YOR161W-B",0,0,0,0,0,0,0,0,0,0,0,0
"YOR162C",37,105,97,53,69,145,69,43,66,49,90,45
"YOR163W",94,141,119,107,123,336,82,67,84,98,185,120
"YOR164C",52,153,106,103,110,192,69,84,80,95,179,62
"YOR165W",100,244,188,189,155,131,155,128,136,185,337,145
"YOR166C",16,59,53,35,43,61,36,22,29,52,87,35
"YOR167C",591,1147,903,882,845,194,766,765,746,1049,1587,962
"YOR168W",129,240,189,192,135,140,125,207,154,255,625,254
"YOR169C",0,6,3,4,2,0,0,5,7,8,5,0
"YOR170W",3,12,5,6,2,7,2,5,2,7,5,1
"YOR171C",54,135,95,83,72,122,71,78,54,89,168,83
"YOR172W",55,141,90,94,70,75,66,68,66,91,162,63
"YOR173W",56,93,86,66,55,140,56,42,70,41,65,83
"YOR174W",40,96,77,76,65,44,65,42,48,51,95,74
"YOR175C",140,257,212,200,165,274,181,184,189,221,443,234
"YOR176W",96,234,198,158,149,179,178,122,159,126,261,144
"YOR177C",2,12,10,13,4,18,4,6,0,8,17,9
"YOR178C",79,86,51,59,51,114,48,119,160,115,258,184
"YOR179C",31,53,37,46,28,44,30,21,43,39,60,45
"YOR180C",13,53,18,23,23,101,23,13,16,30,50,19
"YOR181W",242,353,319,267,232,784,233,162,190,205,521,336
"YOR182C",239,481,425,374,413,87,322,464,411,548,747,453
"YOR183W",0,2,1,1,1,9,1,0,1,0,0,1
"YOR184W",230,309,333,300,259,296,201,198,188,235,422,256
"YOR185C",66,128,82,90,81,32,70,42,90,50,95,89
"YOR186C-A",0,0,0,0,0,0,0,0,0,0,0,0
"YOR186W",1,4,3,3,2,5,1,0,0,2,4,4
"YOR187W",300,501,423,380,337,215,364,254,354,352,672,464
"YOR188W",35,82,77,52,52,160,54,47,35,75,125,65
"YOR189W",39,92,66,74,52,125,51,46,50,71,81,64
"YOR190W",6,24,17,26,10,41,11,18,19,23,21,13
"YOR191W",76,156,157,154,100,148,81,92,86,121,280,133
"YOR192C",4,14,7,8,10,14,3,2,8,14,20,9
"YOR192C-A",0,0,0,0,0,0,0,0,0,0,0,0
"YOR192C-B",2,0,2,3,2,2,0,5,1,6,1,4
"YOR192C-C",1,1,1,0,0,2,0,1,1,1,3,1
"YOR193W",18,47,40,46,34,22,31,27,32,33,57,22
"YOR194C",95,253,177,193,151,1002,142,106,111,145,288,139
"YOR195W",18,82,46,54,37,68,37,41,53,61,147,48
"YOR196C",59,139,124,120,94,124,104,76,74,97,181,94
"YOR197W",321,349,336,301,303,397,298,188,242,255,565,448
"YOR198C",216,507,427,431,361,283,348,282,290,358,684,365
"YOR199W",1,5,6,1,2,29,3,1,7,5,9,2
"YOR200W",0,0,0,0,0,0,0,0,0,0,0,0
"YOR201C",41,91,64,64,78,80,64,46,55,79,99,67
"YOR202W",161,184,170,127,174,251,159,74,99,93,183,159
"YOR203W",2,4,5,7,3,4,7,1,6,6,6,4
"YOR204W",145,122,111,126,98,35,122,181,132,205,431,235
"YOR205C",19,53,32,26,34,95,28,33,32,47,91,28
"YOR206W",26,85,54,64,40,79,36,94,67,148,340,89
"YOR207C",131,236,191,204,135,132,180,161,160,230,509,261
"YOR208W",75,248,159,174,107,452,112,106,106,127,233,126
"YOR209C",242,415,339,365,311,359,223,310,257,334,718,316
"YOR210W",46,112,63,91,61,61,87,89,80,115,194,79
"YOR211C",39,144,81,98,70,61,53,62,79,81,209,86
"YOR212W",144,212,168,147,157,202,148,190,176,261,490,272
"YOR213C",24,44,44,54,28,64,37,32,38,42,99,53
"YOR214C",0,2,1,0,5,3,0,2,1,1,0,1
"YOR215C",73,250,157,180,145,855,125,87,91,96,197,102
"YOR216C",61,124,114,115,96,225,88,63,73,94,200,94
"YOR217W",51,110,93,72,70,216,57,85,73,85,187,115
"YOR218C",0,1,3,1,1,1,3,0,0,1,0,1
"YOR219C",91,195,167,165,128,277,123,108,118,96,267,130
"YOR220W",95,276,242,191,204,281,174,124,138,150,294,179
"YOR221C",64,104,82,50,64,172,72,57,81,79,144,82
"YOR222W",118,416,360,306,275,442,306,111,123,154,272,179
"YOR223W",67,132,105,101,93,244,86,36,62,55,112,102
"YOR224C",85,183,152,146,148,518,150,138,122,230,368,175
"YOR225W",3,10,6,8,2,0,6,6,5,3,12,3
"YOR226C",53,119,111,95,96,54,90,40,41,62,83,50
"YOR227W",121,424,365,320,278,597,249,122,134,119,298,142
"YOR228C",26,78,63,61,53,49,40,25,29,22,65,32
"YOR229W",27,78,86,85,45,74,61,32,34,48,87,64
"YOR230W",550,560,558,552,431,373,384,458,583,501,983,767
"YOR231C-A",0,0,0,0,0,0,0,0,0,0,0,0
"YOR231W",48,119,85,90,77,148,72,71,59,69,166,80
"YOR232W",123,214,164,142,146,196,120,152,186,185,395,168
"YOR233W",31,95,58,45,54,128,66,61,46,60,132,54
"YOR234C",238,489,440,351,415,118,409,440,332,537,711,470
"YOR235W",0,0,0,0,1,0,0,2,0,0,0,0
"YOR236W",27,62,48,59,43,156,37,30,24,62,87,41
"YOR237W",12,42,30,24,27,146,21,14,18,25,34,15
"YOR238W",22,69,46,41,44,92,37,41,29,33,65,40
"YOR239W",150,431,307,313,212,801,247,191,223,294,588,293
"YOR241W",68,179,113,129,120,85,129,87,102,96,237,128
"YOR242C",1,8,2,5,5,9,3,5,2,4,11,0
"YOR243C",116,198,150,154,122,193,127,182,132,275,540,208
"YOR244W",23,97,69,56,59,100,46,47,44,56,106,39
"YOR245C",39,134,94,80,86,166,65,52,57,67,155,57
"YOR246C",150,324,286,257,197,198,265,158,182,253,399,270
"YOR247W",291,392,383,303,273,2418,358,249,289,349,791,474
"YOR248W",1,8,4,8,7,0,2,5,6,3,19,4
"YOR249C",26,72,54,49,40,78,33,32,26,54,102,35
"YOR250C",56,81,86,66,59,83,60,37,39,56,103,75
"YOR251C",79,174,145,125,124,84,116,88,105,119,207,130
"YOR252W",26,47,43,43,25,116,23,44,41,76,149,44
"YOR253W",53,76,92,63,75,97,73,63,56,61,143,85
"YOR254C",170,365,319,335,277,275,255,197,213,239,541,273
"YOR255W",0,0,1,0,0,2,0,1,0,1,0,0
"YOR256C",75,199,152,161,136,418,108,75,81,118,175,115
"YOR257W",30,94,88,79,46,364,49,45,66,70,101,39
"YOR258W",6,25,13,8,16,16,11,13,10,15,36,7
"YOR259C",198,454,341,389,347,456,284,243,289,273,682,331
"YOR260W",128,208,165,143,142,290,99,161,142,216,423,175
"YOR261C",142,452,351,336,279,119,274,196,237,268,471,244
"YOR262W",34,115,93,83,83,111,103,45,59,73,133,77
"YOR263C",0,2,0,1,0,5,0,1,0,0,1,0
"YOR264W",50,113,73,67,69,121,83,55,75,98,145,95
"YOR265W",32,76,41,50,38,117,58,39,38,43,79,39
"YOR266W",17,35,29,27,37,32,35,23,27,39,57,25
"YOR267C",194,406,358,322,287,974,287,233,211,306,639,311
"YOR268C",1,3,0,3,0,7,3,1,3,4,2,2
"YOR269W",21,51,38,38,31,107,42,42,23,39,72,26
"YOR270C",464,1001,907,845,670,412,723,519,492,629,1259,789
"YOR271C",226,437,393,337,358,212,372,262,211,385,653,386
"YOR272W",49,80,63,61,45,69,57,91,43,119,262,115
"YOR273C",278,187,114,130,114,125,125,424,401,564,1067,516
"YOR274W",33,72,48,55,63,78,42,53,43,53,129,54
"YOR275C",66,136,84,127,79,194,79,77,59,94,172,82
"YOR276W",47,84,71,62,52,37,82,63,67,74,116,72
"YOR277C",0,1,0,1,1,0,2,0,0,1,1,0
"YOR278W",14,66,46,39,26,75,27,31,19,36,67,21
"YOR279C",23,38,47,37,36,69,19,17,24,29,63,32
"YOR280C",32,45,59,40,47,145,37,25,31,33,64,44
"YOR281C",38,158,118,141,119,154,97,73,93,101,239,98
"YOR282W",1,0,1,0,0,0,1,0,0,1,0,0
"YOR283W",48,104,80,76,65,78,87,80,66,100,198,71
"YOR284W",14,29,16,25,19,61,21,20,18,22,22,26
"YOR285W",207,451,405,323,372,325,337,168,229,206,356,292
"YOR286W",53,103,83,69,86,63,89,75,97,82,146,77
"YOR287C",5,10,5,6,7,6,5,19,16,24,58,8
"YOR288C",16,63,53,44,56,94,29,21,22,34,61,29
"YOR289W",30,113,81,75,79,316,58,32,41,30,54,45
"YOR290C",130,1,4,3,0,0,5,180,172,220,496,236
"YOR291W",72,176,163,161,125,160,106,96,106,106,269,128
"YOR292C",34,114,70,69,67,53,63,57,80,81,108,76
"YOR293C-A",1,1,0,0,1,1,0,2,1,2,2,1
"YOR293W",938,1420,1214,941,1107,821,1372,1165,1028,1595,2299,1753
"YOR294W",48,72,64,55,55,97,67,106,60,171,270,115
"YOR295W",8,25,30,15,17,57,21,18,11,19,41,13
"YOR296W",25,47,40,38,33,46,18,35,31,37,78,27
"YOR297C",13,38,25,23,23,54,19,25,27,30,51,22
"YOR298C-A",460,540,542,509,342,639,352,408,450,449,981,644
"YOR298W",8,20,17,12,7,18,12,17,17,43,60,14
"YOR299W",87,183,181,155,109,139,138,120,105,156,304,173
"YOR300W",0,2,2,1,0,4,3,0,1,1,6,2
"YOR301W",48,76,97,63,61,104,69,39,36,50,115,70
"YOR302W",3,8,4,3,3,19,0,10,5,8,8,4
"YOR303W",197,282,230,183,187,273,173,192,187,199,390,258
"YOR304C-A",17,28,18,17,23,11,17,14,14,20,39,15
"YOR304W",53,150,142,119,94,239,85,106,74,139,262,113
"YOR305W",20,63,56,43,52,66,39,37,43,52,90,42
"YOR306C",125,125,81,82,71,119,62,136,172,186,328,195
"YOR307C",18,55,42,43,46,53,40,46,52,64,120,52
"YOR308C",8,24,19,17,16,58,18,25,20,23,41,22
"YOR309C",4,23,9,9,9,65,8,26,17,31,54,2
"YOR310C",204,316,265,256,172,117,209,337,251,446,903,385
"YOR311C",74,180,118,118,119,178,117,104,90,97,215,93
"YOR312C",653,1432,1237,969,960,749,1003,998,952,1344,2123,1257
"YOR313C",0,2,2,3,2,4,1,4,0,1,7,1
"YOR314W",0,0,0,0,0,0,0,0,1,0,0,0
"YOR314W-A",0,0,3,1,0,1,1,0,0,0,0,0
"YOR315W",16,26,11,13,10,37,19,34,16,38,93,25
"YOR316C",100,266,209,178,196,523,184,127,128,145,212,196
"YOR316C-A",0,2,0,1,0,2,0,0,1,1,2,0
"YOR317W",232,446,304,326,243,276,305,226,274,233,512,345
"YOR318C",2,20,16,13,9,8,20,7,1,6,11,7
"YOR319W",20,35,27,25,19,30,16,25,21,28,59,26
"YOR320C",51,135,133,129,119,134,85,65,78,82,197,86
"YOR321W",100,164,162,142,135,307,130,75,84,98,205,122
"YOR322C",116,235,191,173,151,273,157,117,122,156,279,149
"YOR323C",238,379,396,337,280,173,256,213,217,269,479,324
"YOR324C",33,87,67,59,41,82,53,23,41,45,91,38
"YOR325W",1,0,0,0,0,0,0,0,0,1,0,0
"YOR326W",195,503,404,430,323,394,296,254,258,322,683,320
"YOR327C",146,427,361,331,316,181,351,163,182,214,313,257
"YOR328W",30,138,122,110,78,120,78,36,37,42,62,45
"YOR329C",159,260,231,156,165,1023,177,136,146,184,396,244
"YOR329W-A",0,5,1,0,0,0,2,1,1,2,3,1
"YOR330C",62,217,159,163,125,226,110,102,116,130,245,117
"YOR331C",0,0,0,0,0,0,0,0,0,0,0,0
"YOR332W",200,402,411,417,336,187,332,168,210,216,408,309
"YOR333C",0,0,0,0,1,0,0,0,0,0,0,0
"YOR334W",9,34,22,15,17,60,16,13,26,18,45,14
"YOR335C",313,593,452,499,357,236,415,422,367,538,1013,645
"YOR335W-A",0,0,0,0,0,0,0,0,0,0,0,0
"YOR336W",46,117,92,90,71,100,67,58,58,74,155,75
"YOR337W",7,52,39,41,34,128,37,19,15,23,62,24
"YOR338W",2,12,14,9,10,7,6,5,8,7,13,4
"YOR339C",0,5,3,4,3,5,6,2,1,11,14,8
"YOR340C",52,50,48,42,32,73,34,74,50,125,229,111
"YOR341W",178,299,276,255,193,158,262,354,233,499,967,444
"YOR342C",66,101,56,56,68,255,81,134,81,165,292,111
"YOR343C",4,9,7,4,9,10,6,1,6,2,5,7
"YOR343W-A",0,0,0,0,0,0,0,0,0,0,0,0
"YOR343W-B",1,6,2,4,2,18,1,3,7,9,17,9
"YOR344C",36,70,49,32,44,76,31,111,97,147,299,72
"YOR345C",0,0,0,0,0,1,0,1,0,0,0,0
"YOR346W",48,104,84,101,80,110,51,76,57,94,203,57
"YOR347C",154,243,234,224,173,116,162,126,165,113,195,260
"YOR348C",9,98,95,62,59,49,92,12,13,14,26,21
"YOR349W",26,73,58,50,55,88,49,39,33,48,83,35
"YOR350C",13,39,31,31,31,33,14,32,35,35,55,33
"YOR351C",3,7,7,12,3,12,5,11,3,6,12,6
"YOR352W",27,82,54,58,51,95,50,27,41,40,67,49
"YOR353C",63,162,142,124,102,166,131,92,73,90,186,121
"YOR354C",49,119,79,77,85,106,75,76,70,88,184,75
"YOR355W",51,172,107,106,100,136,85,112,97,123,235,85
"YOR356W",74,305,216,187,158,350,238,118,123,143,277,169
"YOR357C",19,73,51,45,53,79,43,29,38,32,68,27
"YOR358W",77,115,106,99,94,119,93,39,59,69,85,94
"YOR359W",17,23,14,22,15,169,22,45,23,66,103,19
"YOR360C",35,83,63,53,51,34,64,57,48,56,112,52
"YOR361C",245,453,336,363,227,520,238,373,309,481,928,389
"YOR362C",411,782,704,588,550,1148,628,330,423,482,782,628
"YOR363C",44,100,66,64,43,191,51,53,49,67,126,68
"YOR364W",0,0,0,0,0,0,0,1,1,0,0,0
"YOR365C",11,20,16,14,12,23,15,13,17,16,30,4
"YOR366W",0,0,0,0,0,0,0,0,0,0,0,0
"YOR367W",26,94,58,48,58,107,33,28,35,38,65,34
"YOR368W",17,58,42,46,26,66,32,32,18,35,67,36
"YOR369C",2814,4347,3893,3933,3472,167,3425,3515,3181,5034,7382,5489
"YOR370C",182,347,283,253,212,467,261,234,252,300,595,306
"YOR371C",34,41,23,23,14,79,19,22,22,36,67,53
"YOR372C",32,87,51,53,49,225,47,44,43,51,107,42
"YOR373W",28,94,80,59,51,197,60,43,47,35,95,49
"YOR374W",1029,3097,2011,1591,1428,1408,1882,658,1208,754,1437,1526
"YOR375C",687,1688,1536,1332,1123,673,1450,576,540,736,1404,1141
"YOR376W",0,24,16,13,12,9,10,0,2,1,1,2
"YOR376W-A",1,11,7,12,5,22,9,5,8,6,7,6
"YOR377W",62,176,132,90,98,162,100,85,78,110,187,83
"YOR378W",7,10,12,7,7,14,10,7,7,8,18,14
"YOR379C",0,0,0,0,0,0,0,0,0,0,0,0
"YOR380W",42,87,48,59,51,78,77,18,34,42,88,58
"YOR381W",26,71,61,47,43,55,40,36,41,62,100,56
"YOR381W-A",1,1,2,1,0,3,1,0,1,1,1,0
"YOR382W",787,972,1185,702,1127,3480,888,526,678,685,887,1499
"YOR383C",2008,5785,6190,5836,5322,8558,4389,1458,1584,1717,3384,3158
"YOR384W",64,140,95,86,80,239,93,86,62,80,163,115
"YOR385W",16,34,26,18,11,35,17,35,15,25,78,21
"YOR386W",34,88,48,53,30,103,30,31,48,38,94,65
"YOR387C",8,5,13,9,7,5,3,7,13,3,12,8
"YOR388C",1,0,0,1,2,0,0,1,1,0,0,0
"YOR389W",9,31,25,23,14,25,19,11,5,11,32,12
"YOR390W",0,7,6,8,5,6,9,7,3,9,10,4
"YOR391C",0,1,0,1,0,0,1,0,1,0,0,0
"YOR392W",0,0,0,1,0,0,0,0,0,0,0,0
"YOR393W",0,0,0,0,0,0,0,0,0,0,0,0
"YOR394C-A",0,0,0,1,1,4,0,0,2,1,0,0
"YOR394W",0,0,0,0,0,0,0,0,0,0,0,0
"YOR396C-A",0,0,0,0,0,0,0,0,0,0,0,0
"YOR396W",0,0,0,0,0,0,0,0,0,0,0,1
"YPL001W",7,55,36,36,30,19,27,24,27,23,46,14
"YPL002C",22,67,39,42,42,79,34,29,35,39,87,34
"YPL003W",54,180,129,108,90,120,113,55,73,74,167,90
"YPL004C",959,2023,1397,1459,1266,1899,1169,1066,1383,1146,2163,1496
"YPL005W",14,43,33,28,27,42,27,16,25,25,49,19
"YPL006W",68,161,149,138,141,94,135,72,95,85,178,116
"YPL007C",23,69,66,45,36,47,49,40,36,37,86,38
"YPL008W",27,73,55,56,63,123,56,43,45,61,128,51
"YPL009C",109,312,287,258,205,344,163,147,132,191,452,197
"YPL010W",86,190,181,140,145,91,121,101,131,142,225,136
"YPL011C",23,80,83,56,61,168,61,45,36,49,115,64
"YPL012W",46,89,30,48,57,94,65,153,76,238,412,113
"YPL013C",44,125,88,65,87,366,80,47,56,91,122,65
"YPL014W",29,125,79,74,90,703,72,71,53,83,165,59
"YPL015C",70,295,243,222,208,613,169,101,125,106,259,146
"YPL016W",15,124,70,68,53,183,40,48,38,78,129,40
"YPL017C",31,46,38,24,33,119,37,31,47,58,91,66
"YPL018W",9,18,14,11,5,25,10,22,17,21,29,31
"YPL019C",302,154,85,85,92,106,77,410,469,535,1123,445
"YPL020C",48,182,128,124,94,137,90,61,72,75,167,84
"YPL021W",0,0,0,1,0,4,1,0,2,0,0,0
"YPL022W",94,196,161,163,117,226,94,85,97,129,260,137
"YPL023C",143,230,210,214,166,161,148,117,119,133,295,184
"YPL024W",28,91,61,44,43,98,49,28,14,28,55,36
"YPL025C",2,54,42,41,37,37,31,2,4,2,2,4
"YPL026C",73,135,93,66,66,138,97,96,66,106,208,95
"YPL027W",2,11,3,6,4,25,6,1,0,4,5,1
"YPL028W",573,1229,989,883,814,360,881,551,579,684,1234,947
"YPL029W",29,62,41,33,29,59,42,39,22,60,92,39
"YPL030W",27,59,43,37,35,64,48,48,36,73,128,38
"YPL031C",107,205,209,171,157,310,156,88,96,88,184,167
"YPL032C",117,254,187,165,167,1373,165,156,160,224,425,207
"YPL033C",0,1,0,1,0,0,1,0,0,1,1,0
"YPL034W",7,17,15,18,18,4,11,12,14,15,28,14
"YPL035C",2,9,3,7,6,3,7,9,4,11,7,5
"YPL036W",5,18,21,16,19,26,15,22,7,10,49,20
"YPL037C",792,1313,1073,901,909,727,1051,705,719,1106,1664,1393
"YPL038W",15,43,27,21,35,45,23,31,24,31,67,46
"YPL038W-A",0,2,0,1,1,1,2,0,0,2,4,0
"YPL039W",37,64,52,33,32,122,62,36,19,38,78,54
"YPL040C",32,70,40,40,40,61,40,49,54,75,92,60
"YPL041C",9,24,27,14,18,22,11,14,18,11,38,17
"YPL042C",33,121,69,71,75,114,66,63,58,98,128,65
"YPL043W",59,119,63,79,50,170,65,152,70,168,457,140
"YPL044C",0,0,0,0,0,0,0,0,0,0,0,1
"YPL045W",46,86,90,72,61,124,55,64,64,70,120,65
"YPL046C",8,23,14,23,19,26,12,13,8,14,18,8
"YPL047W",22,25,26,33,16,41,28,23,21,31,60,32
"YPL048W",462,922,889,725,638,583,750,379,407,512,978,821
"YPL049C",253,497,341,310,323,1147,363,249,250,367,583,455
"YPL050C",108,318,275,230,216,241,210,170,140,222,419,224
"YPL051W",28,76,46,42,49,50,49,29,37,47,68,44
"YPL052W",22,60,33,33,40,17,30,31,40,44,77,13
"YPL053C",89,320,163,187,164,235,179,109,129,148,269,161
"YPL054W",64,61,53,29,43,217,30,14,41,24,42,43
"YPL055C",107,175,180,144,138,577,127,74,76,103,211,169
"YPL056C",31,33,19,20,25,135,23,35,28,32,58,54
"YPL057C",162,191,127,138,117,171,124,202,215,220,438,258
"YPL058C",51,136,86,111,71,80,86,85,64,111,232,85
"YPL059W",60,111,85,80,72,107,67,72,76,66,157,83
"YPL060C-A",0,0,0,0,0,0,0,0,0,0,0,0
"YPL060W",13,45,43,31,44,31,34,16,13,16,44,12
"YPL061W",2371,1863,1166,909,761,1282,1411,1769,2814,2220,3763,4190
"YPL062W",1,19,11,14,10,33,18,1,0,0,4,1
"YPL063W",146,393,287,302,215,738,209,180,197,244,495,238
"YPL064C",48,133,108,92,82,284,91,51,85,78,152,74
"YPL065W",12,42,37,34,28,100,36,26,27,26,56,28
"YPL066W",41,114,61,68,62,349,62,79,74,102,168,72
"YPL067C",41,69,59,67,43,44,59,42,36,42,88,58
"YPL068C",7,28,19,13,11,59,18,12,16,14,42,20
"YPL069C",14,57,28,18,18,72,20,15,27,34,62,31
"YPL070W",80,234,164,136,116,467,117,82,110,137,255,115
"YPL071C",23,80,61,58,45,253,42,36,41,37,67,46
"YPL072W",14,44,17,35,20,59,22,21,25,36,64,22
"YPL073C",1,0,0,0,0,0,0,0,0,1,0,0
"YPL074W",31,119,96,86,73,183,82,63,41,69,137,62
"YPL075W",83,154,99,86,70,183,77,128,125,158,309,162
"YPL076W",21,46,36,23,27,69,23,22,33,40,61,36
"YPL077C",14,36,32,21,18,99,18,13,14,27,34,22
"YPL078C",155,460,260,264,268,264,237,156,191,177,392,189
"YPL079W",1323,1763,1512,1363,1472,484,1877,1400,1366,2222,3026,2643
"YPL080C",5,1,1,0,3,1,1,1,3,2,9,6
"YPL081W",47,101,106,100,97,37,59,62,65,87,164,92
"YPL082C",37,72,66,67,48,93,51,91,69,93,228,81
"YPL083C",17,35,30,32,23,38,17,27,14,30,51,21
"YPL084W",90,227,157,162,150,280,114,101,116,113,276,115
"YPL085W",150,310,257,259,204,711,202,143,114,190,419,227
"YPL086C",60,83,62,72,50,32,62,84,64,138,299,119
"YPL087W",139,194,162,178,158,47,117,102,171,135,231,139
"YPL088W",120,112,85,95,72,141,87,74,111,91,177,136
"YPL089C",159,383,270,223,210,1422,208,200,169,211,491,269
"YPL090C",414,653,560,566,429,75,502,502,497,788,1227,803
"YPL091W",218,409,391,404,328,205,276,191,205,221,503,325
"YPL092W",125,100,74,56,55,56,76,46,86,74,150,119
"YPL093W",94,95,79,71,64,58,86,229,127,329,574,224
"YPL094C",126,343,266,264,231,359,231,191,203,237,459,221
"YPL095C",88,63,38,43,29,31,45,117,128,141,264,154
"YPL096C-A",22,44,32,33,39,40,28,15,21,28,42,26
"YPL096W",42,113,68,88,77,188,64,42,60,55,131,69
"YPL097W",29,66,40,38,42,48,45,22,27,37,62,33
"YPL098C",71,103,92,93,99,97,99,50,77,72,116,105
"YPL099C",14,60,44,29,32,60,34,27,39,30,66,37
"YPL100W",56,117,82,63,72,91,81,54,55,76,125,68
"YPL101W",37,82,84,68,57,135,73,57,49,78,158,69
"YPL102C",0,1,0,0,0,0,0,0,1,0,0,1
"YPL103C",35,55,51,51,41,41,40,37,39,40,81,36
"YPL104W",30,70,46,45,43,54,35,44,43,52,117,52
"YPL105C",162,388,237,240,189,876,219,221,174,256,548,231
"YPL106C",1060,1803,1646,1533,1234,1056,1264,1104,1081,1583,2832,1820
"YPL107W",21,69,46,54,54,133,53,17,28,28,63,29
"YPL108W",13,33,16,11,22,18,15,13,9,10,29,18
"YPL109C",19,54,46,55,33,41,37,35,27,31,70,41
"YPL110C",98,151,126,122,90,142,101,68,102,87,222,141
"YPL111W",160,287,257,213,228,165,171,120,166,125,239,235
"YPL112C",42,122,96,102,81,178,82,54,59,76,111,51
"YPL113C",5,37,17,25,16,41,17,15,6,13,30,15
"YPL114W",0,0,0,0,0,0,0,1,0,0,2,1
"YPL115C",50,120,93,82,80,164,77,100,87,110,205,107
"YPL116W",54,164,118,98,93,163,111,69,81,93,130,88
"YPL117C",95,202,163,149,126,126,118,158,134,203,376,149
"YPL118W",81,167,146,102,128,162,106,114,101,108,213,123
"YPL119C",24,49,51,49,42,76,34,24,38,13,67,39
"YPL119C-A",1,10,6,11,5,5,5,7,13,0,11,4
"YPL120W",16,44,36,24,28,45,27,23,16,23,51,30
"YPL121C",1,1,1,0,1,5,1,2,2,0,3,1
"YPL122C",26,57,48,45,35,47,37,37,33,52,95,33
"YPL123C",26,119,58,77,57,80,56,33,52,28,62,63
"YPL124W",9,39,26,18,13,83,15,13,12,19,27,13
"YPL125W",46,92,92,83,58,100,50,68,70,86,197,92
"YPL126W",76,103,94,72,47,61,79,153,92,212,420,148
"YPL127C",113,285,220,224,207,389,206,130,148,171,327,173
"YPL128C",25,57,50,34,32,125,33,31,33,31,86,45
"YPL129W",76,192,141,150,131,226,119,134,116,145,256,152
"YPL130W",0,6,3,4,1,6,4,8,3,10,13,3
"YPL131W",2606,3729,3438,3364,2699,2356,3058,2826,2527,3754,7019,4402
"YPL132W",20,41,38,25,27,58,33,33,47,42,87,33
"YPL133C",22,55,50,51,38,55,45,34,37,59,77,52
"YPL134C",30,213,143,137,137,177,133,29,53,46,73,68
"YPL135C-A",0,0,0,0,0,0,0,0,0,0,0,0
"YPL135W",73,189,142,97,120,95,168,95,87,97,209,132
"YPL136W",0,1,0,0,0,0,0,0,1,0,0,2
"YPL137C",94,227,161,147,164,174,153,119,121,134,280,129
"YPL138C",23,59,55,69,49,82,53,38,37,45,76,31
"YPL139C",45,128,102,86,65,147,80,80,84,70,138,69
"YPL140C",40,82,42,43,40,85,50,39,41,44,105,52
"YPL141C",38,100,66,50,62,272,53,41,42,65,103,57
"YPL142C",1,25,6,8,2,1,3,8,9,12,16,2
"YPL143W",14,51,41,29,32,45,54,39,27,73,69,30
"YPL144W",11,30,33,17,30,26,26,22,26,17,35,25
"YPL145C",142,279,187,185,137,223,132,193,172,208,453,186
"YPL146C",47,103,85,81,71,47,55,111,67,164,348,71
"YPL147W",29,92,59,44,43,101,46,19,29,25,54,33
"YPL148C",9,33,16,15,20,11,17,5,17,12,25,18
"YPL149W",41,79,89,97,96,39,65,44,49,48,104,54
"YPL150W",35,150,84,105,65,213,82,52,58,51,147,70
"YPL151C",54,110,105,79,65,152,81,62,62,81,149,83
"YPL152W",21,38,21,28,26,43,25,22,28,34,38,21
"YPL152W-A",0,0,0,0,0,0,1,0,0,0,0,0
"YPL153C",17,75,45,46,46,98,39,27,15,17,50,25
"YPL154C",1000,1900,1866,1546,1402,2120,1389,686,966,863,1757,1480
"YPL155C",35,112,82,73,52,203,77,40,46,71,126,86
"YPL156C",28,69,38,39,29,49,25,81,45,75,137,51
"YPL157W",18,66,60,52,59,70,45,37,29,44,79,25
"YPL158C",32,66,48,39,39,91,39,36,39,36,93,45
"YPL159C",38,106,82,86,77,266,58,55,58,64,115,47
"YPL160W",337,504,495,548,386,306,336,388,323,487,1126,530
"YPL161C",25,81,49,49,36,127,49,33,45,51,109,40
"YPL162C",30,73,57,45,45,177,38,35,27,30,70,32
"YPL163C",211,142,145,92,117,586,126,197,212,280,478,324
"YPL164C",17,101,62,62,49,131,59,33,35,44,75,57
"YPL165C",31,110,65,67,61,219,61,42,53,37,84,55
"YPL166W",7,28,17,15,12,15,8,14,20,10,21,23
"YPL167C",43,73,65,56,40,53,60,37,48,46,103,59
"YPL168W",21,103,61,61,56,98,54,41,45,52,100,41
"YPL169C",84,192,149,143,120,438,130,99,117,154,245,138
"YPL170W",102,184,127,83,118,409,148,87,114,103,154,183
"YPL171C",2,15,20,16,12,14,24,4,7,8,11,19
"YPL172C",52,96,61,52,44,133,62,54,56,67,129,66
"YPL173W",66,128,79,61,75,139,81,76,99,86,185,96
"YPL174C",23,71,64,54,39,84,37,40,38,50,100,51
"YPL175W",32,105,66,68,52,92,74,53,72,63,116,52
"YPL176C",81,225,169,177,121,503,145,86,73,79,202,150
"YPL177C",112,126,86,101,77,529,69,67,98,143,183,115
"YPL178W",114,265,183,177,166,78,199,127,130,198,289,199
"YPL179W",130,287,164,163,130,471,174,158,160,188,404,167
"YPL180W",56,110,108,120,87,249,104,61,44,85,154,90
"YPL181W",94,191,144,129,118,234,131,105,122,117,284,160
"YPL182C",4,6,2,1,4,32,4,3,3,4,4,3
"YPL183C",22,56,43,34,33,44,49,66,47,101,142,56
"YPL183W-A",16,57,40,30,33,12,35,23,39,33,51,21
"YPL184C",124,290,238,222,202,337,224,164,159,199,388,183
"YPL185W",2,6,5,3,5,1,4,4,3,3,8,2
"YPL186C",14,50,38,26,25,69,27,21,22,15,30,38
"YPL187W",0,1,1,0,0,2,1,0,0,0,0,0
"YPL188W",35,126,78,66,61,112,55,26,26,45,71,38
"YPL189C-A",21,60,48,43,34,24,39,32,36,44,34,46
"YPL189W",9,15,9,13,5,16,10,6,10,15,22,9
"YPL190C",160,280,281,201,186,633,226,189,186,245,491,328
"YPL191C",20,34,37,28,28,21,35,20,28,21,40,24
"YPL192C",1,21,6,9,8,2,4,13,10,13,28,5
"YPL193W",30,74,47,50,37,87,44,44,48,56,119,47
"YPL194W",8,37,29,30,21,126,32,20,18,9,38,22
"YPL195W",58,174,134,146,93,140,74,99,97,107,301,92
"YPL196W",64,155,103,99,100,153,91,65,80,69,129,98
"YPL197C",6,4,2,4,3,23,5,9,11,13,16,1
"YPL198W",28,55,48,36,35,51,39,87,69,81,148,73
"YPL199C",84,146,138,125,122,159,97,75,86,113,194,124
"YPL200W",0,4,0,1,0,6,1,3,4,4,4,1
"YPL201C",4,13,11,7,9,23,8,10,7,8,18,3
"YPL202C",22,77,46,44,41,263,40,51,30,53,117,40
"YPL203W",144,257,197,164,156,146,134,114,154,98,240,197
"YPL204W",204,400,376,246,244,1850,268,221,220,278,504,354
"YPL205C",4,13,6,7,5,10,4,12,8,7,19,3
"YPL206C",100,235,199,188,163,90,138,82,100,100,165,130
"YPL207W",148,257,239,215,124,330,157,171,165,275,630,220
"YPL208W",33,87,67,75,59,37,50,52,44,60,97,53
"YPL209C",9,21,10,9,14,48,5,8,7,13,22,9
"YPL210C",64,196,130,114,103,137,110,135,110,151,362,109
"YPL211W",95,131,111,86,87,48,127,155,95,209,342,175
"YPL212C",66,101,72,104,57,170,72,128,76,189,324,115
"YPL213W",15,51,28,44,31,93,42,30,30,25,54,40
"YPL214C",64,168,100,94,95,86,94,74,74,70,141,82
"YPL215W",44,144,92,98,75,176,84,79,77,74,141,96
"YPL216W",20,56,50,29,29,34,38,36,25,41,79,30
"YPL217C",105,176,162,211,122,328,108,153,118,287,635,204
"YPL218W",272,602,554,523,451,123,479,262,306,350,597,433
"YPL219W",18,54,54,46,37,89,42,39,26,30,86,49
"YPL220W",251,485,465,398,339,46,402,339,331,479,755,496
"YPL221W",229,378,304,247,240,218,246,305,259,331,628,360
"YPL222C-A",0,0,0,0,0,0,0,0,0,0,0,0
"YPL222W",31,106,98,91,72,120,61,21,25,25,55,41
"YPL223C",13,43,36,36,36,14,40,11,11,9,25,22
"YPL224C",104,286,200,166,149,210,224,114,114,134,201,215
"YPL225W",77,287,193,195,158,149,154,146,168,141,335,123
"YPL226W",315,423,320,381,292,304,354,534,412,753,1292,603
"YPL227C",42,100,79,79,54,117,67,70,61,78,166,88
"YPL228W",54,136,105,105,101,150,66,66,67,80,164,73
"YPL229W",21,51,36,36,29,160,41,24,22,35,57,23
"YPL230W",71,74,70,59,59,255,38,56,116,55,133,141
"YPL231W",2031,2734,2094,2041,1559,1520,2027,1458,1597,2038,4656,3013
"YPL232W",190,653,478,462,467,940,451,232,229,227,517,292
"YPL233W",20,61,51,45,33,38,37,33,15,46,61,43
"YPL234C",241,639,599,491,452,191,508,274,321,412,731,383
"YPL235W",125,222,186,177,161,152,146,162,146,235,404,176
"YPL236C",27,74,46,36,43,77,47,30,29,34,56,41
"YPL237W",181,447,351,334,314,69,303,257,247,368,634,291
"YPL238C",0,1,2,0,2,1,1,1,1,1,5,1
"YPL239W",56,81,89,80,42,166,48,90,59,90,185,76
"YPL240C",167,154,196,238,182,66,119,203,155,195,476,203
"YPL241C",11,42,36,23,26,37,27,15,20,15,27,14
"YPL242C",56,138,89,70,54,103,67,50,62,83,186,75
"YPL243W",76,251,168,191,148,162,134,175,143,206,415,161
"YPL244C",60,154,118,95,111,108,100,90,85,98,165,72
"YPL245W",58,83,52,63,51,68,57,92,74,135,190,123
"YPL246C",140,301,239,208,222,310,212,147,148,195,331,178
"YPL247C",161,219,155,154,137,336,150,130,162,126,253,240
"YPL248C",37,89,66,56,56,132,58,47,29,50,86,50
"YPL249C",71,163,175,164,138,312,92,56,68,84,212,95
"YPL249C-A",3,11,16,9,12,12,6,9,5,11,26,9
"YPL250C",66,116,103,89,114,119,110,35,78,37,84,95
"YPL250W-A",0,0,0,0,0,0,0,0,1,0,0,0
"YPL251W",0,1,1,0,1,3,0,0,1,0,0,1
"YPL252C",20,56,51,42,43,83,54,35,32,41,94,63
"YPL253C",10,38,19,12,21,32,13,12,22,16,45,11
"YPL254W",29,86,41,44,57,61,65,58,51,79,130,71
"YPL255W",28,80,61,58,58,194,49,30,23,52,81,37
"YPL256C",76,125,87,61,73,238,93,90,74,125,250,100
"YPL257W",8,20,11,14,6,12,7,9,7,9,18,9
"YPL257W-A",0,0,0,0,0,0,0,0,0,0,0,0
"YPL257W-B",0,0,0,0,0,0,0,0,0,0,0,0
"YPL258C",10,37,31,27,30,54,27,21,17,23,44,17
"YPL259C",65,156,106,103,89,239,95,70,87,99,181,69
"YPL260W",109,275,193,224,137,177,170,149,152,141,322,158
"YPL261C",1,3,4,0,2,7,0,1,3,4,8,3
"YPL262W",224,435,304,304,274,259,283,190,204,209,346,307
"YPL263C",68,118,101,104,61,169,67,108,84,169,314,144
"YPL264C",5,35,26,22,28,28,27,8,12,19,20,16
"YPL265W",255,539,288,218,178,397,363,371,428,437,812,603
"YPL266W",55,150,118,114,79,85,107,98,71,155,305,130
"YPL267W",14,37,34,31,27,73,18,13,11,17,32,14
"YPL268W",35,66,42,57,32,120,56,56,44,66,118,62
"YPL269W",20,59,48,28,28,71,33,22,29,31,60,30
"YPL270W",110,269,212,181,161,354,170,119,146,135,254,163
"YPL271W",72,199,167,101,176,94,129,94,119,88,157,81
"YPL272C",17,49,38,41,33,72,30,20,20,36,59,13
"YPL273W",117,235,198,150,147,199,158,155,127,206,440,181
"YPL274W",108,190,165,144,104,73,131,84,85,106,161,135
"YPL275W",0,0,0,0,1,0,0,0,0,0,0,2
"YPL276W",0,1,0,0,1,0,1,0,0,0,1,0
"YPL277C",12,15,15,11,8,19,17,5,8,5,18,15
"YPL278C",1,7,2,2,2,9,5,1,4,2,3,2
"YPL279C",1,7,2,3,4,8,3,5,1,7,7,9
"YPL280W",0,0,0,2,0,0,0,0,1,0,0,0
"YPL281C",0,0,0,0,0,0,0,0,0,0,0,0
"YPL282C",0,0,0,0,0,0,0,0,0,0,0,0
"YPL283C",0,0,0,0,0,0,0,0,0,0,0,0
"YPL283W-A",0,0,0,0,0,0,0,0,0,0,0,0
"YPL283W-B",0,0,0,0,0,0,0,0,0,0,0,0
"YPR001W",13,60,21,26,29,32,34,13,21,18,30,25
"YPR002C-A",0,2,2,1,1,0,2,0,0,1,2,0
"YPR002W",11,52,19,18,21,41,37,21,12,18,40,17
"YPR003C",43,115,90,70,67,113,87,75,65,71,129,87
"YPR004C",114,231,191,175,173,144,154,116,139,138,286,140
"YPR005C",21,53,51,22,42,107,27,36,28,28,53,35
"YPR006C",37,101,83,73,63,64,78,27,32,28,70,42
"YPR007C",1,16,12,9,5,16,6,3,5,4,3,3
"YPR008W",102,415,271,210,246,862,242,162,172,222,365,190
"YPR009W",47,68,41,28,27,34,37,50,83,80,148,62
"YPR010C",237,242,242,258,174,241,198,360,255,511,942,447
"YPR010C-A",15,52,19,20,27,20,24,14,22,29,23,16
"YPR011C",49,142,118,99,82,51,103,57,67,73,113,79
"YPR012W",3,30,12,16,21,28,17,16,10,11,25,5
"YPR013C",44,171,143,131,124,348,117,60,62,84,173,97
"YPR014C",3,24,15,20,17,21,10,4,5,8,18,4
"YPR015C",5,53,49,31,44,46,39,11,4,7,23,12
"YPR016C",236,380,288,257,255,72,307,327,276,457,767,418
"YPR016W-A",7,13,11,7,10,10,6,14,14,20,24,14
"YPR017C",33,68,51,30,43,37,34,39,33,37,60,40
"YPR018W",32,132,80,106,69,192,69,45,40,62,121,41
"YPR019W",95,200,178,177,141,554,141,82,81,126,235,115
"YPR020W",9,49,28,26,39,19,26,26,31,30,50,16
"YPR021C",27,71,37,30,35,61,42,34,45,47,101,39
"YPR022C",47,149,90,92,81,170,100,97,63,96,181,74
"YPR023C",129,318,303,264,232,304,188,111,115,146,273,168
"YPR024W",139,323,237,229,172,275,197,124,146,178,297,241
"YPR025C",37,83,67,68,58,192,46,39,31,51,109,35
"YPR026W",46,194,139,114,118,145,103,36,74,61,126,81
"YPR027C",32,114,48,44,49,128,63,51,47,59,101,60
"YPR028W",234,709,523,420,442,109,416,357,413,447,809,417
"YPR029C",100,238,155,153,142,172,137,116,125,175,330,174
"YPR030W",43,107,77,53,57,159,66,45,59,38,83,64
"YPR031W",17,36,31,33,17,56,27,29,18,43,71,18
"YPR032W",38,89,63,65,58,156,44,55,49,69,134,62
"YPR033C",264,583,521,461,373,440,414,329,311,430,768,447
"YPR034W",92,231,173,159,166,337,195,122,109,158,243,158
"YPR035W",2624,3128,2974,2691,2291,1247,2656,1509,1669,1865,3352,2860
"YPR036W",569,1067,1050,910,860,543,841,467,405,649,1148,1024
"YPR036W-A",346,1517,994,823,815,5643,986,426,596,516,974,679
"YPR037C",70,151,99,93,132,43,138,69,75,113,167,129
"YPR038W",0,0,0,0,0,0,0,0,0,0,0,0
"YPR039W",0,0,0,0,1,1,0,0,0,2,0,1
"YPR040W",57,96,66,70,77,131,86,40,55,71,133,77
"YPR041W",285,409,312,340,291,645,305,391,341,520,1069,569
"YPR042C",47,112,66,69,34,111,93,48,59,74,108,73
"YPR043W",0,1,0,0,0,0,1,1,0,1,0,1
"YPR044C",0,18,6,10,1,5,2,9,12,18,26,3
"YPR045C",59,132,113,113,63,142,68,64,64,88,158,104
"YPR046W",13,41,30,19,22,25,29,17,23,22,40,23
"YPR047W",21,78,49,68,52,92,37,36,36,51,82,54
"YPR048W",15,22,16,27,16,28,17,21,25,35,66,27
"YPR049C",18,49,51,52,36,32,29,25,23,14,51,25
"YPR050C",0,0,0,0,0,0,0,0,0,0,0,0
"YPR051W",7,17,13,16,15,1,8,10,11,11,19,14
"YPR052C",52,155,84,104,95,316,85,50,68,101,168,83
"YPR053C",6,19,17,12,10,51,10,7,9,12,18,5
"YPR054W",25,51,46,42,28,79,33,22,17,20,45,31
"YPR055W",50,104,60,62,54,97,56,53,55,63,157,51
"YPR056W",35,81,57,50,55,117,38,53,62,79,126,66
"YPR057W",20,129,84,74,69,97,75,39,48,60,102,73
"YPR058W",49,54,58,60,56,62,59,21,28,45,78,66
"YPR059C",0,1,0,1,3,1,0,1,2,1,3,0
"YPR060C",32,71,52,58,37,91,40,71,45,84,130,54
"YPR061C",12,96,76,55,39,103,58,23,32,29,58,35
"YPR062W",309,540,544,411,439,840,405,297,299,408,685,557
"YPR063C",121,349,319,207,267,891,282,124,136,175,318,210
"YPR064W",0,34,27,21,20,21,18,1,1,1,4,5
"YPR065W",33,213,163,103,98,931,129,54,62,74,138,79
"YPR066W",21,68,61,38,42,63,35,22,28,36,42,43
"YPR067W",45,115,74,73,63,108,61,41,48,37,73,47
"YPR068C",13,54,32,31,35,55,37,34,28,35,55,31
"YPR069C",191,277,241,205,170,74,169,236,229,291,579,301
"YPR070W",51,101,87,86,70,140,76,53,50,84,158,105
"YPR071W",7,41,22,19,15,94,22,17,24,29,45,22
"YPR072W",90,312,195,171,142,498,128,147,150,171,371,138
"YPR073C",38,114,100,79,73,61,75,56,52,61,101,59
"YPR074C",768,1096,974,896,690,482,848,807,711,995,1915,1215
"YPR074W-A",0,0,0,0,0,0,0,0,0,0,0,0
"YPR075C",136,362,392,343,319,612,304,98,152,139,277,195
"YPR076W",0,1,0,0,0,1,1,0,0,1,1,0
"YPR077C",0,0,1,0,1,0,1,0,0,0,0,0
"YPR078C",5,13,15,11,17,22,9,6,10,5,6,5
"YPR079W",42,154,127,92,77,199,92,49,60,50,121,70
"YPR080W",1238,1831,1494,1621,1198,368,1664,1175,1086,1918,3108,2202
"YPR081C",39,122,83,83,64,149,74,41,44,43,110,44
"YPR082C",27,75,59,55,62,73,54,25,48,35,53,46
"YPR083W",23,62,40,36,32,87,39,18,27,29,50,31
"YPR084W",26,79,56,68,27,252,32,41,48,40,112,58
"YPR085C",29,62,53,34,42,50,55,30,38,39,98,49
"YPR086W",98,188,183,173,124,260,116,125,113,133,332,215
"YPR087W",4,11,6,7,6,1,3,2,3,5,10,4
"YPR088C",188,269,210,220,160,198,178,159,131,221,425,257
"YPR089W",77,193,179,180,126,339,127,93,103,119,306,148
"YPR091C",115,309,192,221,162,322,143,109,118,108,276,128
"YPR092W",1,1,0,2,0,2,3,3,1,3,2,1
"YPR093C",48,118,100,87,91,148,102,40,48,60,90,109
"YPR094W",16,47,30,23,26,35,29,13,23,27,35,17
"YPR095C",58,170,137,110,97,317,106,91,88,103,201,127
"YPR096C",0,1,1,0,0,8,0,1,0,1,3,1
"YPR097W",63,127,89,117,71,137,73,55,84,97,237,92
"YPR098C",33,132,89,71,81,112,58,45,46,42,71,65
"YPR099C",0,0,0,0,0,1,1,0,0,0,0,0
"YPR100W",6,16,9,13,8,16,8,11,8,6,29,14
"YPR101W",18,45,38,33,28,109,34,23,37,37,47,26
"YPR102C",331,620,581,481,465,184,449,456,474,603,1069,652
"YPR103W",302,640,523,464,457,649,409,337,417,419,766,543
"YPR104C",53,92,61,63,38,107,49,62,40,68,176,82
"YPR105C",56,188,133,113,106,105,97,87,89,110,212,122
"YPR106W",20,46,38,25,27,39,25,39,38,38,59,36
"YPR107C",27,69,40,42,50,131,46,24,43,47,79,37
"YPR108W",195,387,304,310,260,520,245,224,236,237,486,291
"YPR108W-A",0,0,0,1,0,0,0,0,0,1,0,0
"YPR109W",35,117,64,59,62,30,49,49,59,66,109,68
"YPR110C",107,176,154,143,104,180,131,222,159,264,546,202
"YPR111W",19,56,40,50,32,76,31,19,26,31,50,16
"YPR112C",39,56,56,59,36,126,52,102,47,152,336,108
"YPR113W",280,478,441,406,378,332,403,289,314,383,644,447
"YPR114W",139,351,277,210,244,492,221,186,158,208,423,222
"YPR115W",144,366,312,271,185,557,235,118,154,155,340,206
"YPR116W",2,9,5,5,3,4,2,10,7,9,18,2
"YPR117W",76,149,130,116,93,104,75,80,110,117,267,119
"YPR118W",115,240,213,204,149,83,152,113,125,183,327,144
"YPR119W",19,55,37,33,24,92,35,37,31,45,105,27
"YPR120C",12,54,65,51,41,67,57,26,25,24,48,33
"YPR121W",17,53,29,42,25,79,34,33,25,49,71,34
"YPR122W",44,133,92,102,78,187,68,87,68,98,223,79
"YPR123C",7,11,6,2,3,5,8,13,14,13,34,11
"YPR124W",231,273,172,164,131,352,170,316,354,361,639,336
"YPR125W",55,109,89,72,62,145,90,73,57,87,134,68
"YPR126C",4,5,6,7,6,4,6,6,7,10,11,4
"YPR127W",58,177,128,129,103,92,129,52,80,88,131,97
"YPR128C",35,72,75,64,49,39,51,51,42,63,114,62
"YPR129W",79,166,122,123,117,429,124,79,98,110,180,82
"YPR130C",1,2,2,2,2,13,3,0,1,2,4,1
"YPR131C",25,75,57,44,56,96,61,39,32,49,88,48
"YPR132W",1000,1655,1485,1437,1271,169,1302,1140,1086,1612,2741,1573
"YPR133C",106,306,211,219,198,184,167,133,144,184,365,186
"YPR133W-A",20,86,55,60,43,401,41,49,63,65,110,42
"YPR134W",26,88,73,59,51,78,52,35,30,53,62,42
"YPR135W",35,103,88,71,74,85,61,44,49,74,111,52
"YPR136C",0,0,0,0,0,0,1,2,0,0,1,0
"YPR137C-A",0,0,0,0,0,0,0,0,0,0,0,0
"YPR137C-B",0,0,0,0,0,0,0,0,0,0,0,0
"YPR137W",25,40,32,37,33,59,29,47,34,62,146,45
"YPR138C",104,333,207,193,168,304,208,86,132,101,228,131
"YPR139C",53,211,156,149,143,252,143,53,109,73,173,97
"YPR140W",39,134,101,89,80,123,50,36,40,60,92,59
"YPR141C",13,47,41,47,33,39,28,15,14,23,56,21
"YPR142C",0,0,0,0,0,0,0,0,0,0,0,0
"YPR143W",6,41,25,26,14,112,15,52,33,60,120,26
"YPR144C",28,54,40,39,27,68,24,58,35,79,130,44
"YPR145C-A",1,5,11,7,3,19,3,6,2,1,8,2
"YPR145W",965,670,538,500,399,458,449,499,584,583,1310,1147
"YPR146C",22,39,34,25,33,19,35,15,12,17,32,27
"YPR147C",32,70,94,58,77,154,56,45,44,52,91,49
"YPR148C",126,447,303,304,231,450,239,148,180,196,408,230
"YPR149W",452,212,195,155,165,131,149,494,593,588,982,914
"YPR150W",0,2,0,0,0,0,0,0,1,0,0,0
"YPR151C",0,1,4,1,1,2,1,0,1,0,2,1
"YPR152C",21,63,61,59,51,84,67,20,27,45,85,44
"YPR153W",2,8,11,4,2,9,5,6,4,5,17,5
"YPR154W",101,194,178,160,104,498,95,67,83,74,226,122
"YPR155C",23,127,74,66,62,163,49,46,42,56,83,64
"YPR156C",96,233,212,179,169,92,123,133,110,181,342,126
"YPR157W",20,80,55,78,39,62,41,38,33,54,97,31
"YPR158C-C",0,0,0,0,0,0,0,0,0,0,0,0
"YPR158C-D",6,0,5,3,1,1,1,5,7,10,15,9
"YPR158W",5,55,28,27,21,76,27,13,25,28,57,29
"YPR158W-A",0,0,0,0,0,0,0,0,0,0,0,0
"YPR158W-B",0,0,0,0,0,0,0,0,1,1,1,0
"YPR159C-A",1,3,1,0,0,0,1,0,1,0,0,0
"YPR159W",287,723,584,542,432,469,456,282,295,330,579,441
"YPR160C-A",0,0,0,0,0,0,0,0,0,0,0,0
"YPR160W",488,170,140,121,88,116,123,203,607,213,546,761
"YPR160W-A",0,0,0,0,0,0,0,0,0,0,0,0
"YPR161C",47,120,112,100,59,152,58,87,69,94,251,104
"YPR162C",15,36,32,25,35,78,35,29,28,37,66,24
"YPR163C",411,673,575,651,418,442,378,531,507,736,1729,635
"YPR164W",28,75,62,61,63,66,68,57,47,64,145,58
"YPR165W",414,906,766,691,651,668,633,375,479,523,962,660
"YPR166C",22,59,33,25,25,14,29,24,36,46,62,28
"YPR167C",54,173,95,114,115,276,142,29,30,46,49,67
"YPR168W",7,15,10,9,6,2,9,14,11,18,22,15
"YPR169W",97,198,159,191,125,193,127,131,114,166,425,144
"YPR169W-A",0,0,0,0,0,0,0,0,0,0,0,0
"YPR170C",0,1,2,1,1,1,1,0,2,1,1,0
"YPR170W-A",0,0,0,0,0,0,0,0,0,0,0,0
"YPR170W-B",36,39,34,28,42,2,38,22,25,40,59,38
"YPR171W",34,122,98,78,69,138,76,62,56,82,154,81
"YPR172W",29,75,63,44,64,133,53,40,60,40,64,59
"YPR173C",148,415,317,328,283,324,229,185,182,240,448,236
"YPR174C",20,61,36,47,41,54,42,24,23,32,58,43
"YPR175W",18,63,46,44,35,78,45,29,19,16,76,25
"YPR176C",56,125,107,74,80,75,66,45,68,75,144,98
"YPR177C",0,0,0,0,0,0,0,0,0,0,0,0
"YPR178W",27,104,78,53,47,189,62,41,38,47,90,59
"YPR179C",22,74,59,66,43,99,55,40,30,41,94,35
"YPR180W",40,89,84,77,74,84,63,50,53,52,86,49
"YPR181C",326,697,466,421,395,606,438,383,351,425,881,602
"YPR182W",66,147,140,111,135,204,151,41,47,68,92,122
"YPR183W",353,525,504,377,408,317,514,277,268,413,666,605
"YPR184W",137,115,92,79,71,245,86,65,122,81,174,168
"YPR185W",63,154,104,116,92,490,109,63,72,86,163,95
"YPR186C",18,39,18,29,25,50,22,29,16,28,56,15
"YPR187W",139,249,218,207,172,90,151,171,158,278,463,201
"YPR188C",28,83,58,54,58,44,57,39,41,38,82,58
"YPR189W",61,111,100,96,77,118,66,63,81,82,237,81
"YPR190C",45,74,58,48,53,69,55,77,60,96,197,73
"YPR191W",134,303,208,206,169,152,172,126,158,141,249,204
"YPR192W",11,28,21,21,33,41,28,10,9,9,20,23
"YPR193C",2,12,7,4,4,21,8,2,2,2,3,6
"YPR194C",15,23,17,19,9,21,9,16,18,17,40,17
"YPR195C",10,15,20,7,18,32,17,7,6,10,18,23
"YPR196W",9,27,24,16,16,49,18,12,15,16,26,15
"YPR197C",0,1,0,0,0,0,0,0,0,0,0,0
"YPR198W",55,162,133,119,115,125,101,67,61,63,156,83
"YPR199C",30,88,66,50,48,218,53,45,46,52,105,59
"YPR200C",5,10,8,4,6,4,9,10,4,5,12,6
"YPR201W",10,16,11,10,5,10,9,9,12,5,19,5
"YPR202W",1,0,1,1,1,0,0,1,1,1,0,1
"YPR203W",0,0,0,0,0,0,0,0,0,0,0,0
"YPR204C-A",0,0,0,0,0,0,0,0,0,0,0,0
"YPR204W",9,10,10,2,2,14,6,2,3,12,9,9
"ZOD1",0,0,0,0,0,0,0,0,0,0,0,0
