"","baseMean","log2FoldChange","lfcSE","stat","pvalue","padj"
"YGR234W",464.30726368147,-4.10433226320903,0.140341206114231,-28.823935137626,1.0753766898114e-182,5.77584820097705e-179
"YML123C",753.209906535166,-4.26149378984073,0.159826421827736,-26.4104834666038,1.03844023363075e-153,2.78873124741537e-150
"YPL019C",319.80256336648,-2.51890614977471,0.135798058685249,-18.4835086645984,2.80343257502081e-76,5.01907878681225e-73
"YER081W",680.824267027179,2.8197349797201,0.15758923724585,17.842396057725,3.31185147499592e-71,4.44698856805077e-68
"YOR290C",120.427000504116,-5.35346606607946,0.228620491843299,-16.5601453651618,1.35266853235989e-61,1.45303653746099e-58
"YKL109W",269.933114181949,-2.09391288558292,0.129519266807419,-16.1265314059161,1.66090346080228e-58,1.48678541466151e-55
"YOR273C",332.020547115933,-2.1035504415716,0.133866552390271,-15.6840263965143,1.94522815491986e-55,1.49254577429637e-52
"YDR406W",227.588063966861,-2.05830204866319,0.131419234875371,-15.6180236874102,5.48804852309211e-55,3.68453857719096e-52
"YDR033W",618.803652034117,-3.25308658911532,0.208017320188054,-15.5984089971172,7.46309076778874e-55,4.45380672375482e-52
"YJL012C",386.256123036954,-1.4193846696756,0.0946249950242948,-14.991074603506,8.39833286147977e-51,4.51074457990079e-48
"YER011W",217.872147149598,-3.3544651939243,0.222903082930645,-14.8486379747603,7.09964723752475e-50,3.46656411934049e-47
"YBR092C",165.444990499448,-2.44304096477781,0.164462349436035,-14.757840857014,2.73910260250459e-49,1.22597667317101e-46
"YKL062W",183.872752197073,-1.8904742116856,0.136804442822866,-13.7807556965675,3.32770429860419e-43,1.37485382983101e-40
"YHR136C",71.2145392088001,-3.61844830564255,0.244746249801494,-13.6868977269787,1.21590681162158e-42,4.66473963229965e-40
"YIL121W",136.349077041818,-2.32841152551956,0.172427228214183,-13.4084318733362,5.39678923792363e-41,1.93241033312585e-38
"YCL064C",474.149580933868,-1.37936299186671,0.103054436061964,-13.378958166928,8.02645303167671e-41,2.69437995207098e-38
"YGR035C",60.8081368532225,-3.39672725381971,0.240927502568276,-13.155331265472,1.5858693762332e-39,5.01041436455794e-37
"YHR215W",45.8275445294726,-4.08493603164047,0.247216741854723,-12.7652713869616,2.562559678551e-37,7.646393351943e-35
"YLR413W",413.721774926989,-2.1839802908857,0.171018835479561,-12.7490859565756,3.15421817079809e-37,8.91647673439818e-35
"YDR399W",245.666975368143,-1.82590313214063,0.144445647732911,-12.6200628962046,1.63690494954013e-36,4.39590824199003e-34
"YFR015C",815.560699275932,-2.59824563158977,0.206773907237355,-12.5592935502062,3.53474655508037e-36,9.04053511777936e-34
"YPR149W",432.76662514278,-2.05257633602462,0.168580011990331,-12.1628067427125,4.90441605252655e-34,1.19734630082364e-31
"YMR006C",199.853348556814,-1.68957392436971,0.139730836174435,-12.0692166915496,1.53589273996494e-33,3.5866434375442e-31
"YIL169C",220.814470371299,-2.35132539848798,0.194133301517381,-12.0649790552035,1.61703509036577e-33,3.61878977931439e-31
"YOR153W",1139.33198811817,-2.538039674577,0.211440814365016,-12.0041150913364,3.38060410359058e-33,7.26288985615401e-31
"YER124C",107.605769571207,-1.86564090869312,0.154968753970536,-11.9801909207067,4.51283201101571e-33,9.32246951198668e-31
"YDR011W",285.782443862386,-1.15782403968104,0.0980885370504853,-11.7973944574105,4.02584418025607e-32,8.00844781190938e-30
"YER001W",98.3918560618864,-2.16273383350123,0.182929281555663,-11.7305551441446,8.88738660600647e-32,1.70479119503074e-29
"YDR055W",224.750269428649,-1.85409211890426,0.157824067800389,-11.7258654261296,9.39360640687953e-32,1.73976069004655e-29
"YMR272C",205.241694987521,-1.31213868620788,0.112197844667735,-11.6835501651827,1.54696701540665e-31,2.7695866132497e-29
"YNL160W",162.666204263343,-1.95729288613631,0.167302706708224,-11.6626728912821,1.97735907295982e-31,3.42593405834425e-29
"YPL095C",95.542059761449,-1.90359718825424,0.162704160881935,-11.6336876068758,2.77830483396777e-31,4.66321101976277e-29
"YOR306C",138.407100293964,-1.28785097187999,0.114209680201134,-11.2585819644511,2.10112393316681e-29,3.41973837728452e-27
"YFR055W",143.769138439196,-1.99451884578374,0.179874703248503,-11.0467503431689,2.27294235944595e-28,3.59058041546594e-26
"YBR244W",51.5645885367661,-2.38285725502313,0.218245018931184,-10.6884107947006,1.15330159091705e-26,1.76982366994728e-24
"YGR233C",100.931496342305,-1.34785931551552,0.125970657024406,-10.6730684071281,1.36057735047677e-26,2.02990581928077e-24
"YJR010W",116.025585165597,1.43639878525152,0.134476025077257,10.6435479419427,1.86875104510332e-26,2.71271942249998e-24
"YGL028C",131.264493624401,-1.36586107848213,0.130176971081295,-10.4727889971035,1.15198029953968e-25,1.62823320758621e-23
"YBR093C",154.294567912711,-1.97653487649625,0.192348216505709,-10.2449696356979,1.2466401912707e-24,1.69788334667936e-22
"YHL047C",238.403867021859,-1.76271816856532,0.171854346328888,-10.243595323887,1.26448210514195e-24,1.69788334667936e-22
"YDL037C",29.9294454122271,-2.85269966076098,0.257508013064187,-10.2149981701052,1.69882353929018e-24,2.22545883647014e-22
"YEL040W",628.311223964541,-1.2227131786445,0.119967593557775,-10.1898099302618,2.20194293577667e-24,2.81586559715631e-22
"YHR092C",1216.46145912672,-2.13941600402067,0.212773794694134,-10.0570084701035,8.55587110700366e-24,1.06868799338876e-21
"YDR044W",315.690204031278,-1.47347530209181,0.14751706773839,-9.98139652314879,1.83860550091319e-23,2.2443523057738e-21
"YPL057C",193.747836214536,-0.997091208199887,0.101118002120562,-9.85564750330987,6.47976751090888e-23,7.73396251135369e-21
"YDR077W",3616.51674438474,-2.30695479151347,0.239818204872875,-9.63767892829415,5.54270287945903e-22,6.47170807947271e-20
"YDR342C",254.290968527677,-2.35731521496875,0.244478147422047,-9.63288624227387,5.80748951403737e-22,6.63660131487122e-20
"YGR051C",35.1031931982128,2.10504540301922,0.214142254620745,9.5146283358698,1.82363600021009e-21,2.04057269940175e-19
"YDR133C",726.010698084805,-1.23412163178103,0.129991013130766,-9.49215640115061,2.26303507601382e-21,2.48056354964699e-19
"YGL120C",173.996036088197,-1.32185829492385,0.141390580664324,-9.33852713472449,9.76834653175223e-21,1.04931578444082e-18
"YOL130W",195.153371178796,-1.00169009274351,0.108037953325421,-9.26610042262061,1.93075994837996e-20,2.03335523191152e-18
"YBL005W",80.7488189049665,-1.30878539448799,0.141067061778772,-9.25033657263003,2.23786870976071e-20,2.31146016156246e-18
"YBR067C",688.52836535919,-2.08668909173956,0.228031216365375,-9.15157286686654,5.61105467398933e-20,5.68622163282957e-18
"YPL025C",19.5416769665966,2.68263795198926,0.25847103535259,8.98525099481231,2.58144411224583e-19,2.56758080127266e-17
"YER072W",415.917516950556,-1.1525399632822,0.128929593619393,-8.93736316172474,3.98566798411925e-19,3.89218595321899e-17
"YOR222W",238.133122883556,0.872400843790034,0.0978675060204819,8.90888369628059,5.15489528434752e-19,4.94409688789831e-17
"YNL248C",111.359179684601,-1.53731137202256,0.174567328776634,-8.7827082695428,1.59584701118359e-18,1.50373584159071e-16
"YAL061W",221.838249289134,-1.61970904253274,0.186345833142969,-8.68224661502992,3.88026943150528e-18,3.59326329596808e-16
"YER037W",61.7005965814741,-1.55177348256843,0.179285792899122,-8.60916184664786,7.35966818495803e-18,6.69979285108637e-16
"YMR122C",33.182818312302,1.9050922973268,0.216552866798287,8.57508327410675,9.90151287540782e-18,8.8635042756359e-16
"YLR214W",234.599923179952,-1.21839302338026,0.142526398441116,-8.54199003850542,1.31929805551526e-17,1.1616311239627e-15
"YNL024C",42.7832938136692,-1.54679397189029,0.18161403589007,-8.44454959575456,3.05219963491211e-17,2.64409100630854e-15
"YOL002C",171.007831264855,-1.72290597619897,0.205146994584716,-8.38271635304081,5.17200076520264e-17,4.40933589046086e-15
"YPL134C",95.5298295037953,1.302558642883,0.155816776879586,8.33266202679471,7.90445708195314e-17,6.63356859174536e-15
"YLR136C",54.4138247282647,-1.42171416149607,0.170411241145757,-8.29810017389534,1.05789460050831e-16,8.74146446050792e-15
"YNL141W",120.684497298874,-1.41994169412793,0.171438421984988,-8.26511242439343,1.39563153869335e-16,1.13574802944272e-14
"YBL005W-B",17.2011378785483,-2.18853367704923,0.250013633729522,-8.21951309319886,2.04331053793062e-16,1.61836421650944e-14
"YNL134C",208.803418918532,-1.1813463577448,0.143656043020634,-8.21918289322323,2.04894371108997e-16,1.61836421650944e-14
"YAR071W",15.4767952635538,-2.22177841308025,0.251292652495595,-8.18205632374565,2.79040561924762e-16,2.1720679102868e-14
"YMR045C",14.234502937124,-2.47042144803117,0.274475072853123,-7.97535481230745,1.51943677428373e-15,1.16096434275818e-13
"YOR178C",108.51572972665,-1.31908681898527,0.165098711989626,-7.97412070147071,1.53469499787435e-15,1.16096434275818e-13
"YBR241C",136.666320350473,1.34876406287056,0.171080457344501,7.86807667400885,3.60134848243034e-15,2.64970447933334e-13
"YCR021C",72.5006238679529,-1.65732859081171,0.209717909354677,-7.868609176992,3.58605527477032e-15,2.64970447933334e-13
"YDR281C",12.608900773913,-2.56482058964175,0.275599653193091,-7.85499338753863,3.99793242116313e-15,2.86122853976589e-13
"YGR211W",102.937630651708,-1.3188098248435,0.167594328182614,-7.85341299433868,4.04865702889979e-15,2.86122853976589e-13
"YOR108W",119.158548022554,-1.32083296127737,0.167876103923604,-7.85615009093732,3.96120370840427e-15,2.86122853976589e-13
"YLR108C",72.1452612976094,1.26767057822304,0.161576622498253,7.80942773814573,5.74482239224552e-15,4.00720013879879e-13
"YMR319C",427.792951948937,-0.851108115803523,0.109383279430607,-7.77975380336576,7.26658229864956e-15,5.00369404180087e-13
"YGR177C",30.0731048711061,-1.49503110154347,0.189898527047431,-7.77752967056425,7.39544284184277e-15,5.02796500044779e-13
"YPR124W",285.613772849751,-1.0590518448407,0.136252128131155,-7.76956512547298,7.87560427367784e-15,5.28748381924046e-13
"YBR296C",89.210064154287,-2.11819189464339,0.274786241608082,-7.70285952641251,1.3305460357058e-14,8.82267007132822e-13
"YLR258W",515.432655586147,-1.61792321329136,0.210416671574778,-7.68801491835165,1.4943538915623e-14,9.78801798973309e-13
"YNL064C",540.944400898149,-0.981736237473664,0.128309335561144,-7.65003647496142,2.00922313124171e-14,1.30018523348184e-12
"YLR151C",58.5528615515719,1.31510722967463,0.171495615060332,7.62374889062498,2.46412497176906e-14,1.57557324087757e-12
"YDL039C",247.825492279589,-1.9919897917523,0.262473727787844,-7.59650576194706,3.04233760130258e-14,1.91866153296109e-12
"YHR128W",121.018935293749,-1.14592470432794,0.150677758577437,-7.59524338284,3.07214469995631e-14,1.91866153296109e-12
"YLR300W",732.926280588512,-1.31906258495905,0.173711846705662,-7.59258840406801,3.13577399342828e-14,1.93588989870153e-12
"YOL158C",259.888858963895,-1.47375968877527,0.194739010780021,-7.56405540266557,3.90693202727431e-14,2.38456044528299e-12
"YBR069C",235.96819500164,-1.2977791904582,0.171921991161649,-7.54375697722795,4.566217182028e-14,2.75563511063735e-12
"YPL093W",161.883252610521,-1.62889448812082,0.215841946967132,-7.53643553548005,4.82991562363012e-14,2.88238631272415e-12
"YLR250W",195.092748301257,0.787051291934446,0.104763373044803,7.50794473997347,6.00628471960797e-14,3.54502804714444e-12
"YDL182W",260.939019652285,-1.22661322590809,0.163826684852997,-7.48453015397071,7.18035473784173e-14,4.19192231488565e-12
"YJR045C",1174.42517263093,-0.599482936969386,0.0806305612324918,-7.43487047660945,1.04670472713359e-13,6.04500117143497e-12
"YOR348C",42.7560379310371,1.71553520222823,0.228048435844312,7.42518230565965,1.12624682391442e-13,6.43518265025993e-12
"YNR053C",58.935530031023,-1.72033801984148,0.230951192954105,-7.39790340613973,1.38351425844663e-13,7.82195271801773e-12
"YCR018C",31.1267460759374,-1.52532626248635,0.204347887317106,-7.38063558624404,1.5753565253379e-13,8.81379155998945e-12
"YLR312C",33.8098750652637,1.47442367053266,0.197218379245551,7.37307706689944,1.66734034590485e-13,9.1380459161785e-12
"YOL110W",129.093706851072,1.42160290330376,0.192394273165749,7.37348129380113,1.66229021904834e-13,9.1380459161785e-12
"YNR067C",139.390836058495,-1.14612125256936,0.156551952672403,-7.31332987088038,2.60602200325988e-13,1.41383274540493e-11
"YOL109W",433.560568119776,-1.97010959438045,0.27101014627296,-7.3012744496553,2.85054617027688e-13,1.53102834805571e-11
"YEL065W",118.946184396521,-1.48958731298372,0.204120677294795,-7.28399221871714,3.24083714518231e-13,1.72341943631427e-11
"YGL162W",83.0487418314652,-1.15761723454298,0.15875261819357,-7.27799168649799,3.38826208291854e-13,1.78415251444661e-11
"YLL053C",16.1255621993672,-1.85637625159692,0.245028068937337,-7.27340524154133,3.50536714653264e-13,1.82789581980843e-11
"YGR087C",16.9444215967297,1.94769499520445,0.253348238911552,7.24990652608672,4.17059355542089e-13,2.15387096020823e-11
"YPR010C",329.143106588293,-1.10059708184019,0.152025716953977,-7.23725208919872,4.57866633969054e-13,2.34209684861694e-11
"YBR068C",608.64654413045,-0.738583827884774,0.102162511712925,-7.22905131944935,4.86379624621671e-13,2.46447638098396e-11
"YDR461W",88.9371699870925,-1.07553463361106,0.148753861125744,-7.22033069543911,5.18613009191689e-13,2.60324343212015e-11
"YNL112W",646.275317378986,-1.34557817516472,0.187580067612349,-7.17212655150531,7.38416327449996e-13,3.6722537914203e-11
"YMR280C",90.9789518326763,1.10291444924487,0.153916952594143,7.14916683739018,8.73061683806849e-13,4.30203147130879e-11
"YOR227W",241.749703562246,0.942379432594943,0.131993944774058,7.13517171346215,9.66664068431203e-13,4.71995701049454e-11
"YOR212W",205.703224836584,-0.747191062912076,0.104762133386417,-7.13051700998313,9.99926169912961e-13,4.8383814942365e-11
"YFL026W",299.582327803407,-0.879914450123737,0.123570394700025,-7.1187641266106,1.08899087491289e-12,5.22229463317603e-11
"YPR015C",24.5877566373116,1.59882114933449,0.21952692892256,7.10868922774133,1.17150198898538e-12,5.56826299366413e-11
"YCL025C",233.664462932704,-1.6326200825744,0.230304450791307,-7.08740499966262,1.36650043998191e-12,6.43813496766918e-11
"YMR056C",72.3978949543418,1.62031640018321,0.229737536683604,7.01681724120846,2.26979187068061e-12,1.06009149021092e-10
"YKL009W",156.802732430388,-1.32587976254443,0.18902950835327,-7.00597773725634,2.45266916047404e-12,1.1356281086988e-10
"YPR064W",11.3283402648463,2.24710508268847,0.276870256806419,6.99939038189996,2.57078626614065e-12,1.18014470388388e-10
"YCR057C",97.9369948761093,-1.46079802728999,0.208546579553965,-6.9893452674325,2.76172010826128e-12,1.25705073741283e-10
"YLL052C",10.1693129589468,-2.16273553193859,0.275533169565665,-6.98282269015019,2.89307456053881e-12,1.30577340039109e-10
"YHR052W",75.5254670053062,-1.5192945524485,0.217178752207501,-6.97198522427347,3.12499382408293e-12,1.39869515242912e-10
"YLR346C",12.0160810124468,-2.02158015222488,0.269920317406021,-6.94950999095283,3.66557164706185e-12,1.6270896955677e-10
"YDR345C",4211.89325541727,-1.22243765767425,0.176347495360282,-6.93218459289021,4.14390728900616e-12,1.82433820075837e-10
"YJL200C",86.2881255273537,-1.25582861698742,0.180950251053369,-6.92523374507087,4.35256239060014e-12,1.90061891056206e-10
"YJR148W",270.129943720646,-1.21982292893519,0.176875787315119,-6.89431227450073,5.41260089904197e-12,2.34444188941568e-10
"YPR160W",319.816103537898,-1.73771379251798,0.253902350458865,-6.85152131534235,7.30687083817828e-12,3.13961626174844e-10
"YML035C",132.306099264201,-0.773998810281502,0.113175512029939,-6.83637905404736,8.12198663678501e-12,3.43682257391805e-10
"YOR340C",72.2536546152171,-1.24605210772612,0.181751901997684,-6.8362987218433,8.12654006493376e-12,3.43682257391805e-10
"YPL222W",57.5559401234217,1.12104900093887,0.163386292950007,6.8325413077254,8.34233728459655e-12,3.50052293402875e-10
"YMR015C",78.591267110222,-1.28107362144896,0.187164525764829,-6.8298767258148,8.49876313852874e-12,3.53851603232852e-10
"YPL061W",2096.24996882342,-1.34152237602461,0.197218609445347,-6.80274272476951,1.02645866357344e-11,4.24085344773303e-10
"YLR276C",160.274383078773,-1.13813809975689,0.16783471691257,-6.77458347753701,1.24765179635472e-11,5.11537236505436e-10
"YDL014W",897.589633748889,-0.872117362279437,0.129571921437034,-6.73034553639468,1.69260647647585e-11,6.83533036477577e-10
"YER053C",221.950260572966,-1.25175024155825,0.185912728530696,-6.73055748947489,1.69014252680258e-11,6.83533036477577e-10
"YMR173W",43.8601664963069,-1.32206158221698,0.195909206236123,-6.71708475684476,1.85396143470149e-11,7.43106482521021e-10
"YOR328W",69.9298692837143,1.02208993981774,0.151880959017221,6.71144290099783,1.92709202955579e-11,7.66697132647714e-10
"YBR142W",57.9976404101266,-1.27838020371426,0.191086693426017,-6.66365816921392,2.67094299606324e-11,1.05482609057762e-09
"YOR092W",75.0808056026476,-1.06608532376009,0.159959618507737,-6.65358586947153,2.86036802357011e-11,1.12138953683175e-09
"YOR095C",108.727350071203,-1.18141858173221,0.177567568382458,-6.64390583591797,3.05477776727596e-11,1.18892836145211e-09
"YPL245W",85.2829331179864,-1.00044432571251,0.150445397870704,-6.64197053620322,3.09516847431616e-11,1.1959820054354e-09
"YHL035C",125.428768685179,-0.779274154720854,0.118224316346625,-6.58842615403885,4.4451324346658e-11,1.70534330761357e-09
"YGL255W",141.142554080381,-1.41859198006823,0.215265121616338,-6.58471995767534,4.55743567648529e-11,1.73602744811365e-09
"YCR072C",25.3809066089566,-1.65113194436168,0.246997059495448,-6.57728914988579,4.7910253664196e-11,1.81215473542533e-09
"YDR089W",59.980294217701,-1.34264722346509,0.203776511727288,-6.56907877222828,5.06274980109952e-11,1.90154050221717e-09
"YBL044W",11.7309337331639,2.20204412772142,0.2929729257037,6.55273103865892,5.64942156638967e-11,2.10715578007493e-09
"YHR066W",34.691810641204,-1.55006325846655,0.234217859639886,-6.54947555793604,5.77394898483151e-11,2.13875034465725e-09
"YHR110W",123.425685882576,0.795158759593191,0.1218639948212,6.51887577844683,7.08362852478405e-11,2.60590197305583e-09
"YGR159C",635.672344799609,-1.27820730967808,0.196153289471928,-6.51599701024202,7.22084131186647e-11,2.63830875415203e-09
"YOL052C-A",36.02172084374,-1.65194027673805,0.251548572384432,-6.51302397681761,7.36527481751835e-11,2.65551485027147e-09
"YOR100C",15.640662361792,1.80566959571919,0.264426789430282,6.51299255178283,7.36681647161513e-11,2.65551485027147e-09
"YHL048W",62.3594936827497,1.00830049651085,0.154396107803969,6.50667475389768,7.68325123543323e-11,2.75111615903412e-09
"YGR067C",34.5094476234859,1.57721576035356,0.24040025391094,6.47712570908708,9.34863049275696e-11,3.3252645282515e-09
"YGR153W",22.3736704279653,1.46042449935731,0.220913990390366,6.46876637753693,9.88062170701881e-11,3.49136968344724e-09
"YDR101C",62.5233657103589,-1.38973221170981,0.214625047016961,-6.4505413615141,1.11451309122841e-10,3.91245085816194e-09
"YGR281W",190.236699738692,-0.722818151384313,0.11207973027008,-6.4478488375,1.13448830457091e-10,3.95671213237037e-09
"YKL078W",22.5496255360617,-1.74656106508909,0.266251591103721,-6.43292570520529,1.25170842773716e-10,4.33737159056535e-09
"YLR080W",42.524334304745,1.16887673706748,0.181540648981864,6.39976164053017,1.55619698023697e-10,5.35790639798255e-09
"YCR024C-A",213.019248139698,-1.14419579791274,0.17875065543036,-6.39719109639081,1.5826121447527e-10,5.41414638819538e-09
"YDR496C",98.1208798885468,-1.30384848005773,0.203534134522953,-6.39103848974479,1.64762898577038e-10,5.56566998903943e-09
"YMR120C",258.763143828601,-1.66533557682,0.260985437955399,-6.39144514820277,1.64325229790967e-10,5.56566998903943e-09
"YGL171W",37.9636868237738,-1.49921038502847,0.232989041416021,-6.38694525057055,1.6923219213111e-10,5.68091314960121e-09
"YOL155C",288.785785383955,-1.55371673447988,0.243630659920356,-6.37716449681564,1.8039667079133e-10,6.01807775664741e-09
"YHR197W",48.7194112448126,-1.47556673466702,0.230310637301473,-6.37184428932488,1.86768460587553e-10,6.19218149268979e-09
"YDR361C",75.4874656396888,-1.14498950621077,0.179435505519074,-6.36957987750687,1.89546684266544e-10,6.24573767604668e-09
"YDL022W",541.862199789823,-1.0458856866291,0.164612645871421,-6.35322861148712,2.10842007017648e-10,6.90507572982798e-09
"YDL227C",16.828147067057,-1.65020295568988,0.253275410167498,-6.34889639975432,2.16865010029824e-10,7.0592846598193e-09
"YPL232W",395.071958261782,0.746507853884526,0.1179715628964,6.32630656133287,2.51098725470555e-10,8.12440514760451e-09
"YOR383C",3842.38333365719,1.06667488341472,0.16873307457075,6.32165672388148,2.58773738306189e-10,8.32259729606311e-09
"YLR417W",104.843437776141,0.793298971310572,0.125598086342657,6.30807041929526,2.8253566978054e-10,9.03273263328142e-09
"YIL011W",56.9077254062155,-1.28846916651564,0.204529924619793,-6.27665556994434,3.45933241699287e-10,1.09294555362757e-08
"YLL060C",70.1125181532126,1.11296006744619,0.176799602315145,6.27687022348228,3.45456190603539e-10,1.09294555362757e-08
"YGR096W",50.9448607847957,1.10799981601068,0.175931010424883,6.27199936200658,3.56441042736924e-10,1.11955838628071e-08
"YBR267W",28.0672208645444,-1.41485369683261,0.223469610982464,-6.2668984872731,3.68310080542633e-10,1.1501124666247e-08
"YBL039C",107.864918273181,-1.32431448218744,0.212065520907632,-6.23476833520906,4.52447153219643e-10,1.40467841615185e-08
"YGR157W",173.680803038454,-0.898105488597938,0.144062673956807,-6.23239330457871,4.59362401003887e-10,1.41795141137464e-08
"YJR070C",251.253734765612,-1.09419683652697,0.175570384941141,-6.2287025427951,4.70313777076416e-10,1.44346016952996e-08
"YJL016W",73.2808440969861,-0.983399201186255,0.157867841054241,-6.22047927465997,4.95638536637874e-10,1.50994463395307e-08
"YLR399C",207.167940375734,-0.629323539617526,0.101170884056684,-6.21986002731593,4.97598585383901e-10,1.50994463395307e-08
"YKR039W",135.189814625905,1.45598106513968,0.234337906189973,6.20536831256978,5.45689492670758e-10,1.64657205906441e-08
"YHR170W",222.191978753833,-0.869363407237138,0.141033989422919,-6.16186325643753,7.18939235715406e-10,2.15721934917734e-08
"YKL037W",30.4626217713185,1.39204228091603,0.223678795171794,6.15667955583907,7.42859426713204e-10,2.2166099893759e-08
"YBR034C",174.438799586682,-1.28478192012187,0.209403642436282,-6.1315289273804,8.70385046433713e-10,2.5827834720417e-08
"YMR215W",186.579998077071,-0.638482257870007,0.104161149416374,-6.12837599758549,8.87805816084238e-10,2.62000276823541e-08
"YLR350W",690.315961527991,0.959395439365139,0.156653307485883,6.12325214399927,9.16844307329698e-10,2.69091299162175e-08
"YHR089C",458.703600368536,-0.802807069108082,0.131187913621041,-6.11874751403938,9.43137014597742e-10,2.75303744858939e-08
"YMR042W",63.6637255194166,1.14436945439626,0.186416800139816,6.11429419367375,9.69852432871829e-10,2.81571752267816e-08
"YDR019C",75.7588439756024,-1.61726619135671,0.265133659850416,-6.09688155796302,1.08157595064484e-09,3.12319593059863e-08
"YOL020W",156.29621777048,-0.905694931862703,0.148869340607428,-6.08199123984424,1.18699055356064e-09,3.40926538137657e-08
"YGR123C",63.0901940857027,-1.28269210641765,0.210668813831933,-6.07184711870991,1.26447285271458e-09,3.61249132549468e-08
"YML075C",215.014472153107,-0.767978130960847,0.126610712279306,-6.06423123177959,1.32586290380616e-09,3.76783579700681e-08
"YGR128C",55.5435556167408,-1.2838364283147,0.210929063041322,-6.06102702457365,1.35255102334472e-09,3.82344818230763e-08
"YLR003C",29.5836911869878,-1.46986007606415,0.240527611709479,-6.04897384839557,1.45771317050998e-09,4.09915049152309e-08
"YDR259C",31.6764005725492,1.25379642855606,0.205334296792913,6.04621992440861,1.48283654015132e-09,4.14808075893373e-08
"YPL226W",482.730115721199,-0.984364155383154,0.16288446014143,-6.04262240805001,1.51629229236293e-09,4.21969217734784e-08
"YPR075C",258.205265341179,0.900896709971202,0.149411269455485,6.02707772176295,1.66950730931112e-09,4.62212564861342e-08
"YDL241W",36.7464354025262,-1.27330626567829,0.210568151918238,-6.01506086602792,1.79819123070195e-09,4.95286415389752e-08
"YMR131C",198.437624626416,-0.884044640080657,0.147000899373364,-6.01103506585833,1.84342522977513e-09,5.0515494434297e-08
"YNL132W",104.887657190303,-1.25619133425018,0.20935774873255,-5.99134827927374,2.0810842074795e-09,5.67385953216871e-08
"YDR343C",62.594176964853,-1.484418727303,0.247182797571944,-5.98698688459328,2.13764012537945e-09,5.798618744148e-08
"YER055C",467.985566336012,-0.82729744583027,0.138919579048195,-5.95512601536876,2.59871512683285e-09,7.01391906845189e-08
"YDL214C",17.7924215926601,1.45920466002981,0.23945479558947,5.94461645916998,2.77104902838046e-09,7.44165216571573e-08
"YKL182W",1017.28891252669,-1.12122038044013,0.18887780467524,-5.9361751932832,2.91748046070919e-09,7.79591420620351e-08
"YPL062W",8.0340250382066,2.11448303137244,0.294531593889592,5.93343161554734,2.96667596802299e-09,7.88812704170864e-08
"YGL078C",193.80698925212,-1.07998257437243,0.18244483512748,-5.91551712805674,3.30834477428004e-09,8.75326097667886e-08
"YOL010W",31.5994760988109,-1.48823351615469,0.250128022803391,-5.89628136881432,3.7178480049388e-09,9.78851060515995e-08
"YER131W",1144.96221421842,-0.59944787212204,0.101781527136966,-5.88943488543631,3.87518453969939e-09,1.01529834940124e-07
"YDR092W",153.835796142429,0.691114329170151,0.117319523639748,5.88737860017755,3.92369185002678e-09,1.02301693817931e-07
"YDR120C",85.8044086121116,-1.05770180434795,0.179410605112625,-5.88642736329491,3.94633076292891e-09,1.02394891438122e-07
"YGR155W",700.758556478117,-1.02116727241451,0.173731416860031,-5.87753687691373,4.16415969933871e-09,1.0752741223629e-07
"YML008C",550.503187229629,-0.623323780434768,0.106193243324163,-5.86964073159367,4.3674049730323e-09,1.12236038804576e-07
"YKL096W",413.233163892817,-1.2444944108684,0.212452363437031,-5.85768245088799,4.69371036760647e-09,1.20047230401973e-07
"YPR009W",57.4544017111818,-1.10349670831874,0.18814549848603,-5.85178112749902,4.86336371793018e-09,1.23796808194327e-07
"YFL054C",147.364559540615,1.23022468743164,0.210274411040945,5.8433321125709,5.11668633941298e-09,1.29630765702769e-07
"YPL126W",122.634263145237,-1.211216849338,0.207305544989061,-5.83618631431819,5.34091707788812e-09,1.34676364438202e-07
"YNL182C",58.4619527404314,-1.17638624234004,0.201116168757152,-5.83339882944684,5.43095425946399e-09,1.36306800596173e-07
"YMR081C",62.9782594836911,-1.26537014733377,0.216999538928613,-5.81732622844599,5.97963715957537e-09,1.4937967992595e-07
"YML122C",8.91711187105664,1.79196001151038,0.280172530931749,5.80569302807503,6.4100308340104e-09,1.59390164858657e-07
"YLR058C",459.355025996631,-1.42446671071072,0.246152417197404,-5.7915711132341,6.97310223765509e-09,1.72592313909887e-07
"YCL036W",15.6920762599133,-1.43681993951615,0.244116487654595,-5.76567908701972,8.1329686848744e-09,2.00376948653488e-07
"YIL119C",47.8036456454052,-1.47325814932813,0.25493110175947,-5.74642713246223,9.11488839176806e-09,2.23543678320485e-07
"YJL082W",240.08336023849,-0.794707843414877,0.138450941736564,-5.73839979444045,9.55752852963347e-09,2.33334026057552e-07
"YGR173W",60.0146976858769,-0.966042474693872,0.168145807321111,-5.73482151025159,9.7615089535494e-09,2.37235586377891e-07
"YKR024C",27.0848079569017,-1.39561503824171,0.241880821236608,-5.71820645345625,1.07654296194123e-08,2.6045550669308e-07
"YGR108W",54.921052412702,-1.15580861285784,0.20204533015086,-5.70577610858481,1.15814150849605e-08,2.7894071937813e-07
"YDR481C",328.720819324938,-0.757782747592148,0.133109521047918,-5.6926906489927,1.25052839891195e-08,2.99847679935539e-07
"YOR344C",82.6845369812951,-1.26901227407293,0.223431311969561,-5.66657378208418,1.4568111634222e-08,3.47757011499584e-07
"YHR216W",225.690796679033,-1.18229889792633,0.208746817812253,-5.66248216915665,1.49198884142518e-08,3.54578410057284e-07
"YKL161C",51.004543037974,1.00163599479142,0.176240049992029,5.66153156343409,1.50027903889286e-08,3.54977917087822e-07
"YLL008W",115.959141498986,-1.25659095776025,0.221742346619289,-5.65714308209604,1.53913447737831e-08,3.625741788596e-07
"YJR078W",20.5236735183622,1.56629031991982,0.271601329581096,5.65374426366163,1.56989741336368e-08,3.68206070182372e-07
"YDR165W",68.1173744784329,-1.0520714794732,0.185877398753886,-5.64910198606897,1.61288152757588e-08,3.76642899330872e-07
"YDR277C",201.297108354626,-1.23307601049374,0.218562106836092,-5.63775487629252,1.72281503654721e-08,3.98846532814442e-07
"YOL143C",419.960457804372,-0.73308322821127,0.130013198376065,-5.6383449123953,1.71692351094626e-08,3.98846532814442e-07
"YJL077C",40.4443098314714,1.41365971492505,0.249460504724285,5.63293234343638,1.77170976920281e-08,4.07907803164257e-07
"YLR327C",361.989039834983,-1.45380451607451,0.258437945133954,-5.63240432344937,1.77714440402972e-08,4.07907803164257e-07
"YNL119W",33.1387452262698,-1.19953035057507,0.211900276395134,-5.62982703692828,1.80390426656455e-08,4.12288077264604e-07
"YKL163W",37.1281403808954,-1.39672994250313,0.246759735544954,-5.62753488415784,1.82803202260384e-08,4.16032203110391e-07
"YBR247C",35.2260457752708,-1.21493463989589,0.215057287346231,-5.61984203841123,1.91132129236006e-08,4.33152179800249e-07
"YDR059C",73.7019015371237,1.29330972305498,0.229519377928427,5.61755587720747,1.93677550206244e-08,4.36615265941156e-07
"YDR091C",124.311810668898,-1.17390544135671,0.208797429137179,-5.61701365821807,1.94286070675733e-08,4.36615265941156e-07
"YIR039C",59.0639065945285,0.985857638869295,0.175257812719156,5.60982856419387,2.02527141147618e-08,4.53238864626606e-07
"YLR008C",47.4906383885322,-1.02922764469375,0.183224016042522,-5.6056836526508,2.07434536168877e-08,4.6229497666516e-07
"YJL050W",157.039206460832,-1.13402393751164,0.202305884462763,-5.60173635367807,2.12215167790751e-08,4.70994903390134e-07
"YDR018C",19.0827852831024,1.42170440727952,0.248627396306188,5.59608067841559,2.1925170356456e-08,4.8460942380463e-07
"YHL021C",279.863758634475,-1.22516729659647,0.218946822431206,-5.59491327646709,2.20732075745894e-08,4.85881958537377e-07
"YLR002C",63.0712446189146,-1.14250888873813,0.204116516917277,-5.58328565325023,2.36016614818343e-08,5.1740621966911e-07
"YER070W",126.346947938353,-0.90145117364537,0.161471363501056,-5.58052622461973,2.39791992973295e-08,5.23545851325027e-07
"YBR085W",29.8176076180588,-1.13142207639912,0.201726600060121,-5.57913535535269,2.41717096658067e-08,5.25612358765376e-07
"YPL198W",60.8156784862384,-0.997227378389677,0.178572016459427,-5.57500016290437,2.47529634146967e-08,5.36081316533612e-07
"YPR110C",188.266536745336,-0.85931904092214,0.154150141615406,-5.57222186866667,2.51510826043966e-08,5.42515922362305e-07
"YDR452W",362.053436671294,0.665013607513854,0.11985747684744,5.54706200748494,2.90509736647026e-08,6.2413111821247e-07
"YIR028W",21.601091247012,1.33907267124615,0.237838223391124,5.53437289256403,3.12343840464613e-08,6.6836604268344e-07
"YKR080W",178.002769895742,-1.53068424753722,0.278051940011552,-5.52439359228588,3.30625538737514e-08,7.0467847958698e-07
"YBR238C",60.866586871254,-1.34858459211496,0.243656043785736,-5.51585245083667,3.47093379774695e-08,7.36853178960429e-07
"YML093W",152.182192156496,-1.06908685353334,0.193675592129664,-5.51491923896643,3.4894015655345e-08,7.37857315294717e-07
"YJL170C",22.484916382092,1.17811091307012,0.211002731311158,5.50774343301129,3.63462608430796e-08,7.6555202740463e-07
"YHR085W",24.3204225124331,-1.22688245640695,0.221377562096526,-5.49920396563957,3.81509627894131e-08,7.97310588100925e-07
"YJL010C",61.6059554908223,-1.03394166977606,0.187598774227991,-5.49983070392877,3.8015607475198e-08,7.97310588100925e-07
"YOL123W",426.026152912727,-0.711187381093638,0.129345003217,-5.49764357932707,3.84899894963758e-08,8.01278037151295e-07
"YMR128W",93.0568262455009,-1.00871991767732,0.183391086174949,-5.49315989052872,3.94805044161472e-08,8.18725054900104e-07
"YCR024C-B",502.499746425493,-0.979360732915089,0.178355840922622,-5.49041081233317,4.00999941611355e-08,8.28373340920996e-07
"YJL069C",51.3665826900524,-1.21018409696878,0.21991732529231,-5.48468388864471,4.14209419973036e-08,8.52382679952174e-07
"YHL040C",72.1459237358462,-0.875609682533185,0.159825418066305,-5.47358953639538,4.41009898500227e-08,9.04070291925466e-07
"YGR158C",55.6830935091357,-1.01238552920054,0.18500133171761,-5.46164420360195,4.71744822773317e-08,9.63399788256839e-07
"YGR110W",22.8706507405004,1.31341777146045,0.2370403880595,5.45975527500998,4.76791335962291e-08,9.70017524792979e-07
"YEL071W",526.401611985029,0.846027568486106,0.155334092528212,5.44561541406418,5.16265750623328e-08,1.04636352701807e-06
"YEL055C",131.082356114617,-0.825244689446743,0.152173811760224,-5.42048783497906,5.94366172008076e-08,1.20012808641179e-06
"YDR060W",161.932336173872,-1.06830646947656,0.197061964980852,-5.41647844448507,6.07843148159589e-08,1.2227436512229e-06
"YFL004W",195.001773836142,-0.80076413549293,0.148176051661094,-5.40312453036989,6.54899590365965e-08,1.31248720143866e-06
"YNL175C",79.167479012504,-1.06255010258479,0.196776164927634,-5.39400297257182,6.89050771709826e-08,1.37579616909051e-06
"YGR050C",26.0095979170612,1.1764765053308,0.216798440913081,5.37281586842553,7.75164754003467e-08,1.54200366435282e-06
"YIL094C",301.778373640874,-0.984480882673595,0.183516832087889,-5.36401714085084,8.1391175152689e-08,1.61310701750957e-06
"YIR027C",11.1324818746534,1.48571106321846,0.265971143765511,5.34599462531704,8.9921876410043e-08,1.77562646396449e-06
"YER025W",438.609859256578,-0.607592406907296,0.113710099904836,-5.34297971448257,9.14309988944993e-08,1.79224779219838e-06
"YOR004W",47.6785990247068,-1.30502123441139,0.243143495940141,-5.34333877776323,9.12499906407955e-08,1.79224779219838e-06
"YPL075W",128.800973539354,-0.735554013002382,0.137713451202618,-5.33804542609368,9.39539223571526e-08,1.83500551629188e-06
"YER110C",290.060839195154,-0.867429231951166,0.162639163054057,-5.33216200262007,9.70502965418315e-08,1.88861283596441e-06
"YBR070C",59.1591346785318,1.19840670378024,0.22450137286773,5.32158062999468,1.02869498082672e-07,1.99462842672213e-06
"YLR432W",423.393929206724,-0.714705268943711,0.13438907580502,-5.31798341915407,1.04923627893733e-07,2.02713958783181e-06
"YNR034W-A",57.3341663737832,-1.35723794062344,0.256064114712248,-5.29278067753483,1.20470368206367e-07,2.31916253633118e-06
"YOL136C",126.197229433214,-1.24452471704316,0.235441455685228,-5.27842880185177,1.30296273460595e-07,2.49936173127449e-06
"YLR222C",74.0684508775734,-1.04715750999776,0.198367883620667,-5.27097933802751,1.35697746883603e-07,2.59371031498873e-06
"YMR217W",541.67832112273,-0.751819467994749,0.14281276657531,-5.26402869376992,1.40932439472701e-07,2.68421323548892e-06
"YNR050C",239.189618793094,-1.03916855374092,0.197457681063415,-5.26201979139738,1.42481424810048e-07,2.70412626379777e-06
"YBR077C",86.714720886995,0.922260427872244,0.175397629702542,5.25117778583683,1.51129720072816e-07,2.84813237372313e-06
"YGR162W",372.970775182982,-0.751024232078726,0.142977148565138,-5.25176308623703,1.50650157714518e-07,2.84813237372313e-06
"YOR114W",19.8523992398718,1.24020094559708,0.232282067311056,5.24790427058747,1.53839195283794e-07,2.88905705548692e-06
"YLR112W",24.7623205641042,1.29787845657603,0.245664638520042,5.23556588126532,1.64480140546551e-07,3.06858747856945e-06
"YNL062C",37.5076166527024,-1.06450197054288,0.20260780970216,-5.23549683058268,1.64541648450568e-07,3.06858747856945e-06
"YBL084C",71.8230032162277,0.754955227039424,0.144123162598236,5.22864862698721,1.70753534689972e-07,3.1734160374389e-06
"YIL047C",101.100677196451,-1.08220609090427,0.207239900978281,-5.21868031834923,1.80202485406127e-07,3.33747430729762e-06
"YFR053C",1042.00161211188,-1.31906294822427,0.25342001539735,-5.21045013871334,1.88383005302475e-07,3.47699354460341e-06
"YHR065C",67.7382385927742,-0.991541046080691,0.190291132437383,-5.20274361235596,1.96367694435195e-07,3.61195509181996e-06
"YMR105C",592.19481096926,-1.24149032886444,0.238814504405118,-5.20088601140144,1.98340723837543e-07,3.63579531648957e-06
"YJR025C",126.089340835386,1.02581201747438,0.197416759149408,5.18999531960839,2.10299366614055e-07,3.82887423079353e-06
"YNL217W",204.900008882743,-0.939048689727906,0.180840012489998,-5.19045144338371,2.0978482611628e-07,3.82887423079353e-06
"YBR143C",439.814209829283,-0.636811029279849,0.122725865914027,-5.18825874144594,2.12269535754906e-07,3.85168809641756e-06
"YEL066W",52.8302655992915,1.21384628958177,0.233400754912943,5.18343474472341,2.17836466507667e-07,3.9393928000427e-06
"YAL015C",80.2803579330788,0.751191557655014,0.145242250648515,5.16551718686219,2.39774993594272e-07,4.32158218320415e-06
"YDR384C",95.8116063565656,-0.956552538447129,0.185110761563835,-5.16452719252866,2.41047434570561e-07,4.32998585644978e-06
"YOL084W",18.2462911499845,1.18941747114396,0.227240663909236,5.15266142932793,2.56815378702685e-07,4.5978513300404e-06
"YBR162W-A",142.397961118608,0.740132038799323,0.144101201216686,5.13242986242976,2.86025327829972e-07,5.08689415819464e-06
"YJL122W",61.7327679439207,-1.04482682527875,0.20314793305014,-5.13246961090642,2.85964910826808e-07,5.08689415819464e-06
"YGR008C",425.786531856178,-1.07778360447076,0.210371527102036,-5.12353300189443,2.99863132479905e-07,5.31539565857943e-06
"YOL152W",20.0875084955389,-1.12669614153136,0.218531979025678,-5.11205020484509,3.18681100547661e-07,5.6303822073733e-06
"YMR014W",81.9340861662617,-1.07443897249849,0.210212204021855,-5.10227185144854,3.35600203840289e-07,5.90986457320063e-06
"YIL024C",29.7697202975435,0.969700532906133,0.188893483491696,5.09597689056351,3.46947452011156e-07,6.08972145343763e-06
"YER126C",109.416208133998,-0.955112974056582,0.187397361881618,-5.09296173252491,3.52512870159249e-07,6.16725285219975e-06
"YKR069W",73.3279566215798,0.953266712613544,0.187211160752388,5.08437966490475,3.68829514742658e-07,6.43176403793122e-06
"YMR011W",4176.90213625914,-0.904036054729592,0.178013433059201,-5.07859022883068,3.80245837219117e-07,6.6093863809187e-06
"YOL124C",45.7103405264176,-1.11660669122755,0.219305141121755,-5.07526896332056,3.86948262336234e-07,6.70419070002553e-06
"YDR111C",119.447873361227,0.745855666554748,0.147140978693311,5.06306097472374,4.12577821956463e-07,7.12525878369184e-06
"YJR048W",23.6739989429398,-1.05835664078037,0.208114639514038,-5.05827506088803,4.23065901024781e-07,7.28297100770545e-06
"YMR266W",227.938669143945,-0.522648006960995,0.103580925567977,-5.04520547220572,4.53034253574732e-07,7.77395199983989e-06
"YGR245C",206.764307691816,-0.902361188190734,0.179046721672773,-5.03752699831639,4.7158505960485e-07,8.04089954011953e-06
"YOR003W",57.1784005853272,0.77552756784306,0.153608919544736,5.03758788767505,4.71435112119068e-07,8.04089954011953e-06
"YFR027W",34.0812072289229,1.01401410535114,0.200224103750638,5.03198379344378,4.8543031026083e-07,8.2507791025662e-06
"YLR332W",269.214386419397,0.706076592463914,0.140639874675424,5.01913346063672,5.19050811805717e-07,8.7943908839385e-06
"YMR049C",84.3395662295168,-1.04991862936134,0.209410367229645,-5.00654882257283,5.54146108841262e-07,9.35949292637238e-06
"YDR274C",36.1725850234799,-1.04615909415711,0.208518964192064,-4.99879871570917,5.76885837306444e-07,9.71302141746994e-06
"YIR007W",89.8354632387649,0.712655623238708,0.142511409086609,4.99548218549772,5.86889416711066e-07,9.8505720536098e-06
"YLR213C",42.3487606246044,0.94117483809621,0.187704883845197,4.9921949484081,5.96969540958153e-07,9.9885464314213e-06
"YKL125W",41.4881066340255,-0.963141969267598,0.192856673243229,-4.98128862961159,6.31622495342194e-07,1.05355416847296e-05
"YPR167C",91.6662895981889,1.13690750518988,0.228207287375178,4.97703714616297,6.45649348293998e-07,1.07361691940776e-05
"YNL255C",525.534085249394,-0.504433665392942,0.10146585964409,-4.97136442101132,6.64833489345033e-07,1.10210514545437e-05
"YOL083W",31.4497860575155,0.958873816344961,0.191840767039178,4.97020681177518,6.68815243967442e-07,1.10529436164589e-05
"YDR072C",291.302217838563,-0.599117077016251,0.120553277911,-4.96903082246787,6.7288374540335e-07,1.10860693146055e-05
"YLR175W",645.25002643296,-0.857880003514,0.172961159524194,-4.95975428174758,7.05824017658743e-07,1.15932134521257e-05
"YBR158W",223.948800831438,-0.689076488739461,0.139249301532816,-4.94696407954609,7.53798797955708e-07,1.23434553165247e-05
"YJL212C",103.947161318583,-0.712618560263675,0.144870113287065,-4.91804575014094,8.74124856280537e-07,1.4270287547364e-05
"YDR161W",93.7140904702569,-0.865691654743671,0.175932073597447,-4.91642241534551,8.81401056566875e-07,1.43454699236991e-05
"YIL009W",74.848907212216,-0.851650982775055,0.173199923762258,-4.91303290337514,8.96782199219228e-07,1.45517135710165e-05
"YAL038W",2999.96843914555,-0.967331245870477,0.197067528393843,-4.90894446324542,9.15679023742455e-07,1.4813590471448e-05
"YKR076W",112.035070067393,1.08522406974991,0.221338238037384,4.9013589719752,9.51759618691734e-07,1.53510537897697e-05
"YNL040W",34.4148553465126,-0.974121381313571,0.198200463895163,-4.90040721932464,9.56382149812508e-07,1.5379426726476e-05
"YDL169C",50.0490951515793,1.19477604751571,0.243229656482478,4.89689047171664,9.7365070774617e-07,1.56103819441931e-05
"YPL012W",109.755404365725,-1.22890537375198,0.250955657743635,-4.8930425654741,9.92889216384811e-07,1.58714523250084e-05
"YCR010C",21.6673279507533,1.13606526820816,0.229662372693549,4.89156689645182,1.00036381153529e-06,1.59434837737568e-05
"YOR101W",111.468772364839,-0.779748559680124,0.159353929456641,-4.88962375575767,1.0102889131777e-06,1.60540288540753e-05
"YDR324C",53.3380219877183,-1.12488854400897,0.229380210051115,-4.88824772137216,1.01737462553773e-06,1.61189354388293e-05
"YPR041W",430.576011563891,-0.638262324214969,0.130679675042809,-4.88357943495516,1.0417715309629e-06,1.64569261552993e-05
"YLR070C",44.8944971113461,0.928401212382596,0.189972709142113,4.86970674083099,1.11763994397797e-06,1.76036485017762e-05
"YBL040C",141.486112526459,0.529571624997882,0.109049477924592,4.85428796042191,1.20820066755904e-06,1.89744028814608e-05
"YJR147W",71.9868499598052,-0.879551012005162,0.181086356385577,-4.85065912032252,1.23051869844363e-06,1.92685595607602e-05
"YGR161W-C",88.5125860617342,0.90509172493746,0.186475303735856,4.84904852365845,1.24055075178797e-06,1.93691804879453e-05
"YFR030W",110.575838460292,0.791397228497352,0.16326391375601,4.84324590565184,1.27735040911282e-06,1.98859392676665e-05
"YBR079C",540.011012263967,-0.70402449493335,0.145401882612519,-4.84153391757329,1.28840678464662e-06,1.9965965040531e-05
"YER010C",87.3564397432779,0.606630675828086,0.125174081054107,4.84129986151856,1.28992550159453e-06,1.9965965040531e-05
"YOL114C",22.8904749412429,1.14347459683068,0.233532357724514,4.83952110083501,1.30152372841062e-06,2.00875975439467e-05
"YPR061C",46.4773545151707,0.848862018645469,0.174867008789117,4.8373486809043,1.3158248681652e-06,2.02501299911612e-05
"YLR409C",93.8257489670903,-1.02495228484157,0.211801205936695,-4.83260901679377,1.34755276075779e-06,2.06791596515145e-05
"YOR243C",187.237401349672,-0.729113359327475,0.150876220956255,-4.8308277773608,1.35966577289135e-06,2.08055979094001e-05
"YHR007C",734.947938962944,-0.84999820987771,0.17655631269418,-4.81424907017839,1.47754431938533e-06,2.25451435778938e-05
"YDR213W",81.489528092571,-0.837783638300849,0.173917503485409,-4.81304556214711,1.48647382430006e-06,2.26171413889961e-05
"YKL014C",115.006629909222,-0.857249201666537,0.178001383483322,-4.81243882194321,1.49099522240834e-06,2.26218512416813e-05
"YER056C",313.104126048359,-1.12314045859323,0.233525280264585,-4.81078405622571,1.50339376398241e-06,2.27457124122522e-05
"YBR054W",42.3844086460481,-1.09679728709677,0.228003529321862,-4.80217677890443,1.56950035631458e-06,2.36791753195664e-05
"YDR087C",88.2571833254977,-0.894481139627572,0.18619676018843,-4.80099851597662,1.57876439199099e-06,2.3752222827405e-05
"YEL044W",200.240229152791,0.842442019628983,0.175477836805582,4.79867805317322,1.59716285300816e-06,2.39619041438739e-05
"YGR264C",339.601592595369,-0.736818365692944,0.153657474420948,-4.79473995091032,1.62885990723436e-06,2.43693776093475e-05
"YOR049C",54.6654776046219,-0.826729042869346,0.172301321214104,-4.79268617135611,1.64562941783945e-06,2.44838659368856e-05
"YPR190C",71.6692634606241,-0.744216220315335,0.15513604780598,-4.79319655912546,1.64144657354487e-06,2.44838659368856e-05
"YCR025C",14.4578150335539,1.42007926162042,0.290004343882179,4.78788476943798,1.68548373697023e-06,2.50075501416219e-05
"YBL028C",30.3394853345129,-1.24209411699649,0.257995219480901,-4.78695292498266,1.69332532224554e-06,2.50546840379636e-05
"YIL015W",65.6944279789615,-0.858571273889838,0.179158952445096,-4.78626932065599,1.69910022035521e-06,2.50710639657358e-05
"YER049W",148.920521822065,-0.765839892584133,0.160643668797634,-4.76546588662875,1.88417775144758e-06,2.77258046658218e-05
"YLR438W",67.5359787488859,-1.10432454064067,0.231638015172657,-4.76476889990846,1.89070221566648e-06,2.77457967222532e-05
"YOR294W",92.8034019799014,-0.940842809250359,0.197622348026987,-4.75592026904531,1.97544429917268e-06,2.89103850977015e-05
"YGR145W",110.957924841865,-0.814039168770944,0.171595231812345,-4.74010923472314,2.13603029912891e-06,3.11755943929928e-05
"YDR073W",131.744177678752,-0.641210352290581,0.135335842025333,-4.73746730959508,2.16405751876051e-06,3.14990594397363e-05
"YIL056W",178.750039715164,-0.99787627311109,0.210703989871015,-4.73284565796287,2.21393835794135e-06,3.21380078932514e-05
"YBR061C",33.0491405295046,-0.90668063479984,0.191034807922449,-4.73130794886287,2.23077806457275e-06,3.2208357486076e-05
"YBR154C",107.647106960556,-0.881804313272719,0.186219483371583,-4.73154202030144,2.22820679661864e-06,3.2208357486076e-05
"YLR414C",391.215560200781,0.86702744377343,0.183309507122605,4.72945522492293,2.25123095553846e-06,3.24165186654077e-05
"YGL169W",53.9373563705871,-0.942957877439357,0.199099573133761,-4.72800659815433,2.26734818911131e-06,3.25613024698311e-05
"YBL068W",73.5830558149691,-0.731289867154532,0.15536002896003,-4.70335762753611,2.55917573091179e-06,3.66542209352726e-05
"YNL186W",98.1647474172285,-0.97696174895706,0.20752383397957,-4.70192283046471,2.57722909205443e-06,3.68146208867668e-05
"YGL156W",74.9784209277251,0.928913815014577,0.197378882301832,4.69970443949248,2.60538286179636e-06,3.71180672432579e-05
"YHR080C",142.42804983272,0.717157811596794,0.15308598068291,4.68126129850959,2.85115248075525e-06,4.05120105135885e-05
"YLR356W",97.0695907304385,1.25493609769944,0.268249961088777,4.67724516958004,2.9075455530776e-06,4.12042933128754e-05
"YMR308C",267.585564907386,-0.577615838278193,0.123821622816331,-4.66411829037797,3.09943064493029e-06,4.38080052471594e-05
"YLL061W",107.401866474609,0.969896145826513,0.208012787221157,4.66074325425233,3.15069546369872e-06,4.44157095420625e-05
"YGR256W",20.6766194179975,1.00081441252696,0.212621924549654,4.65568959740727,3.22898102673825e-06,4.54001494623328e-05
"YDR506C",53.5056659863527,0.767714749931606,0.164645307889596,4.65348400484519,3.26372932006243e-06,4.57689038591523e-05
"YDR299W",32.2896982981833,-1.29673860888775,0.277634743682312,-4.64876294581265,3.33931725812756e-06,4.67069609203207e-05
"YML106W",381.981690274561,-0.574902408246257,0.12383249282635,-4.64253365410728,3.4416255838249e-06,4.8012911716165e-05
"YHR088W",44.745438510096,-1.02477840729575,0.220033057281227,-4.64179557011888,3.45394499143496e-06,4.80599444274537e-05
"YDR346C",397.197413717062,-0.471254154761324,0.101969511864985,-4.62112526019584,3.81664237041947e-06,5.29694733114289e-05
"YGR180C",662.917431934599,-0.654905260343694,0.142018158469286,-4.61143618269158,3.99896430928563e-06,5.53567971782812e-05
"YLR154C",57.0150184047114,0.903741490189407,0.195532297227378,4.61019401612187,4.02293350888173e-06,5.55454392704467e-05
"YNR075W",21.5978567692451,-1.06767295270232,0.230247833618013,-4.60574590333134,4.10989994261761e-06,5.66006989533312e-05
"YLR060W",513.17389316368,-0.518904497346646,0.112743216520401,-4.60251724153809,4.17414995753409e-06,5.73385151455642e-05
"YLL011W",41.2105211065453,-1.09000428749464,0.236276675040201,-4.5997134821683,4.23072430594263e-06,5.79673985898414e-05
"YKR079C",56.7815541786102,-0.912355789240949,0.198068652693511,-4.59824114746597,4.26072661142296e-06,5.82299303561138e-05
"YKR058W",200.122222875247,-0.805844598755871,0.175493112797394,-4.59085222080034,4.41439820531143e-06,6.01769867023546e-05
"YIR012W",144.621640061558,-0.741287324086454,0.162174311656535,-4.56994923809192,4.87842363731972e-06,6.633421102796e-05
"YDL085W",17.0390769064557,1.05714522210253,0.228435656203075,4.56637556086225,4.96229389268289e-06,6.71198551373867e-05
"YHR180W",30.4043352404967,0.98125399139417,0.213603304443952,4.56589434301372,4.97369248644198e-06,6.71198551373867e-05
"YIL117C",220.332566721783,0.686767447044062,0.150362987078091,4.56615401359906,4.96753856548929e-06,6.71198551373867e-05
"YGR189C",1138.11700595558,0.848300581352797,0.185993397143595,4.5606816488694,5.09878327902933e-06,6.8635501232247e-05
"YJL109C",123.326679753711,-1.07524647988775,0.235714652808763,-4.55995709849703,5.11640723745958e-06,6.87005581809885e-05
"YLR449W",336.663002978263,-0.653832874387921,0.143656917507012,-4.55078905779617,5.34451086592312e-06,7.15844585059179e-05
"YGR103W",347.36887256466,-0.849377726602578,0.186816101598895,-4.54578518870463,5.47308341096609e-06,7.31242064684051e-05
"YLR079W",183.981477017129,0.578484286309116,0.127296414180733,4.54232658770838,5.56367589135849e-06,7.41501320409094e-05
"YCR093W",190.316081316769,-0.493382657089181,0.108646214712328,-4.5403751089334,5.61542338436948e-06,7.46545519738823e-05
"YDL229W",600.406120312253,-1.08871294384498,0.240011096914566,-4.53786554763078,5.68264706866223e-06,7.53617219895922e-05
"YER156C",229.859678511538,-0.808497289575189,0.178279917462739,-4.53438519871101,5.77715133104317e-06,7.64263049237263e-05
"YMR307W",1549.09955882496,-0.583933283816558,0.128818086575345,-4.5330107896038,5.81488436306725e-06,7.67364715332535e-05
"YLL028W",74.9464046941642,-0.715013924080958,0.157850821464244,-4.5263649587709,6.00069140399084e-06,7.89943959089088e-05
"YDR194C",141.365543338101,-0.781786925775958,0.172794049717393,-4.52148839774139,6.1406326219392e-06,8.06389677565659e-05
"YLL062C",24.3280714116829,0.927692782229313,0.203737721213341,4.52094004981488,6.15656231935516e-06,8.06509663835526e-05
"YDL035C",143.195184767432,0.508349578259321,0.112453872012239,4.51849905312296,6.22795519281569e-06,8.12684615453663e-05
"YOL086W-A",51.9459973741954,0.81743540042158,0.180565896811751,4.5182949206894,6.23396130267937e-06,8.12684615453663e-05
"YGR244C",406.050903895789,0.735867516601108,0.163071710034048,4.51195545915846,6.42326787195281e-06,8.353358774881e-05
"YDL063C",27.2786075152513,-1.23458264352848,0.272404616123898,-4.50968234652149,6.49247680063885e-06,8.42296929860659e-05
"YOR272W",81.8554303503772,-0.875800301271426,0.194426650668008,-4.49950070606619,6.81132536314053e-06,8.81533217480187e-05
"YDR398W",138.129015330643,-0.829253557375325,0.184384577420941,-4.49496164040635,6.95824897222156e-06,8.98383539177932e-05
"YER127W",41.2163098541673,-0.993321863101538,0.22051034794798,-4.49088504064446,7.09278279906292e-06,9.13557228147889e-05
"YJL148W",92.3219422867518,-0.901584802688652,0.200612999676556,-4.48893450962834,7.15802972934129e-06,9.19013814161996e-05
"YMR041C",45.5602987011738,0.712419653692423,0.158320324901155,4.48859727351006,7.16936861169012e-06,9.19013814161996e-05
"YIR034C",96.542815666433,-0.834344472510927,0.18597055719284,-4.48523022067569,7.28352491465375e-06,9.31424102776316e-05
"YPL153C",37.8145032075348,0.853847853519646,0.189857293063963,4.4788642475099,7.50412353373567e-06,9.57355047498677e-05
"YLR056W",574.393641292598,-0.86332588853558,0.193021108716538,-4.47286918100883,7.71769962478127e-06,9.82269305324649e-05
"YDR037W",1025.12720005047,-0.554061639132081,0.124046141811233,-4.46661514044448,7.94669009504731e-06,0.000100723602746876
"YPR123C",10.1571725618153,-1.20243001974412,0.263628930119727,-4.46648913440997,7.95136986867906e-06,0.000100723602746876
"YPL086C",88.4467932782515,-0.986914745048321,0.221329934522039,-4.45552910349443,8.36865415230794e-06,0.000105760097534226
"YNL110C",75.6925275596976,-1.02957039758422,0.230878649542262,-4.45265206187363,8.4816133639348e-06,0.000106936022013366
"YCL030C",392.74580831524,-1.19161432586199,0.268177105281338,-4.45061321003244,8.56254402309101e-06,0.000107703568964922
"YMR195W",150.043061268338,-0.933842002443918,0.209998023452281,-4.44497488119311,8.79021371654805e-06,0.000110308966989672
"YPL188W",56.6797444390155,0.722361005235299,0.162300886818684,4.44229551000689,8.90042067867287e-06,0.000111431607144876
"YOR116C",166.636011549738,-0.681113815363574,0.153448152788211,-4.43796661192651,9.08127012977982e-06,0.000113431399690808
"YOR232W",175.111689287505,-0.503470746417056,0.113499146900866,-4.43552362544037,9.18487574074261e-06,0.000114459321585913
"YAL003W",1216.88503703065,-0.890591149868681,0.200916881957116,-4.43294460867927,9.2954753438891e-06,0.000115531565825701
"YLR244C",304.513296029198,-0.718645075071226,0.162120122613115,-4.4325169148138,9.31393930413866e-06,0.000115531565825701
"YPR145W",685.129627333815,-0.907132515399096,0.20471635179548,-4.43149382687661,9.35824927192315e-06,0.000115813725436634
"YLR326W",45.2710188779687,1.05712617839221,0.237868879796042,4.42326329283034,9.72211399395451e-06,0.00012004017071616
"YMR008C",238.439602712261,-0.99809833545588,0.226049716231276,-4.41633027058057,1.00390659991262e-05,0.000123559785110193
"YMR191W",89.0736208765777,0.74153745397137,0.167749363865681,4.41602643999141,1.00531793135644e-05,0.000123559785110193
"YER006W",193.979944593524,-0.848216196867576,0.192458226034358,-4.40603685714075,1.05279057341181e-05,0.000129099044972485
"YHL011C",173.352771893826,-0.718492514315525,0.163239613417549,-4.40125629376058,1.07625905816418e-05,0.000131676250601363
"YGR043C",31.2056077934085,0.82528383377149,0.18695864304346,4.39675152457912,1.09883011887408e-05,0.000134052870719015
"YKL108W",45.9197440739164,0.813777043594966,0.184483852346231,4.39638700895157,1.10067614945235e-05,0.000134052870719015
"YDL167C",56.5170882590027,-1.02759660528952,0.233560965030467,-4.39296665413636,1.11814283013434e-05,0.000135872062005691
"YER082C",75.6845832742537,-0.886545608926894,0.201744894460984,-4.38957294235011,1.13573478891738e-05,0.000137698229148426
"YIL042C",135.10731421939,0.783933557387417,0.178648337896599,4.38478576942829,1.16099979346637e-05,0.000140444366907835
"YLR197W",288.503390576022,-0.894204641624958,0.204127047517597,-4.37998002649482,1.1869018753272e-05,0.000143255055559155
"YHR030C",373.880018203226,-0.599016588348894,0.136776118917209,-4.37913008300764,1.19153994380568e-05,0.0001434923999592
"YDR260C",80.6034549126341,0.76615545841081,0.174858082832225,4.37701348402927,1.20316533704298e-05,0.00014456825559861
"YJL011C",14.7806226200037,-1.19433757848512,0.269756316114546,-4.37508428610923,1.21385566427617e-05,0.000145014777649142
"YNL123W",124.472454218605,-0.646780463878922,0.147793284548968,-4.37494216366005,1.21464678673646e-05,0.000145014777649142
"YOL163W",11.0011662105134,1.13466058719676,0.252838492172681,4.3748820816284,1.21498138041545e-05,0.000145014777649142
"YBR269C",95.0877668077197,0.745424841512358,0.17042342655685,4.36927465217193,1.24659903422142e-05,0.000148458612257279
"YLR348C",212.425042886425,0.857743503177798,0.196295569644442,4.3684584242017,1.25126631026141e-05,0.000148684764433939
"YGR044C",76.3542641112423,-0.843553322548585,0.193034605174614,-4.3673842135764,1.2574341752521e-05,0.000149087835657374
"YDR234W",114.270243419624,-0.712293581397082,0.163256360718824,-4.36107237894631,1.29426540580742e-05,0.000152961719320336
"YKL141W",185.560074900355,0.602690516298088,0.138163953051699,4.36081261116237,1.2958030588485e-05,0.000152961719320336
"YPR026W",96.0940569210494,0.66067505913459,0.151855512919608,4.34686851451404,1.38094944745068e-05,0.000162655251803894
"YIL091C",40.5895492938525,-1.22206221351588,0.280552124109042,-4.34504751032836,1.39245522333669e-05,0.000163651575591714
"YHL023C",96.1226771559733,0.618897919893802,0.142388048104367,4.34343896804353,1.40269458965002e-05,0.000164495035829918
"YLR137W",71.8309499766722,0.763529851502085,0.175639511782915,4.3411201765825,1.41758158889885e-05,0.0001658786647925
"YMR309C",163.672743898493,-0.884216612497999,0.203888019681779,-4.33537227410194,1.45513647491849e-05,0.000169903000147548
"YPR139C",124.488985514855,0.640912942918626,0.147843112347242,4.33216494134963,1.47650258946598e-05,0.000172023761562295
"YNL145W",140.758025842589,-0.997772235651905,0.230364333123921,-4.32834326370864,1.50235190488424e-05,0.000174656538552668
"YHL020C",234.882550961619,0.615466263823342,0.142330913625766,4.32284750166739,1.54028204124128e-05,0.000178679370270128
"YJL117W",213.53944501128,-0.560460919038097,0.129674782554079,-4.32147026675692,1.54992940411386e-05,0.000179411009256369
"YNR018W",209.884159640633,-0.449893173020031,0.104247701014513,-4.31535642006041,1.59345594320159e-05,0.00018405272840722
"YDR074W",852.574234349699,-0.642083791808294,0.14884425688382,-4.31387374025119,1.60418585367803e-05,0.00018489446824259
"YFL023W",46.9522999104538,-1.03669520587575,0.240316476302722,-4.30076127206709,1.70212353349359e-05,0.000195762430372464
"YKL188C",52.357523270787,0.669665643132359,0.155564348073253,4.29633331398806,1.73646427756076e-05,0.000199285248606385
"YOR310C",308.460507825156,-0.902906852579786,0.210197641388704,-4.29517762404792,1.74553521010545e-05,0.000199899138880094
"YMR220W",127.072394012422,-0.46598746592484,0.10859820785001,-4.29039642488156,1.78354454863454e-05,0.000203817399376939
"YHR176W",42.6416299197372,0.891903663076991,0.207282501869642,4.28666952134684,1.81371805854268e-05,0.000206825471176915
"YLR264C-A",71.5701063070829,-1.11392119957178,0.260023472563561,-4.28430006616888,1.83315369402964e-05,0.000208598908699856
"YDL143W",437.475592517389,-0.496626163195371,0.116058962917762,-4.27913118054073,1.87624262696395e-05,0.000213050721975124
"YJR041C",47.2857135785253,-0.936996572042547,0.218868503807863,-4.27138434040834,1.94263272319789e-05,0.000220124058149702
"YLL034C",58.5486748146228,-0.9268173568561,0.216892288622606,-4.26552227220781,1.99435116522753e-05,0.000225508633861833
"YDR525W-A",52.0065858968504,0.819273336335645,0.191852257967156,4.26167187295458,2.02903215078981e-05,0.000228948144577564
"YJR151C",44.3801332952227,0.702102335843239,0.164474210597333,4.2580545884603,2.06213600420465e-05,0.000232195649446188
"YMR300C",157.675828252153,-0.915108713255812,0.214997767452828,-4.25674443250063,2.07425235958885e-05,0.000233071326848363
"YGR131W",26.2559410394035,-0.937364147353015,0.219682660450694,-4.2514206097815,2.12418809348343e-05,0.000238184013572015
"YKR081C",114.42983412819,-0.891491320772851,0.210033398316352,-4.24201978955617,2.21517153734548e-05,0.000247353146093193
"YPL265W",393.666834420263,-0.738097790415189,0.173974669541274,-4.24207826386592,2.2145943126272e-05,0.000247353146093193
"YGL234W",522.743273562422,-0.870025277622568,0.205215752217797,-4.24006206947084,2.23457988599894e-05,0.000249002667379674
"YIL101C",93.2163982825415,-0.789653749953676,0.186326957422083,-4.23627138041229,2.27262084645205e-05,0.000252717320213125
"YJL055W",291.979276723843,0.454603783330684,0.107369286133066,4.23364513777019,2.29933670714442e-05,0.000254981869493078
"YOR056C",97.4131116880334,-0.821675417903144,0.193883911749363,-4.23333804418857,2.30248010992633e-05,0.000254981869493078
"YKL181W",507.843886933399,-0.480411540362988,0.113577761597144,-4.22980172543882,2.3389737266627e-05,0.000258490285718218
"YBR271W",31.74861169981,-0.842475109803172,0.198770020301332,-4.22631390931019,2.37550548604001e-05,0.000261988500318704
"YDL060W",108.960220095169,-0.915734741386515,0.216585706986026,-4.22449545802635,2.39476681220673e-05,0.000263571568613982
"YDR084C",99.658482547975,0.56260653190652,0.133158507611844,4.22246134605883,2.41648850551819e-05,0.000265418400064176
"YAL053W",622.323902928223,0.58884470790845,0.139490813806412,4.2211353774085,2.43074892584403e-05,0.000266439846545067
"YIL026C",60.5176011833907,0.69083767900343,0.163464179131937,4.21828514556171,2.46167386022163e-05,0.000268732729740861
"YMR093W",50.261568648958,-1.0319040915807,0.243903084044018,-4.21862623725461,2.45795340497157e-05,0.000268732729740861
"YPL156C",53.0337828749507,-0.857183548526016,0.202924651047507,-4.21729126421272,2.47254518627856e-05,0.000269372012079151
"YCR005C",294.499961153668,0.784915297946347,0.18607658550621,4.21664696592939,2.47961706839859e-05,0.000269595612841474
"YDR046C",345.458913439202,-0.483658529638304,0.114779508881676,-4.21374466878334,2.51171220948973e-05,0.000272533460144835
"YAR015W",268.64947342723,-0.931165716734726,0.221696437174084,-4.20117488305837,2.65533367994625e-05,0.000287041051202762
"YNL146W",16.4369531093832,1.27746197499253,0.302293419970875,4.20110913459356,2.6561050539522e-05,0.000287041051202762
"YBR230W-A",87.7907358930166,1.17684708916086,0.280749572358746,4.19861733152813,2.68549696199648e-05,0.000289634622146247
"YOR204W",160.671202319425,-1.00708471393933,0.240020307771613,-4.19675442283314,2.70767255422084e-05,0.000291441067910223
"YJL103C",42.3098925812989,1.03690429305934,0.246208664278602,4.19152177675916,2.77089585595343e-05,0.000297649632846517
"YIR042C",31.6288778500727,1.00012333613978,0.237480026573884,4.19061483497002,2.78199569821283e-05,0.000298245486928165
"YGL185C",47.4985442569731,0.696252394799699,0.165982763134568,4.183918181349,2.86527270999246e-05,0.000306561349110946
"YJL213W",53.2807998848977,-0.712909264485175,0.170567462227075,-4.17703103089771,2.95338747663664e-05,0.000315360718429729
"YNR003C",36.1465750333395,-0.793040197133759,0.189794538538252,-4.17308931173847,3.00497077760222e-05,0.000319597981118842
"YOL070C",154.804572703942,0.545247913853595,0.130599455963872,4.17314695297623,3.0042103241628e-05,0.000319597981118842
"YLR397C",65.7066532891432,-0.722689213873164,0.173118162697601,-4.17147400750276,3.0263558278792e-05,0.000321236307342671
"YGR246C",110.456037947198,0.494357167729218,0.118461976927094,4.1709262858906,3.03363990578511e-05,0.000321362205600068
"YIR033W",233.956773583442,-0.39597237997303,0.0949393830164012,-4.17048591056624,3.03950847970275e-05,0.000321362205600068
"YMR145C",433.067735904578,-0.829168640928393,0.198857202667367,-4.16974975613093,3.04934279429489e-05,0.000321768568726088
"YOL018C",149.558698162983,0.610850838285958,0.146502582845909,4.1677117779435,3.076726196598e-05,0.000324021498077017
"YKL099C",47.51680786923,-0.927067102173438,0.221996870286794,-4.16501214325147,3.11335993210885e-05,0.000327237890320091
"YNL277W",53.9710441344137,0.756718487179011,0.181535637955721,4.16269658384244,3.14511167079501e-05,0.000329929585621875
"YOR168W",206.78296222385,-0.727385205044428,0.174903309420154,-4.15766942749373,3.21510811540997e-05,0.000336614925689414
"YMR246W",826.742815588983,-0.633688792159723,0.152500513271196,-4.15519584490549,3.25009032631615e-05,0.000339615469701246
"YER042W",72.0999562014714,0.945228846367979,0.227343459626093,4.15255912265269,3.28777774514558e-05,0.000342886490663629
"YPR079W",86.5686098913406,0.616483342250148,0.148363241573423,4.1510063570347,3.31016570694664e-05,0.000344552325814155
"YNL279W",31.6046894437535,0.758933265218965,0.182341800307076,4.14712237590738,3.36680128849285e-05,0.00034976962708888
"YGR138C",49.1260635844658,-0.937127651743011,0.225845241771189,-4.14523812952325,3.39460749101759e-05,0.000351977545062847
"YKL216W",742.455089044894,-0.515026061873485,0.124330421258441,-4.1424095900803,3.43675863788087e-05,0.000355661476764127
"YLR092W",92.6954549538001,0.564477432884632,0.136192226416699,4.14160494020988,3.44884012651451e-05,0.000356225390759797
"YJR008W",70.8235081757507,-0.731404471332113,0.176652240833341,-4.1395540811701,3.47981561967528e-05,0.000358734926934278
"YOR361C",381.619476700775,-0.543487967786237,0.131323676186023,-4.13805856297856,3.50256981396626e-05,0.000360388936222467
"YDL070W",215.795307812634,-0.651108206901624,0.157461692216493,-4.13432356055264,3.56001629177855e-05,0.000365599378645174
"YLR054C",14.8142831554581,1.06058236616554,0.254064285038506,4.13038358569198,3.62158451167921e-05,0.000369800958407396
"YNL069C",1292.41711485334,-0.375299565850089,0.0908491549299713,-4.13103018700124,3.61141148969507e-05,0.000369800958407396
"YOR341W",326.430583601093,-0.857353418967948,0.207556117546116,-4.13038395532392,3.62157868846988e-05,0.000369800958407396
"YMR229C",215.661486720698,-0.810726477027805,0.196244526673192,-4.12920346141157,3.64022167333027e-05,0.000370998683253451
"YOL080C",14.3210324703283,-1.17866644698088,0.281839674358674,-4.12830287135148,3.65450550424096e-05,0.00037174903528936
"YJL101C",169.940675892622,-0.683778788736298,0.165654729085921,-4.12626496941312,3.68702440312001e-05,0.000374347978623016
"YHR148W",24.9657465672356,-0.968988624564141,0.233902125066777,-4.12096936428958,3.77281597724457e-05,0.000382335747429823
"YPL015C",191.219712369236,0.762752011162277,0.185052320685883,4.11913117312335,3.8030361985313e-05,0.00038467245616406
"YLR181C",113.28756505987,0.591772096698889,0.143795261199899,4.11265568054773,3.91133534692473e-05,0.000394883123088961
"YKL067W",313.865279566167,0.532216556530384,0.129419681244371,4.11214065476642,3.92007339318566e-05,0.000395022780390247
"YDR528W",30.4575085271342,1.0583233785621,0.255808476984727,4.10930350466032,3.96854225176931e-05,0.000399158060566535
"YDR344C",9.29442173106101,1.13911762353407,0.268880913318796,4.10661833688977,4.01493813021568e-05,0.000403069770044643
"YLR180W",631.167067198438,-0.868502313995712,0.211637728340737,-4.10413862154061,4.05824086190344e-05,0.000406656934128421
"YGR230W",26.6062971218145,0.878515533864148,0.213350509722147,4.09256021257575,4.26636410971307e-05,0.00042614577708141
"YLR149C",128.843571052484,0.814702996728183,0.198977691721345,4.09243883724144,4.26859854905601e-05,0.00042614577708141
"YMR239C",23.8704852779729,-1.12391829289453,0.272956327224011,-4.09079168894113,4.29903143052246e-05,0.000428387714533138
"YMR121C",101.137763787232,0.61292781362099,0.149825734132691,4.08826706089401,4.34607653343087e-05,0.000432273649278837
"SRG1",29.1328292413904,-1.00638324898127,0.245609013022157,-4.08178265438648,4.46915817013604e-05,0.000443694057889107
"YKL143W",86.5905757423625,-0.805661053636506,0.197396992856358,-4.07724504329577,4.55724575418217e-05,0.000451604556193956
"YPR023C",201.202178748267,0.50759036732977,0.124748640830396,4.06824343989097,4.73688786997173e-05,0.000468541892258161
"YPR138C",171.346681551762,0.554516057256272,0.136350390151418,4.06581776721812,4.7864326958945e-05,0.000472572242824437
"YML042W",41.0016587707718,0.77344055888687,0.189838977649462,4.0625411746548,4.85413821486958e-05,0.000478377547744303
"YJL125C",37.1696137906632,-0.82215100927234,0.201922711727984,-4.06188609125904,4.86778292431296e-05,0.000478843627957599
"YDR395W",121.759397210664,-0.706893901464211,0.174079798168092,-4.05927773908459,4.92247366546774e-05,0.000483338319144922
"YOL112W",88.6852099906258,0.522370164081294,0.128694966382574,4.05623090333778,4.98709590525497e-05,0.000488790001954826
"YKL217W",55.1532235510003,0.724254984148164,0.178630334736724,4.04922345971335,5.13878603591998e-05,0.000502739887047836
"YLR048W",1528.72611279813,-0.494308397915581,0.122163961264036,-4.04630923503757,5.20314892186654e-05,0.000508111142897186
"YDR518W",123.437367295976,0.479884691344382,0.118568060165331,4.04570692339552,5.21654635814728e-05,0.000508494927216136
"YOR289W",70.3737563714476,0.992642687917898,0.245321730966396,4.04084812503649,5.32582421638878e-05,0.000518206555547539
"YFR052C-A",38.3589383298907,-1.13048311725852,0.279745684014822,-4.03738611773151,5.40500683137343e-05,0.000524960066750573
"YPL082C",77.554305431407,-0.694891185937552,0.172019408121968,-4.03619397780332,5.43253054713568e-05,0.000526680894741259
"YLR246W",47.8449918003283,0.763209711343959,0.188687222374908,4.03476867726663,5.46561168702463e-05,0.000528933340018185
"YNL283C",255.555647461452,0.538326267924823,0.133533075668105,4.03075859140679,5.55971240970081e-05,0.000537072218570199
"YIL077C",107.083859439713,0.487814293278569,0.120990666003945,4.02990032938177,5.58005081458371e-05,0.000537104891131347
"YOR206W",83.7801455288393,-0.964363017751576,0.238936685269749,-4.03004698415333,5.57657052208426e-05,0.000537104891131347
"YGL035C",373.244379704477,0.963869624637693,0.239418654766913,4.02583985405248,5.67723187839447e-05,0.000545481438619977
"YER092W",80.9415395036961,0.623575641755298,0.155170793728091,4.01589082406519,5.92216683357518e-05,0.000567999251127363
"YDR300C",132.427211469838,-0.638537324190819,0.158989780902389,-4.01528402481035,5.93742486329043e-05,0.000568447574701121
"YBR121C",659.153665581841,-0.518016483184291,0.129092403336053,-4.012682820416,6.00325524637032e-05,0.00057308320477232
"YHR061C",48.5534874135938,0.754149374056915,0.187483833376577,4.01252844216381,6.0071838444762e-05,0.00057308320477232
"YDL201W",73.4408721381294,-0.744041355496086,0.185288018051397,-4.01206242754005,6.01905769630076e-05,0.000573197852603393
"YCL049C",157.879533417123,0.519720750746715,0.129552111128873,4.01071331785035,6.05355785106623e-05,0.000574694368501741
"YFL030W",45.3756827069702,0.713874880782863,0.177639187118551,4.01061137942976,6.05617226907439e-05,0.000574694368501741
"YPL107W",44.9408759880247,0.792376510348889,0.197207928035104,4.00595609957691,6.17671212784894e-05,0.00058509913295726
"YJL033W",103.935182628912,-0.998130664873632,0.249084143885797,-4.00267224704196,6.26310387523109e-05,0.000592238220314546
"YLR435W",38.8859617347347,-0.846767980585696,0.211446180429947,-3.99325501327322,6.51724107436707e-05,0.000615186323557567
"YLR224W",184.127231549624,0.439516988416619,0.110143917946628,3.98944304625132,6.62286183494302e-05,0.000624059489745245
"YER066C-A",33.7963798369479,-0.969313101830937,0.242660382058638,-3.98881235516205,6.64049224683897e-05,0.000624624936213172
"YDR365C",306.440475683142,-0.770382223269677,0.193277981161851,-3.98464023270532,6.75824375393267e-05,0.000634589636405111
"YNL061W",202.282297986301,-0.627774136347148,0.157686475660232,-3.98024823228286,6.88433424391201e-05,0.000645301208098629
"YOR175C",214.990299613638,-0.347097256382477,0.0872177923818575,-3.97958208467897,6.90365206508741e-05,0.000645984586090322
"YJL110C",63.5594230203658,0.838357636775952,0.210414691584453,3.97619047682551,7.00280422984063e-05,0.00065412280901694
"YKL045W",72.3791329006219,0.671359872499699,0.168753115884123,3.97252757355207,7.11140012728798e-05,0.000663113369508051
"YCL027W",24.6644982315283,0.988438298986206,0.247305312522625,3.96927837125642,7.2090623598773e-05,0.000671055007537279
"YDR379C-A",11.0234094027878,1.04884883469708,0.259567233678194,3.96619671207279,7.30285979336944e-05,0.000678610033740264
"YIL110W",44.2820803583885,-0.74680680283808,0.188455903400865,-3.95889402322297,7.52976367541844e-05,0.000698486367887261
"YLR186W",104.973046930092,-0.807587166824556,0.204276446706101,-3.95212612782263,7.74598926366701e-05,0.000717305316123371
"YDL003W",60.3342423562163,0.782987356583851,0.197933835298491,3.94844694165494,7.86598450350923e-05,0.000727163558835595
"YCL057W",269.56615077016,0.412275609992644,0.104443658342302,3.94687849844507,7.91767110932943e-05,0.000730684046876433
"YGL099W",121.058960187044,-0.645818068316494,0.163964336478236,-3.93678687981578,8.25798846033304e-05,0.000760783122134627
"YDL197C",101.899099468147,0.819766125587793,0.20842179735259,3.92940610098346,8.51559209895572e-05,0.000783172006224164
"YNL075W",62.3084744654848,-0.799825608967542,0.203291302635169,-3.92843742485351,8.54995909247336e-05,0.00078498855189187
"YKL146W",160.269698091451,0.527405232272153,0.134406219781352,3.922911157471,8.74854181298784e-05,0.000801850137842282
"YPL043W",119.293703509291,-0.900466076366742,0.229600175445411,-3.9178460889579,8.9343719216766e-05,0.000817487420635861
"YDL057W",36.9352939115749,0.873452358113942,0.22256771132242,3.91043305047674,9.21307947132719e-05,0.00084155526939623
"YIL046W",138.99459054632,0.724508549727186,0.185331409731558,3.90652762585924,9.36319428448668e-05,0.000853815220746654
"YPR120C",39.4092987913473,0.703221579062147,0.179776058353572,3.90204946636893,9.53816587523036e-05,0.00086829642230275
"YLR347C",110.152357414751,-0.486559426350766,0.124724057754223,-3.9008277611305,9.5864339800852e-05,0.000871213822454105
"YER052C",242.573965320447,-0.710298694741079,0.182209353686912,-3.89871676108705,9.67038106809286e-05,0.000877358390485249
"YIL079C",30.0809024953706,-0.90069839651895,0.230191240624787,-3.89828016888405,9.68782921399312e-05,0.000877459202501805
"YPR013C",116.474622980548,0.686841849330586,0.176618114302672,3.88468042125383,0.000102464578396356,0.000926493687822941
"YNL300W",114.132454992011,-0.942248534790139,0.24274748581527,-3.8789231797392,0.00010491987900892,0.000947100285977999
"YGL004C",69.8977206999995,0.71806160422214,0.185030321775419,3.87610171893786,0.000106143325599269,0.000956536580190724
"YDL153C",165.006892182597,-0.635815857735298,0.164422747097294,-3.86549302909081,0.000110865015679623,0.000997413734028904
"YNL231C",160.574432339488,-0.6795101295446,0.17576189629552,-3.86453506661773,0.000111300999995222,0.000999661657147725
"YOL041C",96.9431556621144,-0.752674903121423,0.194796964012204,-3.86137984293757,0.000112748458036911,0.00101097156613731
"YBR230C",261.212990839487,0.809300572709213,0.20961293428454,3.85995175166594,0.000113409415156193,0.00101520328133985
"YCL026C-B",31.6231515425152,0.933903076167791,0.241267077368158,3.8589246510455,0.000113887041205318,0.00101778252631242
"YDL148C",107.19163808558,-0.856207466403775,0.221878627348175,-3.85474048204273,0.000115852456253003,0.00103230053429555
"YGR223C",124.401925900152,0.41265981819331,0.107018613939884,3.85464861814259,0.000115895963913651,0.00103230053429555
"YLL056C",24.231791535191,0.851009483732564,0.219369524968015,3.85418118831011,0.000116117582134575,0.00103256214179603
"YJL045W",15.6333305402791,1.0021567691287,0.257191430054186,3.85197873144933,0.000117167201541057,0.00104017361897028
"YIL133C",926.841696080553,-0.45987966122918,0.119608925979811,-3.84487026644784,0.000120616234080575,0.00106902606146331
"YPL263C",116.79310618974,-0.654597676683833,0.170176501840299,-3.84414862854212,0.00012097167579318,0.00107041000112878
"YPL221W",304.927218829843,-0.551571097533834,0.143693431370879,-3.83861839850374,0.000123728549216297,0.00109300335171172
"YNL125C",124.661222355789,0.488100406634048,0.127145466730968,3.837221601331,0.000124434176548859,0.00109743179350398
"YDL119C",36.4429707186414,0.768726258144593,0.199916899333343,3.83634987911088,0.000124876469642831,0.00109952707942893
"YOL056W",71.5338949249625,-0.524599235728666,0.136817916297582,-3.83353359829035,0.000126315538882131,0.00111037767485421
"YMR102C",200.769912424525,-0.707620359005076,0.184812727985071,-3.82742591223507,0.000129490341894925,0.00113603357014111
"YMR252C",59.359796759853,0.788346929613844,0.205558925830898,3.82710891378938,0.000129657154812233,0.00113603357014111
"YER079W",130.500524169519,0.856982709077677,0.223884537451295,3.82439609773257,0.00013109301516834,0.0011447840870306
"YGR082W",132.359127517411,-0.598637093034819,0.156537730412186,-3.82403207170103,0.000131286826021356,0.0011447840870306
"YHR062C",59.6933529429209,-0.80416919297534,0.210230947015591,-3.82401618748103,0.000131295289072957,0.0011447840870306
"YBL085W",293.257087954884,0.67285241277206,0.176572046203337,3.80906042858248,0.000139495865611799,0.00121431490146025
"YPR112C",87.8425423141461,-0.921801863202398,0.242134921578992,-3.80218999904392,0.000143422667940759,0.00124647758820359
"YBR202W",141.148393735328,0.525244256515049,0.138139911373953,3.8007076593271,0.000144283445023293,0.00125193276772231
"YMR085W",43.7638212173253,0.817031980923803,0.214999387799134,3.7956126452254,0.000147279302854147,0.00127586634778972
"YOR161C",133.366880425004,-0.749856328957843,0.197602878298463,-3.79413751998713,0.000148157547212636,0.00128140770705164
"YDR381C-A",49.7255333424299,0.764855641769025,0.201525923295965,3.78780700385607,0.000151982831082234,0.0013114864647986
"YMR053C",61.8536803125486,0.731111099968201,0.192743328210385,3.78757685159455,0.000152123639465561,0.0013114864647986
"YDR076W",31.115650540973,0.754968428482748,0.198505478271334,3.78668802585406,0.000152668581543589,0.00131407524274137
"YIL055C",65.2069033640912,0.791689922287162,0.20878787207492,3.78579839748674,0.000153215855410475,0.00131457245912086
"YMR223W",33.7057618832561,-0.754227714784148,0.198819448239513,-3.78585007150137,0.000153184016587373,0.00131457245912086
"YCL054W",110.847253934722,-0.897263697587337,0.237154474992646,-3.78017126401376,0.000156720518992695,0.00133822878777387
"YGL256W",96.295510786914,-0.456768825505743,0.120796934200734,-3.78094613243524,0.000156233479380136,0.00133822878777387
"YKL029C",155.183834513506,-0.66437162549065,0.175710545489751,-3.78040211055817,0.00015657527233036,0.00133822878777387
"YOL077C",121.816886064026,-0.807499952682615,0.213528966820558,-3.77842047666085,0.000157826234438543,0.00134553127804669
"YNL002C",129.846625630842,-0.868597236489116,0.229822979163516,-3.77659950291723,0.000158984062952685,0.001353254203041
"YKR061W",42.3797763377376,-0.637380609969171,0.168707900887879,-3.77278962161469,0.000161432403467495,0.00137191999845556
"YKR077W",50.4581040685641,0.93486635665596,0.24767641773721,3.76702680233444,0.000165203270882917,0.0014017484485184
"YPR081C",68.6340709473518,0.562608333593747,0.149194263335675,3.76655919359331,0.000165512855429016,0.00140216016799565
"YHR006W",183.026001334983,0.702486191901509,0.186589199782081,3.76282260843277,0.000168006374352902,0.00141885639366104
"YNL148C",86.9788359916304,0.731285765197408,0.194171539874667,3.76281417804456,0.000168012039912199,0.00141885639366104
"YLR420W",166.745822743596,-0.668851687562728,0.177960720687006,-3.75826680842457,0.00017109438841988,0.00144261846185742
"YJR137C",100.736536036505,0.726751380127133,0.19341966407424,3.75409105040459,0.000173971622025855,0.00146457928197628
"YBR104W",54.7387637362908,-0.640010671944438,0.170738629688276,-3.74675387343018,0.00017913769630164,0.00150570980725526
"YFL040W",18.5926015245361,0.824603558331742,0.21855445876038,3.74085697384511,0.000183393867510353,0.00153907572249704
"YGL131C",44.9860511599122,-0.645551465293779,0.172705052080167,-3.73573514571088,0.000187167585901091,0.00156829501384518
"YIL104C",27.3927644516029,-0.784388932854558,0.209477934919131,-3.73406701093848,0.000188412328169051,0.00157626575482238
"YPR148C",251.676391172757,0.370320250288185,0.0993142362403936,3.7280412786168,0.000192973775532804,0.00161191624943498
"YMR133W",20.044482419985,0.859062963000093,0.228342409863176,3.72605511155421,0.000194499895588422,0.00162214120994629
"YPL147W",44.0560043349348,0.670520915829155,0.17995852314123,3.71858164339822,0.00020034454119606,0.00166829539653339
"YPL183C",55.2105814856995,-0.788995755725873,0.212086241001356,-3.71637618105089,0.000202100612255975,0.00168031329477839
"YPL145C",197.975315207986,-0.45381655656979,0.122135548402687,-3.71534112648692,0.000202929737443307,0.00168199941328395
"YPL211W",135.497582417777,-0.838601897176918,0.225708203729414,-3.71538695513414,0.000202892959131058,0.00168199941328395
"YCR024C",50.037990360218,0.750565456029451,0.202043646810973,3.70565564371488,0.000210844604058736,0.0017449096585508
"YDR507C",109.492465104742,0.595081574090493,0.160528895575172,3.70373817522479,0.000212445529882115,0.00175275720583232
"YPL024W",44.0771115635575,0.680751222641762,0.183403779491321,3.70400771699023,0.000212219797552173,0.00175275720583232
"YMR177W",55.8189999928517,-0.629119534102898,0.16984089962067,-3.70241068640518,0.000213560551498557,0.00175925417499808
"YBL043W",19.9973218959606,0.850165520743141,0.228067321663177,3.69940796386386,0.000216102988754946,0.00177747190291396
"YGL062W",315.518167225823,0.639439893083618,0.172948020206972,3.69684357266663,0.000218296758483217,0.00179277047372073
"YPR163C",604.942334976389,-0.614476718545722,0.166493000442117,-3.69053786297597,0.000223780375027734,0.00183499907522742
"YDL051W",103.070222329902,-0.62834726461441,0.170367736297062,-3.68734880704871,0.000226602648426938,0.00185344310177323
"YGR271C-A",23.550490255899,-1.03900877158527,0.28090165740541,-3.6872172228163,0.000226719813417429,0.00185344310177323
"YIL103W",49.5990863154228,-0.705960152594114,0.191193113414989,-3.68675471063757,0.000227132094010287,0.00185399160627546
"YIL069C",450.31935492795,-0.532960793426406,0.14490295531562,-3.67819050795536,0.000234894490325488,0.00191444356227344
"YAL036C",80.2364572822765,-0.6752671561787,0.183489713939176,-3.67751426233981,0.000235517910935992,0.00191661621157154
"YKL021C",121.87108523885,-0.499162273374846,0.135728805649857,-3.6763675682004,0.000236578580641528,0.00192233518400249
"YHR163W",151.54810381064,-0.626747386431748,0.170741381160672,-3.67125554141098,0.000241361866943673,0.00195823955793726
"YMR260C",429.244168580653,-0.590963267432845,0.161088316176265,-3.66852523270262,0.000243953620655277,0.00197628189523302
"YGR214W",1593.01678269375,-0.430814742172724,0.117470707299683,-3.6674408829259,0.000244990167869566,0.00198169004763169
"YBR207W",206.961151908671,0.382781408317204,0.104458441701882,3.6637748263432,0.000248525287012638,0.00200726213014267
"YKL110C",80.7341119890875,-0.635511809862038,0.173560627214313,-3.66031135235638,0.00025190896223622,0.00203153609034646
"YLR129W",82.8127161723602,-0.813120947920657,0.221902005769659,-3.65962451369704,0.000252585089251689,0.00203393480415415
"YOR315W",25.7630864277948,-0.896400693565104,0.243856601034144,-3.65870040388785,0.000253497472675869,0.00203822593673966
"YER036C",633.899266152242,-0.629190796813674,0.172175121785684,-3.65436653225754,0.00025781773614736,0.00206677471768279
"YPR137W",45.3511663876366,-0.705398064247463,0.192709784963166,-3.65443403558975,0.000257749918654137,0.00206677471768279
"YDR479C",168.77469491159,0.593775668708202,0.162573437725282,3.65110334348544,0.00026111613781353,0.00209009653680547
"YHR196W",47.7153250891162,-0.989041379235089,0.270554723612992,-3.64908567785769,0.000263175326907422,0.0021034444655056
"YGR185C",379.078099596354,-0.368125627552908,0.100947947950177,-3.64655571406083,0.000265778872711199,0.00212109706587199
"YHR087W",86.4632469571206,-0.852671116148693,0.234151117020353,-3.64257921009462,0.000269919879976289,0.00215094907322351
"YER041W",55.9236767665694,0.655683792619572,0.179808623310493,3.63961554129394,0.000273045402019787,0.00216985650630635
"YHR169W",35.1623918143783,-0.92534997431564,0.253524975567859,-3.63956354492671,0.000273100539613311,0.00216985650630635
"YLR093C",201.691697428885,0.393119988634846,0.108270769924392,3.6304778703165,0.000282896960629318,0.00224416340540369
"YOR052C",160.301614824414,-0.389975541693091,0.10742262158851,-3.63012085444576,0.000283288547544908,0.00224416340540369
"YBL004W",175.873733782109,-0.644913209980632,0.17762357193262,-3.62962262162863,0.00028383587491546,0.00224518775282907
"YDR083W",48.5680619638891,-0.940284485748567,0.258754735997155,-3.62613724693975,0.000287692487488296,0.00227234757397005
"YPR006C",55.5189825770355,0.66844799089391,0.184187861164799,3.62557492521541,0.000288319284070208,0.00227395429477399
"YGR195W",73.4384747801752,-0.627463674621228,0.173220997671157,-3.62069010262107,0.000293818273553873,0.00231392660888248
"YML022W",207.318296019797,-0.751232475709329,0.207572590283354,-3.61923515605042,0.000295475042775305,0.00232356728366934
"snR82",16.7202660047197,0.877214882941599,0.240579140850653,3.6182392637218,0.000296614120359299,0.00232911467902017
"snR11",29.7301346110139,0.850968191938135,0.234547175451786,3.61339849730648,0.000302209693000817,0.00236958870234655
"YDR461C-A",44.0823317437909,0.770647742455072,0.213659835524663,3.60390672693943,0.000313469588760456,0.00245429323794812
"YER024W",63.7810548918611,0.660135051742907,0.183175208997398,3.59942805917794,0.000318917844744677,0.00249331549362978
"YLR256W",343.749670063321,-0.532070795183995,0.148229779126165,-3.58966620623483,0.000331101666017262,0.00258329387940787
"YPL212C",114.702034573528,-0.72966281937984,0.20314853863546,-3.5894401948282,0.000331388844332903,0.00258329387940787
"YDL031W",110.351440853448,-0.77431686532845,0.215572723047494,-3.5885965182322,0.000332462910775778,0.00258791057069088
"YML109W",44.7797566937319,0.566657345624415,0.157695036658496,3.58705691483374,0.000334431347476495,0.00259946565455319
"YLR083C",197.892003502741,-0.667390547434322,0.186091265400498,-3.58574206572758,0.000336121055994943,0.00260882397651567
"YDL154W",12.5910094193431,-0.905002933205094,0.2508499981736,-3.584818197377,0.000337313090889119,0.0026142981402099
"YML096W",43.7789096588143,-0.666054496809703,0.186223038814513,-3.57190883615439,0.000354388782162345,0.00274268321180685
"YGL096W",26.2382008196384,-0.736436004877654,0.205897355356022,-3.56861442004635,0.000358874121434695,0.00277339986507301
"YBR212W",414.391830871997,0.594434590674338,0.16658022805503,3.56806274459245,0.00035963039554001,0.00277525122765143
"YGL163C",90.7703336789996,0.483551530636972,0.135487577068669,3.56593782900028,0.000362557321433675,0.00279382406516538
"YLR105C",79.939312411985,0.478178694718715,0.134040275032238,3.56490715672028,0.000363985010296214,0.00280080729269479
"YMR265C",119.938577013681,0.68718449032527,0.192922366492715,3.55872648435368,0.000372657362509361,0.00286343733052615
"YBL024W",129.923819088443,-0.551775419004988,0.155032711905609,-3.55784244366513,0.000373913470385542,0.00286898464205821
"YCR026C",132.362287509543,0.541025338961851,0.152273765757718,3.55112588750911,0.000383586896011289,0.00293900887086538
"YER130C",80.8379777197408,-0.581316978816813,0.164029985629043,-3.54295130930481,0.000395675750155098,0.00302520258534938
"YIL123W",592.119838228964,-0.497281112730662,0.140361470794757,-3.54275990365197,0.000395963026903857,0.00302520258534938
"YJL218W",44.6394877957711,0.676045388024196,0.190700407802255,3.54110046894965,0.000398461819196751,0.00303996936208203
"YOR001W",80.8940267352908,-0.706466031354371,0.199452785027667,-3.53923405320096,0.000401289885977203,0.00305720280508306
"YMR114C",68.5824622997051,0.537742118783071,0.15188095293978,3.53721656970774,0.00040436794017046,0.0030679729627705
"YNL233W",80.4061059847281,0.576309953365352,0.162724615354239,3.53784217463062,0.000403411109782307,0.0030679729627705
"YPR014C",11.1349206561997,0.90807245372611,0.252321987024709,3.53718439027531,0.000404417214232269,0.0030679729627705
"YMR271C",31.0976495934493,0.668754283467214,0.188742642201753,3.53134764662833,0.000413447961696069,0.00313205783112777
"YOR298C-A",511.336934602226,-0.453105073451502,0.128440664246461,-3.5278033308261,0.000419023358531796,0.00316982318123137
"YMR144W",39.9267005844781,0.882920395713119,0.24972420492332,3.52431581995657,0.000424577866916924,0.00320732450521913
"YDL127W",35.3495290423504,0.743865707028067,0.210782147154835,3.51844527705003,0.000434083332243261,0.00327452468746988
"YGL016W",47.9117406766432,-0.613372863579902,0.174262508062765,-3.51731922764099,0.000435929168010964,0.00328383669198722
"YDR232W",252.277352568304,-0.544573388334397,0.154982682202921,-3.51383742218206,0.000441683052293649,0.00332252055163752
"YJL115W",176.094093403914,0.898930672502113,0.255769110384332,3.51285729986284,0.000443315501783323,0.00332548541910367
"YJL177W",998.850011117386,-0.5129911942314,0.146026852038311,-3.51305841424448,0.000442980075804771,0.00332548541910367
"YBR199W",368.601139250151,0.323453829919659,0.0921177411033804,3.51118938490872,0.000446106461656725,0.00334175426158755
"YML087C",21.6013118346361,0.714614594333043,0.203019206516098,3.50326489591215,0.000459592166520765,0.00343797984175909
"YLR231C",73.8655647580553,0.601301250931739,0.171541923681696,3.50267665595058,0.000460608235910589,0.0034407883658912
"YDR123C",39.4744862593771,0.927625252610492,0.263771590301458,3.50139563790476,0.000462828200443178,0.00345256981191709
"YNL278W",95.6604580412784,0.900747265233166,0.257098142592403,3.49973899436745,0.000465713916403957,0.00346447291552029
"YPR144C",48.8846977662436,-0.69790146829019,0.199110971678089,-3.49987735459555,0.000465472265065072,0.00346447291552029
"YAL025C",116.565562372256,-0.914136724452301,0.261221121920087,-3.49724210101494,0.000470094999999335,0.00348740365330999
"YER162C",107.88356497672,0.449473191572581,0.128471425413882,3.4973551459636,0.000469895821656854,0.00348740365330999
"YGL208W",96.0362448398641,0.744746500560869,0.213242923024635,3.48996179245447,0.000483089609755178,0.0035788610951656
"YLR372W",369.38320316478,-0.648992914796763,0.186097104529347,-3.48737347864937,0.000487789657805195,0.00360870282654505
"YGL168W",42.958841402339,0.874733291271268,0.250560826143916,3.47961461120619,0.00050213553863337,0.00370972486657473
"YIL158W",59.6776616795824,-0.703488057727482,0.202075574556632,-3.47810250536495,0.000504976776500487,0.00372559102552763
"YDR449C",26.2970190551012,-0.93826179262571,0.268831481636855,-3.47611486987563,0.000508734333736936,0.00374816475514552
"YML069W",325.460156433919,0.302961297260694,0.0872153681550898,3.47341099698038,0.000513887770005729,0.00378094686671339
"YKL023W",85.584799171093,0.610021977876377,0.175517774921717,3.47272884071893,0.00051519558824843,0.00378538372706199
"YLR407W",28.888784415616,0.69180801813751,0.198362583369289,3.47133824942111,0.000517871219672355,0.00379984470062871
"YDL173W",108.833503426856,0.600301307024403,0.173022669285086,3.46867393330524,0.000523033835852516,0.00383248940295207
"YDL082W",852.047249086099,-0.443551739773108,0.127915298605609,-3.46756905279244,0.000525188787611974,0.00384303675512794
"YPR018W",74.3607187627581,0.62499504645324,0.180541612361287,3.45684806741702,0.000546532891930876,0.0039937798130078
"YPR048W",24.9236099289757,-0.688512167669082,0.198858558524565,-3.45454092806894,0.000551230542486172,0.0040226348419745
"YFL022C",366.694550744303,-0.362749676212439,0.105076656867407,-3.45228214577918,0.00055586614640396,0.00405095939258571
"YOL061W",203.454164674758,-0.7694647737398,0.223291741927931,-3.44644044422595,0.000568023751000667,0.00413395063228264
"YDR297W",322.896608730424,-0.458786306987503,0.133200100100127,-3.44430421367389,0.000572531119952925,0.0041611158934603
"YBR017C",165.926200008141,-0.454358105083047,0.132076600883557,-3.43940453780436,0.000582995352915422,0.00423144329798477
"YOR230W",560.651880585441,-0.613845331782612,0.178690998853663,-3.43548357177621,0.000591497324597224,0.00428735780082549
"YEL046C",443.074524810451,-0.609598069624702,0.177588839287785,-3.43287502705808,0.000597217307079454,0.00432298403817216
"YDL208W",285.262155156564,-0.718442289226627,0.209318012448378,-3.43232930685005,0.000598420448958528,0.00432586303008917
"YIR035C",123.505005648876,-0.705336244672208,0.2057332849086,-3.42950651468129,0.000604679916805912,0.00436523633489859
"YCL063W",83.8424495305803,0.713430431262388,0.207854773836562,3.42712521472501,0.000610007715616133,0.00439675541030995
"YHR174W",15617.3621736369,-0.897100437527176,0.261984322609982,-3.42682467987952,0.000610683212826517,0.00439675541030995
"YGL101W",46.5884992905181,-0.548530563720968,0.160178881643615,-3.42270974384149,0.000620002438645726,0.00445787563315421
"YDR021W",12.400386769249,-0.961141156580943,0.278012219182855,-3.42221393638747,0.0006211341985826,0.00446004248741597
"YLR448W",400.405340262507,-0.576315269253016,0.168550345210434,-3.41933025152824,0.000627754862908403,0.00450156391012154
"YNL263C",160.50431040181,0.384093430156723,0.112460182704906,3.41495052893237,0.000637935968653709,0.0045684721168521
"YOR107W",20.7257835051274,-0.882571220258251,0.257068995241775,-3.41270951712043,0.000643204627850783,0.00460006931582764
"YPR063C",255.323044113393,0.69589681402934,0.203957343845215,3.41084989460358,0.000647607330531816,0.00462539756952977
"YDR017C",156.508641170759,-0.392134556981738,0.115004300436221,-3.40917405747832,0.00065159891055521,0.00464772609374772
"YDR054C",289.700150944844,0.326492360936054,0.0958043667756955,3.40756682516217,0.000655448568034321,0.0046689844282657
"YOL026C",110.47850981201,0.575029210448653,0.168787075769375,3.40574909848423,0.000659827885113569,0.00469395439860262
"YKL164C",688.629210470024,-0.368600836550437,0.10838965392156,-3.40065048377084,0.000672257225736676,0.00477604968178795
"YPR140W",69.9532479823467,0.527037755900002,0.154924148526614,3.39896714413989,0.000676408415084538,0.00479919365577153
"YML115C",210.896177829886,0.425835520473229,0.125372551246739,3.39573111454981,0.000684455622416476,0.00484988278100117
"YDR190C",292.747413393625,-0.544527567169743,0.160493055709325,-3.39297980835171,0.000691367342445324,0.00489240315714603
"YGL047W",69.0639998776852,0.60137359355839,0.177299555493999,3.39041277710414,0.000697874579911839,0.00493195311671906
"YLR190W",80.8759692896609,-0.60200427387415,0.177590751741485,-3.38888635805213,0.000701770879785708,0.00494647164741344
"YNL221C",115.721841674851,-0.56159088443067,0.165688102924424,-3.38914589223034,0.000701106976018952,0.00494647164741344
"YDR085C",111.494777255211,-0.57575603050586,0.170012749706496,-3.38585878950674,0.000709558857975604,0.00499481078137218
"YKR055W",29.4851929895874,0.626210327565042,0.184635415168615,3.38219450294911,0.000719092103850017,0.00505529278766811
"YGR286C",133.749858570282,-0.531011773101431,0.157183395978307,-3.37762319576671,0.000731151936163879,0.00513335561978587
"YOL108C",58.5534730322469,0.788401152868159,0.233093638477014,3.37551847177639,0.00073676746005542,0.00516602875712488
"YLR359W",510.85417791715,-0.788358983258606,0.233743452536104,-3.37365105409546,0.000741783349847512,0.00519441769495565
"YBR011C",1871.17423319028,0.672993631164911,0.199582685876453,3.37201951919055,0.000746191598029723,0.00521848316799172
"YNR040W",24.6565352773925,-0.676284691320226,0.200374040996986,-3.37126210811058,0.000748246306863871,0.00522604800281645
"YOL011W",74.4958480133145,-0.490415649919584,0.14548161806249,-3.37008944176675,0.000751437889801763,0.00524152325470814
"YML101C",70.3566557555256,0.713222241899647,0.211629802050257,3.36864116072205,0.000755397046039458,0.00526230549192987
"YDR428C",41.2021387903087,-0.803924857666118,0.238615569947525,-3.36705541881878,0.000759754188023123,0.00528580277703652
"YKR097W",24.4208146981886,0.712277664831814,0.211074869319465,3.35992901051121,0.000779625024917375,0.00541703235295113
"YBL113C",29.1485908040224,0.776774879436238,0.230637431919917,3.35948424646227,0.000780881032784721,0.00541874938900095
"YKL117W",1039.11047935592,0.371940543702177,0.110828109037961,3.35598267431868,0.000790835229386412,0.00548074324778635
"YOR356W",182.095053290195,0.434302619478687,0.12938966039507,3.3554923223047,0.000792238555480537,0.00548339340397676
"YJR002W",141.235045161531,-0.710564949386545,0.211693603140727,-3.35417570757096,0.00079601798425322,0.00550246151019826
"YMR230W",747.029084990399,-0.393990251019696,0.117528601107178,-3.35239244402769,0.000801163642880146,0.00553091250116872
"YFL034C-A",72.8681539140458,-0.645837922809757,0.193025787608227,-3.34548448411201,0.000821389547249731,0.00564153869345052
"YJL133C-A",54.0702938604861,-0.938649810853626,0.280865558949669,-3.34640537206959,0.000818666167531255,0.00564153869345052
"YKL151C",231.55149163815,0.678490993451732,0.202763567558933,3.34608028793768,0.000819626594023728,0.00564153869345052
"YLR406C",538.726122424616,-0.55598023053727,0.166181098249417,-3.34559264797777,0.000821069234732463,0.00564153869345052
"YPL040C",52.951600241494,-0.535340556371218,0.16002681611892,-3.34437319737641,0.000824687192129809,0.00565695390667842
"YDR216W",115.076130412972,0.598582702752875,0.17921644743193,3.33879118816138,0.000841437893584898,0.00576291462091074
"YNL200C",111.710829893468,0.569963120596591,0.170696518019822,3.3385131647766,0.000842280390507341,0.00576291462091074
"YDL048C",227.622880365455,-0.699127515689968,0.209644315860371,-3.33382777669342,0.00085659678337224,0.00585341135304364
"YDR184C",29.3674176635457,-0.983230855174345,0.294505265818646,-3.33158688387321,0.000863523399033098,0.00589324545896667
"YCL056C",39.9722892903555,0.827746465249832,0.248234038977748,3.32507096871276,0.000883960311571914,0.0060250645094578
"YLL023C",206.663649014275,0.492178712902758,0.148033978761632,3.32442002701585,0.000886026411197436,0.00603149284479269
"YLR260W",75.3906941962728,0.542481350769119,0.163197509658415,3.32157528801769,0.000895108297552489,0.00608560337487901
"YMR242C",913.172062221957,-0.509333526783441,0.153508611412342,-3.31800582573814,0.000906625934843435,0.00615611617704689
"YGL087C",70.3068129186837,0.628456546070649,0.189559397315362,3.31230574470799,0.000925303608741348,0.00627500717493659
"YER172C",126.214995496587,-0.445464864887552,0.134529738557094,-3.31052474317654,0.000931212189432006,0.00629916960886562
"YNL163C",112.641430336609,-0.520453918086596,0.157182417183299,-3.31079951609961,0.000930298338822074,0.00629916960886562
"YMR080C",186.010413156268,-0.46155137578158,0.139469399294758,-3.30931181052861,0.000935256156428854,0.00631856706437658
"YOR074C",53.7842696205958,0.549085988123648,0.165813111420361,3.30749996941084,0.000941327221416812,0.00635159360079108
"YER044C",104.811456222968,-0.73209072293862,0.221785606546445,-3.30172952100878,0.000960906820737251,0.00647557156107877
"YCR016W",66.7485008212921,-0.630561244307977,0.190851778427881,-3.30080414328423,0.000964081573175315,0.00648882472371506
"YDR100W",82.0110656996164,0.581545706828033,0.176402607704785,3.29588350411972,0.000981126904383538,0.00659528486038045
"YDR512C",60.5499781711758,0.840890741745533,0.254986203128126,3.29289056431091,0.000991630637787431,0.0066492486336533
"YMR012W",387.836179812157,-0.451849237233371,0.137193977635192,-3.2931477464719,0.000990723983691235,0.0066492486336533
"YDR429C",529.087571427282,-0.486560117933394,0.147823795942063,-3.29150663596869,0.000996522656192524,0.00667371968380305
"YDR280W",130.467244250462,-0.39416961254568,0.119760307563212,-3.29067615404153,0.00099946902592141,0.00667680116694514
"YIL096C",20.4404496231167,-0.911263299946749,0.27593638569975,-3.29070796324778,0.000999356025384855,0.00667680116694514
"YBR007C",85.4462693815452,0.612900567792384,0.186049598779687,3.29025590113265,0.00100096306325344,0.00667847529532201
"YHR069C",55.6083032432775,-0.566838109833082,0.172484734097829,-3.28599331751557,0.00101623420810905,0.00677195276892517
"YOR091W",92.6388810666063,-0.695233547617623,0.211499764361916,-3.28471545048085,0.00102085414103735,0.00679430928316182
"YFL041W",160.638492805065,0.422216945924972,0.12854715047101,3.28404030849064,0.00102330285464908,0.00680217776277251
"YEL067C",16.7826864172156,0.971606678736098,0.293788598772192,3.28347183143727,0.00102536891331147,0.00680748632063773
"YPL060W",26.7814596375106,0.71427747843728,0.216810223414958,3.28198941817414,0.0010307747324251,0.00683492726895708
"YBR109C",375.192646534424,0.336536877532874,0.1025850234988,3.28048415781297,0.00103629084462006,0.00686303098206452
"YLR431C",54.1001495745121,0.49964247414609,0.152175409349377,3.27999535186274,0.00103808796914392,0.00686646611117242
"YPL267W",24.2725483225952,0.724276951138027,0.219844011157467,3.27953192687655,0.00103979444185729,0.00686929390801415
"YMR201C",53.0662758308849,0.493348097554703,0.150536447145673,3.27352230350128,0.00106216007818784,0.00700842970509445
"YOR298W",18.877215713748,-0.830479445436449,0.252573410019775,-3.27118611540435,0.00107097402807388,0.0070579159567912
"YMR048W",39.6665137544609,0.648893518846431,0.19796330470789,3.2707763054654,0.00107252711290141,0.00705948912180572
"YNL220W",308.047394972858,-0.755014362178058,0.230910939470538,-3.27040164934035,0.00107394879561546,0.00706019459149401
"YDL199C",36.5919683220391,0.603679024272846,0.184137227700881,3.26976757874708,0.00107635883336798,0.00706738788999927
"YCR034W",206.801745957778,-0.533808001032025,0.163340030343846,-3.26799024739842,0.00108314097904882,0.00710323589556928
"YJL153C",14.2244573752067,-0.824946430019229,0.251598308251691,-3.26630239262977,0.00108961826048861,0.00713699960620038
"YHL050C",11.5484223809249,0.866167674920828,0.262605502042492,3.25372540113181,0.00113902323654136,0.00745151498594839
"YIL014C-A",16.4459194684939,0.907104269753455,0.276623209094301,3.25256615182582,0.00114367970997168,0.00747287557452298
"YHL036W",49.5172525221698,-0.709142042027403,0.218087477326704,-3.25159431382585,0.00114759694175927,0.0074893598714326
"YLR273C",24.7182564913966,0.75131785396904,0.230039238247643,3.25124477444849,0.00114900887575552,0.00748947411612
"YPR069C",242.233338751988,-0.7222242469121,0.222242024503694,-3.2499720600655,0.00115416347286918,0.00751395395488532
"YIL051C",651.8429681408,-0.319781253318271,0.0985652392911107,-3.24441042955637,0.00117694026342134,0.0076529614465327
"YER028C",90.4962982651556,-0.519637752422178,0.160140631818754,-3.24372916654078,0.00117975864512275,0.00766201170852994
"YBR155W",71.5172009336171,-0.581898943786476,0.179559025602894,-3.2383547221454,0.00120221231619378,0.00777961728949009
"YFR026C",12.5036448908088,0.910119877997952,0.277324161464156,3.23866933803971,0.00120088709270815,0.00777961728949009
"YKR085C",74.487374679244,-0.478562434018987,0.147767684751117,-3.23882467685972,0.00120023327308128,0.00777961728949009
"YGR280C",103.868800359685,-0.763305115076008,0.235758825678594,-3.23470377135754,0.00121768995043529,0.00787029208638744
"YMR022W",146.139146387487,0.572270213719812,0.176873950771345,3.23386118760114,0.00122128799463538,0.00788405987883008
"YMR179W",46.3645554848603,0.695460082961575,0.214595131319338,3.23208086530206,0.00122892273368951,0.00792382233210847
"YPL018W",17.1788012822013,-0.764433690207071,0.235622515771643,-3.23155723694289,0.00123117663754607,0.00792883659503588
"YBR059C",347.271023802802,0.607004552297778,0.18787175409975,3.23046272687392,0.00123590017738057,0.00794972437450427
"YKL152C",2474.60336976353,-0.727774462188215,0.225369847392713,-3.22965464966034,0.00123939830183434,0.00796268932912948
"YER075C",34.2588699603321,-0.628727492415979,0.194367338332937,-3.22855586700796,0.00124416954505017,0.00798379286315946
"YML026C",1189.51370546823,-0.651968167635055,0.202003223066701,-3.22769327991566,0.00124792703410187,0.00799834856821139
"YBR287W",308.68932009825,-0.511060094197362,0.158441598181897,-3.22576782057558,0.0012563522989841,0.00804275112973013
"YDR480W",66.504873059713,0.827018329809478,0.256140251542021,3.22456637960561,0.00126163604186084,0.00806696092956499
"YPR182W",105.285829426588,0.655746678663834,0.203484200133834,3.22180511149828,0.00127385750607072,0.00813542052925782
"YJR116W",134.401330530888,0.600806907493546,0.186458996357349,3.22044968574193,0.00127989657229442,0.00816428086673792
"YIR029W",37.3507197024636,0.682521575750935,0.211672653502381,3.21706325302387,0.00129510042504547,0.00824168765748724
"YJR123W",4441.68446971725,-0.334522933124047,0.103980577791576,-3.21717976644208,0.00129457456506969,0.00824168765748724
"YIL064W",72.0470072731564,-0.469914246121046,0.146174206632624,-3.21360018759412,0.00131082058113161,0.0083318548417253
"YGL237C",73.1977621473464,0.517245515143828,0.160945174283664,3.21203000694542,0.00131800608133593,0.00836762489699203
"YNL074C",204.154907929509,0.500451636873791,0.155838939319423,3.21062892711516,0.00132444840609092,0.00839859786200042
"YPL264C",19.2912206632553,0.705002485435263,0.218518828961775,3.21006018561043,0.00132707182585709,0.00840530987815854
"YJR058C",103.187178004537,0.547214587176239,0.170444249081007,3.20942307297137,0.00133001631285783,0.00841403723952816
"YGR161C",570.031789647365,0.77798934003977,0.242735904925669,3.2053239514977,0.00134910547374255,0.00851474206753374
"YPR098C",66.3928406047964,0.51834989207234,0.161618968412014,3.2053740405655,0.00134887069686381,0.00851474206753374
"YGL146C",19.6680425376808,0.827117924584539,0.257269156397265,3.19999083610895,0.00137431957152144,0.00865354093627391
"YJR124C",59.28077942406,-0.63400103899095,0.198057482250572,-3.20016640340116,0.00137348264627709,0.00865354093627391
"YPR016W-A",12.328949024483,-0.772780590358064,0.240337487672509,-3.1991541024882,0.00137831472776701,0.00866853442955107
"YOR337W",34.7690971820374,0.772488935625375,0.240371704143931,3.19763003865274,0.00138561921788875,0.00870428165997716
"YAL029C",184.75716976267,-0.382065916687106,0.119500824324035,-3.19691278845493,0.0013890691733795,0.00871096056931015
"YDL042C",38.7483828994145,-0.645408934317227,0.201691326006764,-3.19673488219454,0.00138992612323567,0.00871096056931015
"YOR260W",179.587144568638,-0.456748480151902,0.142975129703291,-3.19399127644966,0.00140320357487871,0.00878392354390854
"YFL042C",199.19748201624,0.543501779042313,0.170160899748434,3.19347812732926,0.00140569986221162,0.00878930612332786
"YLR299W",152.441971162727,0.488688526470756,0.153343889427086,3.18633218418277,0.00144089052553819,0.00899886396821585
"YAL044C",164.510321417363,-0.774541284542873,0.243372915069168,-3.18397722145213,0.00145266443123176,0.00904784726959085
"YDR058C",26.7809865021024,0.822549450213219,0.257325000295748,3.18375352771387,0.00145378741270842,0.00904784726959085
"YNL144C",187.153347776095,-0.551604356661763,0.173201230375326,-3.18387604824976,0.00145317223924287,0.00904784726959085
"YDR309C",149.105933415259,0.804847430565186,0.25291252910068,3.18097302896036,0.00146781294169739,0.00912456401603782
"YMR199W",127.230637804898,-0.652831746438524,0.205203639470533,-3.18013803856549,0.00147204912365611,0.00914031889382306
"YOR111W",31.3828687547761,0.615177387463311,0.192918271362807,3.17944002981065,0.00147559899487612,0.00915178083311739
"YLR330W",572.263207428499,0.335099330312694,0.105471596856178,3.17693900854584,0.00148838333690062,0.00922042318626672
"YOR288C",39.6503620724195,0.594797327419092,0.1871515780294,3.17056574573169,0.00152142399146429,0.00941424914533954
"YGL029W",53.5945290060184,-0.759553731582456,0.239258456632133,-3.17006849000807,0.00152403009929286,0.0094195232028791
"YJL087C",45.718938227032,-0.609984306966673,0.192347210872252,-3.16869952540564,0.00153122607419206,0.00945312097067307
"YPR115W",233.709674934814,0.476253989381172,0.150284492055549,3.16834532783462,0.00153309300607344,0.00945378017866871
"YMR259C",61.0351071476877,-0.645772719429133,0.203754800963877,-3.16762932920252,0.0015368733509401,0.00946622335768268
"YKR092C",99.8110070653346,-0.619826158219041,0.195787249124749,-3.16469024837001,0.00155248129721087,0.00955140555248518
"YDR359C",128.814404426272,0.837249512101908,0.264649975658886,3.16218132240463,0.00156592025872704,0.00962306374098735
"YJL104W",87.7832773501892,-0.419830955706112,0.13296055852323,-3.1569604255682,0.00159422981059504,0.00978583807166394
"YDL054C",85.8988593359193,0.488315714916353,0.15470417856941,3.15612898439796,0.00159878142604111,0.00980257424573835
"YLL054C",30.6641624087226,-0.59487018878931,0.188619992693055,-3.14950827277792,0.00163545478076637,0.0100045872750526
"YML066C",21.7326289281011,0.686296573217963,0.216891331096419,3.14966895973789,0.00163455561461591,0.0100045872750526
"YDR430C",119.969137584552,-0.437759203611549,0.139052895520263,-3.14839760005284,0.00164168229950467,0.0100312578278039
"YOR046C",204.836654828048,-0.329502107641099,0.104676139600741,-3.14762099953741,0.00164604963753212,0.0100465143218012
"YOL021C",164.410012672026,-0.535101679585087,0.170245286415821,-3.14280408818672,0.00167337798341523,0.0102017175356677
"YBL066C",61.2126956847919,0.673806783232496,0.214247265246755,3.14049055341086,0.00168665146954344,0.0102709807742833
"YBR084W",293.954804634086,-0.498909973704817,0.159027521901951,-3.13700957529308,0.00170680552909786,0.0103819394074571
"YMR267W",72.8244894575688,-0.434966729183347,0.138702821752754,-3.13548671457188,0.00171569199279731,0.010424187435876
"YDR517W",385.308150873644,0.473242598110373,0.15118608088965,3.13015912916253,0.00174711633234463,0.0105911532968657
"YER047C",102.359983098905,0.636945745845575,0.20326128867499,3.13036491298629,0.00174589277224823,0.0105911532968657
"YBL054W",35.5136409289477,-0.871056948212122,0.277569060964711,-3.12955021318516,0.00175074147609184,0.0106011640001007
"YDL174C",328.769168853926,0.569798434160744,0.18206969097353,3.12921656729152,0.0017527307480437,0.010601257711422
"YJR064W",375.892073897746,-0.427120947346098,0.136566276823924,-3.12773938168064,0.00176156305434695,0.0106426942237317
"YJL039C",113.13660830323,-0.571752539131166,0.182881579298301,-3.12571029428744,0.00177376197476699,0.0107043545690714
"YOR215C",170.218818109628,0.801507520725831,0.256430783342532,3.12496891601553,0.00177823849498623,0.0107193254282503
"YNL054W-B",16.3232551482203,-0.794826996478275,0.253214246848391,-3.12255793066935,0.00179286817885376,0.0107935454095057
"YPL146C",96.3928748955378,-0.756072753304105,0.242050857408454,-3.12227862640391,0.00179457010811555,0.0107935454095057
"YPL249C",123.63167183001,0.558609553416611,0.178862999050102,3.12099625573947,0.00180240325879979,0.0108285323299929
"YDR172W",417.530480964622,-0.471784207164134,0.151374583946153,-3.11672644457792,0.00182871175922226,0.0109254848262322
"YER088C",688.950171087939,0.497277347288064,0.159495220888428,3.1176638664679,0.00182290577246494,0.0109254848262322
"YGR009C",229.124769164166,0.490055058055855,0.157181672372856,3.11674130042057,0.00182861961618313,0.0109254848262322
"YIL006W",43.4371576918345,0.799664180998179,0.255988447597232,3.11696683858187,0.00182722124461377,0.0109254848262322
"YJR052W",75.1646706430681,0.511040927253096,0.163810887019416,3.11727975492559,0.00182528274216438,0.0109254848262322
"YLR249W",4504.24351162367,-0.726433774863821,0.233190232945558,-3.11570317272155,0.00183506885818571,0.0109512831525727
"YMR032W",86.9668012365012,-0.483555231664513,0.155349845909792,-3.11186849851357,0.00185907290943154,0.0110822204179321
"YJL107C",25.4880872798249,-0.712592175063418,0.228550001523524,-3.11091608554481,0.00186507931629102,0.0111056995651874
"YNL100W",118.722438306125,0.391601154666117,0.126002674949309,3.10707599819354,0.00188947817045643,0.0112385240902785
"YOL047C",32.9085451684397,0.713188208368512,0.229497927790071,3.10634696250804,0.0018941432431176,0.0112538090252042
"YGR210C",205.375485513924,-0.404287766018354,0.130303054495477,-3.10272055762378,0.00191750605432277,0.0113800276439421
"YKL104C",491.10511610447,0.620885946894533,0.200293022219082,3.09940713486522,0.00193908355420999,0.0114953838517239
"YEL012W",146.70954104362,0.611533415657705,0.197689476602926,3.09229483388322,0.0019861547461706,0.0117614521959011
"YAL035W",621.316733912712,-0.49923920912825,0.161483215906866,-3.0915013176868,0.00199147098447463,0.0117669864220168
"YKL162C",31.6007510218837,0.771577488815417,0.248755281923521,3.09150899854744,0.00199141946327023,0.0117669864220168
"YJL210W",97.2667697139516,0.574522365957992,0.18607503336108,3.08724398297748,0.00202021708148979,0.011897572307765
"YNL007C",328.702481824088,-0.488893737053015,0.158339804423233,-3.08743901223661,0.00201889193966195,0.011897572307765
"YOR128C",258.902796652213,-0.831336404345187,0.269524498087288,-3.08769483290611,0.00201715495508309,0.011897572307765
"YOR303W",223.649546787886,-0.356608497709447,0.115564127306521,-3.08608980035113,0.00202807561930274,0.0119307712500274
"YKL043W",241.663311374102,-0.729714889781942,0.236609170573201,-3.08343763704836,0.00204623992548603,0.0120244580303998
"YML082W",76.9252612558631,-0.633231518537669,0.20526633716173,-3.08226890995126,0.00205429165941169,0.0120585797843718
"YMR253C",58.4068984829404,0.499865945096682,0.16206107961477,3.08049791818544,0.00206654799352184,0.0121172808659452
"YBR043C",106.04467700066,0.427641182908159,0.138814824271883,3.07965590611697,0.00207239872301364,0.0121383353776513
"YDR510W",255.773504373057,0.545569579333368,0.177299086634147,3.07651850943039,0.0020943329950791,0.0122534450071567
"YLR103C",31.6776061992026,0.562953505694158,0.182533948416251,3.07557092298425,0.00210099953907916,0.0122790734759458
"YJR094C",20.6453098736757,0.880075966706946,0.284968781605728,3.07223448512388,0.00212462754398649,0.0124036679769037
"YER105C",138.854146913309,-0.41098283369087,0.133819503579756,-3.0706231833656,0.00213612550474826,0.0124572530792648
"YBR187W",239.957016956548,-0.599978308890604,0.195594116521455,-3.06761469747471,0.00215774636264716,0.0125560733627063
"YER083C",167.87070966653,0.43115078832731,0.140513094968897,3.06787316511392,0.00215588100508683,0.0125560733627063
"YBR231C",80.1784433448389,0.455208835791096,0.148372575942557,3.06640969910872,0.00216646236540611,0.0125931486629829
"YPL117C",159.320067394516,-0.480010848852795,0.156664141633959,-3.0637255281199,0.0021859936717586,0.0126929427146113
"YER004W",281.30143174319,0.582433229494085,0.190708158196767,3.05398522034283,0.00225823205845777,0.0130982336781606
"YDL112W",111.888362232847,-0.553095810325221,0.18111291928772,-3.05257872155727,0.00226884211944574,0.0131455782346743
"YGR200C",105.367632375535,-0.512142417418948,0.167862348751569,-3.04895481370927,0.00229639018993173,0.013289636164631
"YNL193W",76.6685045562249,0.396529813991348,0.130003780002298,3.04865875313503,0.00229865425375948,0.013289636164631
"YOL048C",97.3673700305963,0.570831227920581,0.187242212997925,3.04743119435507,0.00230806359393227,0.0133296877021615
"YMR275C",150.409027377454,0.32820358818594,0.107794124838307,3.04409886024526,0.00233378435391889,0.0134637548495149
"YDR273W",31.7285839983277,0.774867379318444,0.254048347647014,3.03679692027141,0.00239106487489051,0.0137794092736448
"YGL081W",12.77315157736,0.727264214980661,0.237494301750456,3.03458319308514,0.00240868313989626,0.0138660633916214
"YJL146W",61.770572802742,0.437902988627351,0.144360226359416,3.03169086981912,0.00243188115539569,0.0139846185070988
"YDR003W",114.264103055757,0.657293246097504,0.216681755860764,3.03088137066397,0.00243841030580464,0.0140071676497077
"YER102W",375.741615948156,-0.641309435866629,0.211674209848232,-3.02988736819416,0.00244644954106969,0.0140383338515869
"YBR157C",44.0949216787,-0.470273504163852,0.15515973088049,-3.0294592909461,0.00244991918554928,0.0140432400699948
"YGR095C",95.8442415089196,-0.437452468165097,0.144405037894165,-3.02844504322157,0.00245815783015739,0.0140754431831293
"YDL210W",12.7596983228321,0.726077307706065,0.237629359027196,3.026146390652,0.00247692350053567,0.0141677913965677
"YKR027W",65.9067802488855,-0.489070286224509,0.161653469376499,-3.02483476576139,0.0024876899485651,0.014214236929514
"YPL112C",82.1851100640621,0.452658380997048,0.149648898932725,3.02334275279455,0.00249998915155233,0.0142693323411132
"YGL055W",1507.53477921889,-0.678515915407919,0.22466871276124,-3.02036227461844,0.00252472502059651,0.0143952208976899
"YHR094C",426.276197348495,-0.612352369420046,0.202835559348359,-3.01884228706548,0.00253742585746652,0.0144397221671242
"YOL017W",26.1498838239174,0.599937277564,0.198204646001901,3.01878485982079,0.00253790685640761,0.0144397221671242
"YIL140W",134.504880406027,0.670428115989103,0.222583493445565,3.01054797078112,0.00260776751887399,0.0148215019511875
"YJR017C",162.33145330239,0.58596973691274,0.194862778193368,3.00709728913883,0.00263755335257802,0.0149749461487278
"YJL106W",49.9285672523977,0.554641396896077,0.184274684161565,3.00575600436186,0.00264921484165794,0.0150252723490441
"YOR207C",200.903195879838,-0.519108082491515,0.172764733294057,-3.00450632103478,0.00266012231276699,0.0150712204028181
"YHR171W",54.9274572103057,0.471864070054713,0.157080370872324,3.00091879525095,0.00269166335544666,0.0152212915231154
"YOR032C",24.2784535454715,-0.622580643561617,0.207311438871685,-3.00084922893746,0.00269227833680127,0.0152212915231154
"YBL078C",75.1387959681253,0.64837351424992,0.2160739298698,2.99927767003978,0.00270620551858161,0.015283943049739
"YDR352W",67.6250942854377,-0.460088548488871,0.153498028715523,-2.99759142460396,0.00272122224129339,0.0153526099348601
"YDL021W",28.5045925254809,0.584753036412383,0.194910856033278,2.9928009848346,0.00276429943087359,0.0155792783244722
"YBR071W",87.5600442812464,0.476710954527743,0.159270779830667,2.99201115566637,0.00277146135364782,0.015603269319122
"YIL078W",796.564470332748,-0.515941299847776,0.172542885871206,-2.99022592040457,0.0027877117960509,0.0156783246665857
"YPL164C",55.0174619233001,0.523983334012867,0.175034288589789,2.98916911291255,0.00279737254560426,0.0157162007766114
"YGR061C",544.844890213113,-0.656785315104227,0.219985451407217,-2.98602279112878,0.00282631578043426,0.0158622174051331
"YCL061C",58.0473305094758,0.498343137421769,0.16673481211549,2.98521575225428,0.00283378372261302,0.015887528574274
"YEL054C",233.927031309603,-0.732080403344946,0.245427545610324,-2.98384475735173,0.00284651155099231,0.0159256391045622
"YKR013W",439.917988148283,0.593170115426315,0.198761845826504,2.98410390444154,0.00284410172852304,0.0159256391045622
"YLR001C",84.4633812622215,0.601809436764083,0.201534753764041,2.98325368786157,0.0028520149140569,0.0159398252896978
"YNL301C",216.430361748332,-0.687670557488593,0.230805275127737,-2.97970824737029,0.00288523039589191,0.0161087031770639
"YOR019W",65.5216852832404,0.514313156571484,0.172535380811527,2.97849981211573,0.0028966320716415,0.0161555668294771
"YFL055W",31.5021715613524,0.682851165780386,0.229113909751575,2.97657631078686,0.00291486530284174,0.0162390644997128
"YLR363W-A",20.3840997230005,-0.820877971864905,0.274978393513882,-2.97628352615742,0.00291764983098544,0.0162390644997128
"YJR054W",53.2162368162901,0.555905854130494,0.186551907769504,2.97584161413237,0.00292185723285681,0.016245647202561
"YDR508C",339.093227832705,-0.360458894171331,0.121147805825818,-2.97533663190629,0.00292667189872579,0.016255589212054
"YBL010C",36.0565139948789,0.702014542874703,0.235303026187358,2.97370709545432,0.00294225785429844,0.0162990856431451
"YIL131C",37.7622249756874,-0.663116448672906,0.222573658460363,-2.97371402334376,0.00294219143139732,0.0162990856431451
"YPR198W",97.6462106966595,0.405167733205444,0.136211038348263,2.97356641321813,0.00294360697707145,0.0162990856431451
"YLR164W",27.6478088251241,0.661904418425641,0.222264230226087,2.97190908170798,0.00295954310535289,0.0163704490410406
"YNL333W",9.39236122674877,0.79789774347188,0.265078044140279,2.97035607804424,0.00297454747116137,0.0164196243243656
"YOL097C",327.48306960896,-0.641004028057888,0.215821764520857,-2.97040280314419,0.00297409502516599,0.0164196243243656
"YKR082W",78.0367363326836,-0.461664378720963,0.155375201331116,-2.96978479039157,0.00298008441344722,0.0164332991628594
"YPL088W",107.820427159855,-0.514977157930223,0.17347039215731,-2.96930267135506,0.00298476444468928,0.016442225469155
"YJL155C",145.064380724805,0.382785284711313,0.128919945377944,2.96876637108893,0.0029899783020029,0.0164540711680918
"YMR148W",60.2120903388406,0.730662029847353,0.245984992398045,2.96640786141588,0.00301300625934813,0.0165468881584446
"YPL223C",23.950397223834,0.762195599414512,0.256388694642748,2.96649427085214,0.00301215973001714,0.0165468881584446
"YER056C-A",593.232407746292,-0.462082441667234,0.155801652600123,-2.96600384157954,0.00301696721015932,0.016551716941538
"YGL186C",155.370605255104,-0.606934231417292,0.204820706621693,-2.96415982717628,0.00303510603797772,0.0166172829051767
"YPL092W",86.338644824721,-0.680892489465666,0.229804222232979,-2.96421496442953,0.00303456223551612,0.0166172829051767
"YAL037W",10.041395913332,0.811594794184425,0.269848586936602,2.96353067941826,0.00304131743336986,0.0166343339456512
"YMR004W",105.991272046504,0.437531615703756,0.147676748471646,2.9615735096399,0.00306071421486875,0.0167233937416684
"YOL133W",36.8773971832784,0.494088838796854,0.166593974574779,2.9610898900068,0.00306552454021124,0.0167326547819864
"YPR192W",20.1163088406199,0.685816110262405,0.230858097509232,2.96017062024792,0.00307468707424352,0.0167656287063573
"YHR096C",65.1001259022896,0.705912119740115,0.238356537742525,2.95615863087915,0.00311496837534598,0.0169680478133704
"YNL111C",39.7906124300948,-0.499677584341369,0.16914609884429,-2.95324094549853,0.00314456415799762,0.0171119089084146
"YCR065W",52.2030562661341,0.525513903222372,0.177850161817654,2.95007845715753,0.00317693243412956,0.0172705507122569
"YGR144W",14.4346135957323,0.789326553972404,0.265718497593061,2.94969559994793,0.00318087154114794,0.0172744803311482
"YGR285C",1072.37920954621,-0.254338519180581,0.0862752096431386,-2.94799481251044,0.00319842431814913,0.0173522596088676
"YBR046C",105.350368051666,0.602145874283896,0.204278852695046,2.94722060056273,0.00320644368052057,0.0173745806288652
"YGL090W",36.9823870521918,0.53478558384375,0.181091992315317,2.94697337005336,0.00320900837531824,0.0173745806288652
"YDR381W",277.14973905813,-0.551565600832685,0.187739583552738,-2.93789840218766,0.00330445293682753,0.0178703516866702
"YDR536W",20.4387968613501,0.64350606744605,0.218184856960469,2.93714527205665,0.00331248892186889,0.0178703516866702
"YHR161C",309.03868942775,0.676920623255261,0.230458413879916,2.93693992488969,0.0033146830858335,0.0178703516866702
"YKR098C",112.204466354766,0.553925975308772,0.188508892342823,2.93672112690925,0.00331702243026817,0.0178703516866702
"YLR055C",178.705717741137,0.435714980550769,0.148342926547997,2.93670349007359,0.00331721106527838,0.0178703516866702
"YBL046W",155.005960259193,0.694602169974516,0.236664478010824,2.93403714405657,0.00334584165553214,0.0180065285890412
"YHR034C",51.6716436894132,0.447864745911353,0.15267123217313,2.93159809390256,0.00337222848230662,0.0181303695480169
"snR49",16.5908164629738,-0.707764751709029,0.24176017941279,-2.92311325646173,0.00346550438040668,0.0186132240271643
"YBR156C",35.530364003333,0.598656965324802,0.204566251930529,2.91961571829977,0.00350463251923302,0.0188045766841164
"YCL044C",88.2571027410092,0.771723241516334,0.264178073366941,2.91921578764025,0.00350913219664971,0.0188099291698659
"YNL093W",12.7815139382293,0.764597035753561,0.259813510463689,2.918502408834,0.00351717157815903,0.0188342258686861
"YHR091C",88.576689567298,0.697936483119106,0.239225896259901,2.91479726563386,0.00355919667536178,0.019040284206542
"YER030W",180.725333045694,0.679153590601568,0.233017946506868,2.9133001037883,0.00357630723799146,0.0190937834744057
"YOL082W",174.012757549292,0.536889551729702,0.184287836959572,2.91355486007042,0.00357339044082608,0.0190937834744057
"YLR223C",61.8835666730601,-0.577451370641028,0.198055945304497,-2.91249577487397,0.00358553051067653,0.0191240162590304
"YHR175W",205.922435473387,0.462582094023538,0.158955025106128,2.91008645795196,0.00361328787052144,0.0192529455878677
"YGL127C",71.1611736202293,0.817090852132912,0.280949350229242,2.90821783416649,0.00363495040234326,0.0193491760267449
"YGR258C",111.728985319595,0.387521360782231,0.133258708325404,2.90648389332779,0.00365515716022116,0.0194374743639088
"YJR047C",104.436618587962,-0.746131101415169,0.256891595554901,-2.90612714711784,0.00365932720773888,0.0194404020106484
"YPR168W",11.4784297329466,-0.763167945000292,0.26177463823162,-2.90452348176796,0.00367812611953999,0.0195209638221831
"YHR165C",180.296170962448,-0.319706477669189,0.110108460773477,-2.90322884305224,0.00369336648810961,0.0195824989216552
"YLR287C",32.6030318558408,-0.530079696217188,0.182854310577194,-2.89715550179986,0.00376563054773546,0.019945958256299
"YLR362W",89.3388163787768,0.606587022195523,0.209169300212813,2.89669175792118,0.00377120089762745,0.0199557832720759
"YLR196W",218.522157318829,-0.576975281604198,0.19923282552065,-2.89500877194671,0.00379147937308216,0.0200433422370318
"YIL005W",132.723052607884,0.501756387813258,0.17331611920226,2.89351944650687,0.00380950700222846,0.0201188417983963
"YBL087C",870.322169747187,-0.612725169706348,0.211952517941155,-2.89109941305297,0.00383896661211714,0.0202545085203155
"YCL055W",49.7845658354639,0.47007135853393,0.162566823779179,2.88961271942548,0.00385716694931151,0.0202708842316557
"YDR347W",104.416553746984,-0.377416130585537,0.13057608337437,-2.89038668390794,0.00384768219521739,0.0202708842316557
"YLR089C",317.753015722771,-0.461131956851404,0.159547338502061,-2.89020272219384,0.00384993468141497,0.0202708842316557
"YML118W",27.7767849486228,0.572462891590831,0.197472145496715,2.88986032805036,0.00385413025522559,0.0202708842316557
"YBL050W",206.122902269345,0.43984567403576,0.15221177663338,2.88918787746097,0.00386238231345326,0.0202784510318255
"YBR025C",771.115704734921,-0.677522429023423,0.234615160858181,-2.88825025847688,0.00387391521155367,0.0203191392590379
"YNL030W",988.877024499844,0.250126919844764,0.0866801781794571,2.88561847703294,0.00390645397152167,0.0204698188107735
"YMR068W",68.8980645344559,0.479038811839532,0.166020899409084,2.8849711806619,0.00391449494302615,0.0204919613440482
"YOR065W",98.5830344932967,-0.426059588590202,0.147794784060263,-2.88312618588869,0.0039374967552468,0.0205923028942849
"YNL115C",161.461989637716,0.572734244953008,0.198691175906726,2.88157552979192,0.0039569238660436,0.0206737724557589
"YAL019W",94.5802637589968,-0.536231140013941,0.186034952605613,-2.88038177310243,0.00397193887925487,0.0207320541501243
"YOR097C",64.9677758605818,0.680849098152186,0.236120767309237,2.87982835948672,0.0039789172244791,0.0207483149637643
"YEL020C",83.330396215381,0.411087345068213,0.142735670167112,2.87935550994413,0.00398488850326331,0.0207592979156423
"YLR046C",36.4736680560393,0.505297712492927,0.175140667573714,2.87876313538486,0.00399238065920277,0.02076090813129
"YMR123W",85.415214875176,-0.385671816521825,0.13397042453936,-2.87871987228427,0.00399292833729706,0.02076090813129
"YOL101C",71.5307005524415,-0.685580479770468,0.238797507068811,-2.86922075631454,0.00411484494592941,0.0213741123835463
"snR44",24.0915460007449,-0.671551618687024,0.233604360977418,-2.86826785810838,0.00412725950688923,0.0214051221260046
"YDR489W",44.9396135831205,0.55327561236957,0.192614235122458,2.86815091345775,0.00412878542590594,0.0214051221260046
"YBR189W",1834.73708364663,-0.602553936637486,0.210123196829952,-2.86777847912004,0.00413364844125261,0.0214096680597568
"YGR187C",61.3036870031186,-0.627636311693613,0.218700943969385,-2.86602139473951,0.00415666152848506,0.0215011037200869
"YML116W-A",30.3960082055869,0.542612962389528,0.189012131439671,2.86581984925237,0.00415930865112089,0.0215011037200869
"YPL176C",150.931488739459,0.600960700196124,0.209714003857775,2.86421747733121,0.00418040887623266,0.02158940007139
"YLR304C",589.350823609373,-0.599238402359405,0.209590193781462,-2.85937056369756,0.00424482607083675,0.0219010190455948
"YPL235W",184.050406492667,-0.417359452584575,0.145990597172835,-2.85887785871927,0.00425142444754815,0.0219140121955673
"YDR315C",23.4352445458042,0.603121594527612,0.210425690776475,2.8575315823127,0.00426950143865039,0.0219860903422735
"YGL023C",304.549027121218,0.490240181472711,0.171591713161437,2.8566571862479,0.00428127961257828,0.0220256252865497
"YNL188W",64.956941011881,0.713543325080072,0.249300423025286,2.85585381769013,0.0042921270045334,0.0220437534562482
"YPL241C",23.1222423193064,0.572232892642516,0.199847405746657,2.85578837371778,0.00429301175111443,0.0220437534562482
"YBR014C",74.3040636670292,0.421536749515856,0.147575694289007,2.85468601343951,0.00430793959462743,0.0220992775193352
"YEL064C",34.9800561346334,0.497343288914696,0.173982747685324,2.85398756904787,0.00431742206716187,0.0221060866581423
"YGR007W",182.568437486345,0.293308874405313,0.102763575047736,2.85398193862216,0.00431749858581108,0.0221060866581423
"YKL051W",146.342278688237,-0.565553951158005,0.19819242782002,-2.8526425132497,0.00433573663134765,0.0221783251875888
"YER165W",806.511967332753,-0.42052778878996,0.147435079576435,-2.85232601638481,0.00434005634351715,0.022179298402503
"YDR132C",36.7640814132544,0.507280370643506,0.177556875609132,2.85187470673252,0.00434622279881036,0.0221824200025806
"YDR463W",110.19431221246,0.534684757911595,0.187378234217048,2.85167695680365,0.00434892725055249,0.0221824200025806
"YMR226C",333.423085628538,0.339444122361818,0.119157662389962,2.84864855137292,0.0043905351070088,0.0223521934215585
"YNR054C",38.4665355787895,-0.715879545368145,0.250956374924624,-2.84889567772794,0.00438712631782647,0.0223521934215585
"YOR145C",51.9781914909894,-0.709305031736908,0.249033634767989,-2.84640377902236,0.00442160896545405,0.0224890736301645
"YMR158W",40.1108163248828,-0.454296283245083,0.159839968545793,-2.84212501595138,0.004481391485957,0.0227500507288044
"YNL242W",97.0033286334556,0.456962181734048,0.160677614658551,2.84240882396368,0.00447740358089664,0.0227500507288044
"YLR294C",49.8697529316466,0.761285123228496,0.267802058385121,2.8389736069111,0.00452589002344902,0.0229542543115625
"YER119C",136.185069791461,0.48107144724829,0.169535540774981,2.83678400908252,0.00455704285551019,0.0230669942789614
"YHR002W",43.6149766602199,0.506716840920757,0.178453003102323,2.83650662910798,0.00456100315104394,0.0230669942789614
"YLR090W",100.387252976815,-0.435757950957527,0.153585770789437,-2.83692960769471,0.00455496531658944,0.0230669942789614
"YNL256W",90.5343029205036,-0.475373328985103,0.167563948104786,-2.83563603773664,0.00457345328376976,0.0231082009286241
"YLR141W",47.7727773287861,0.549173171029643,0.193535080533754,2.83514264715715,0.00458052281001139,0.0231221691847473
"YLR067C",44.0429647257123,-0.567458292671845,0.199997778454107,-2.8342747255689,0.00459298281077155,0.0231572485647516
"YML018C",94.424273528158,-0.54661227663791,0.192870284125487,-2.83405826444102,0.00459609513498886,0.0231572485647516
"YLL043W",429.524525486445,0.591701448077437,0.208849018660189,2.83263885429068,0.00461655108685828,0.0232304074688597
"YML080W",19.6359669035573,-0.698872620728969,0.246460617358208,-2.83245093087976,0.00461926553281365,0.0232304074688597
"YGR148C",724.497359912262,-0.43679924494156,0.154298290229625,-2.83077372586252,0.0046435558861034,0.0232871509470228
"YHR101C",34.8691104023572,0.50054491935677,0.176539513036835,2.83101494758449,0.00464005525310009,0.0232871509470228
"YKL001C",48.327018877294,0.574411956604997,0.202755134740628,2.83112315032688,0.00463848578090329,0.0232871509470228
"YPL131W",3394.87241088044,-0.453076246041372,0.160121642963428,-2.82960295190795,0.00466058026449167,0.023350724440844
"YFL036W",201.029613082446,-0.34720601772828,0.12272594642625,-2.82904930548496,0.00466865057390645,0.02336935902372
"YDR379W",154.813094586287,0.499938972233991,0.176668648001446,2.82866117863929,0.00467431570428549,0.0233759307706866
"YGR090W",141.846772316129,-0.566727130400825,0.200290984988616,-2.82830931663803,0.00467945688797266,0.0233798725072569
"YER171W",73.6457934139515,-0.419810225266547,0.148416603628038,-2.82771407856386,0.00468816578473882,0.0233798871214784
"YOL022C",100.609820631558,-0.375130539949194,0.132631543083785,-2.82786788110222,0.00468591410316619,0.0233798871214784
"YML054C",27.3385626921055,0.534724075631881,0.18876740977451,2.82467316130137,0.00473288667029441,0.0235810151262999
"YDL115C",75.7709473638308,0.428840181287621,0.151776935683499,2.82407882966258,0.00474167211504179,0.0235900524443071
"YNL201C",54.3927406515719,-0.483010449132704,0.170922992857969,-2.82395632912153,0.00474348475886273,0.0235900524443071
"YER180C-A",9.13273407726252,-0.768199857436239,0.270204785927009,-2.82316663297248,0.00475518497552683,0.02362636309302
"YCR079W",111.781101695688,0.475060738362139,0.168303993530027,2.82177561242484,0.00477585801795568,0.0236942798671968
"YNR046W",92.3876715031989,-0.53419461248311,0.189323288624117,-2.82165345601428,0.00477767735918343,0.0236942798671968
"YMR110C",177.526837240636,0.348589141021704,0.123779897494022,2.81602911018437,0.00486212609183826,0.0240464818041098
"YOR051C",197.679043730399,-0.402485310868956,0.142888971506388,-2.81608657754742,0.00486125644236619,0.0240464818041098
"YOR127W",174.975506570599,0.37755348647192,0.134016352389305,2.81612786805697,0.00486063168293702,0.0240464818041098
"YCR081W",27.9896280826984,-0.562625033873959,0.199680602798088,-2.81534056168266,0.00487255679827254,0.0240539334217066
"YGR086C",1382.49274743022,0.361748479030225,0.128492121081353,2.81533838840626,0.0048725897528983,0.0240539334217066
"YBR233W",50.9793809616956,0.674396420228128,0.239032503489808,2.81495278783567,0.00487844002627718,0.0240606991562302
"YIL127C",56.7898698795286,-0.78347126829286,0.277913341341502,-2.81440462935261,0.00488676754105379,0.0240796591403669
"YEL033W",42.0654312373038,-0.824401081584708,0.293252115586734,-2.8140042359124,0.0048928583631481,0.0240875731150032
"YGR174C",82.7879966180578,0.653925701380013,0.232274075555765,2.81238541823025,0.00491755403922558,0.0241869805354218
"YFL046W",63.2092441820284,0.660836886760664,0.234762200448847,2.81056102725733,0.00494552089986477,0.0243022806524919
"YBR146W",117.321079509131,-0.432734841074251,0.154075796771803,-2.80784908808572,0.00498735925269494,0.0244631110011183
"YOL105C",147.832455388545,0.56271741792134,0.200284518946897,2.8079563748222,0.00498569802848498,0.0244631110011183
"YBR201C-A",28.730853696538,0.651177053943915,0.23107628222199,2.80706719238647,0.00499948122347205,0.0245001949372887
"YPL125W",80.8144760406243,-0.404204132360049,0.144130718784683,-2.80348108794418,0.00505541970855741,0.0247517404326908
"YHR032W",182.536445580724,-0.617315626262924,0.220277190348623,-2.80282932183192,0.00506564695103853,0.0247792256594061
"YHR008C",448.096038279041,0.332261133931017,0.118707103424401,2.79905030302944,0.005125315226687,0.0250482876092228
"YBR085C-A",186.229531578104,0.374879058151334,0.134039940346639,2.7967869249257,0.00516135595107508,0.0252014934665675
"YOR228C",42.7936579650915,0.517086319537511,0.185003603003123,2.79197393477979,0.00523875759715268,0.0255561916932852
"YDL146W",78.3821259457491,-0.379878521724438,0.136122697089943,-2.79080267831111,0.00525775148154088,0.0256255745983267
"YKL203C",148.871268206113,0.338675251308226,0.1213615297595,2.78997581782048,0.00527119784574755,0.0256678183404443
"YKL033W-A",180.822662474126,0.334964905957303,0.120066792073118,2.78957904514512,0.00527766116591621,0.0256760127917898
"YER063W",173.058600686365,0.391749864558764,0.140514238543909,2.787389025515,0.00531346497118061,0.0258268057558471
"YJL165C",186.282186468237,-0.324136904184039,0.116399047258945,-2.78484741557464,0.00535529172139406,0.026006574896571
"YHR050W",253.577142565478,0.378534245835348,0.136103404043303,2.78111619164188,0.00541723445404778,0.0262836190177874
"YAL031C",84.3836218757444,0.459270002084738,0.165052024000656,2.78006865958952,0.00543474063624024,0.0263210026665882
"YNR038W",51.7866643191873,-0.560745921290822,0.201441550448758,-2.78026128411974,0.00543151769981534,0.0263210026665882
"YBR203W",132.658325013893,0.447234076421905,0.160848842632045,2.77918834449284,0.00544949179246245,0.0263686670426269
"YAR008W",44.7538567090646,0.70798367015317,0.254064134816136,2.77844288956347,0.00546201139177954,0.0264054574124644
"YGL157W",189.288884023969,-0.310182020956551,0.111766460760804,-2.77526795945686,0.00551562427185342,0.0266406636368028
"YNR016C",930.626275177714,-0.465088673365181,0.167763874130307,-2.77230483331112,0.00556608855038487,0.0268602530135823
"YLR095C",173.943240366072,0.593338735884319,0.214013165596452,2.77111939968389,0.00558639378929291,0.0269340404329374
"YBR018C",11.2251785980948,0.772590514865853,0.27684224272192,2.7703716311671,0.00559923663507525,0.0269717488493176
"YIL013C",50.8714865511511,-0.424236548562645,0.153253043095136,-2.76777779952986,0.00564399214594342,0.0271629765375109
"YDR128W",127.279671858016,0.371399507388796,0.134208590630415,2.76655441868202,0.0056652128734508,0.0272406968158498
"YIR022W",153.575438054074,0.324005654136098,0.117109288763346,2.76622442523917,0.00567094924137761,0.0272438894234697
"YDR436W",147.871312231729,0.402666082196873,0.145803367583369,2.76160669815737,0.00575177193755861,0.0276074772802746
"YFR046C",45.5165957183477,0.49601105038001,0.179311396578799,2.76126871845389,0.00575772809420615,0.0276113907089118
"YER043C",1217.73927526099,-0.532765404420144,0.19301664039741,-2.76032056443056,0.0057744669436244,0.0276210629528661
"YIL088C",230.593715474961,0.284039211032622,0.102899284592172,2.76028063025679,0.00577517290934066,0.0276210629528661
"YNL136W",141.106766989919,0.724292076968079,0.262233812190267,2.76048503729487,0.00577156017379224,0.0276210629528661
"YDR348C",287.798502735099,0.44711023029117,0.162104640396816,2.75748928381517,0.00582471224652907,0.0278332112776758
"YLR037C",20.8869777760354,0.638930547427724,0.231499500576824,2.75672330573752,0.00583837324298482,0.0278736912782857
"YAR007C",111.840891667971,0.467603154881605,0.169641223671439,2.75626261642394,0.00584660340630594,0.0278881944007719
"YOR077W",29.7834950726294,0.543397504923139,0.196924677540911,2.75512928633895,0.00586689475186001,0.0279601523622361
"YKR056W",55.3843950428299,-0.633794808622699,0.229788773558928,-2.7540458516565,0.005886352087783,0.0280280115811015
"YER073W",518.846553182487,-0.545046651809788,0.19828287570451,-2.74909174594085,0.00597606564428329,0.0284299810234239
"YGR175C",405.221416376135,-0.552732840880446,0.201119723659195,-2.74834707030565,0.00598965692333847,0.028469422420576
"YAL056W",193.552502591373,0.285656435560703,0.10399431135852,2.74658482930494,0.00602193106997431,0.0285830706576597
"YKL185W",184.427273360574,-0.483180753202493,0.175899948020414,-2.74617101245649,0.00602953249955846,0.0285830706576597
"YMR030W",43.9973028617479,0.495772350841296,0.180287695507098,2.74629440645667,0.0060272649628458,0.0285830706576597
"YLR050C",94.0211141119048,0.576191394231273,0.210075256610377,2.74229400315297,0.00610117052728601,0.0288971665802938
"YGR239C",28.6524371733756,0.598810587119575,0.218393739839811,2.73772409867409,0.00618659538158839,0.0292759504797456
"YMR111C",53.3036157429608,0.664749525401031,0.242808084037428,2.73404286133975,0.00625619000453442,0.0295792222837627
"YLR099W-A",108.125692405791,0.717060980569086,0.262437377936174,2.73324039352297,0.00627145408365104,0.029605608109137
"YNL133C",17.4554614702118,0.758317409391946,0.275670432043053,2.7331699816834,0.0062727950154902,0.029605608109137
"YDR423C",99.6586803007115,0.472239230556657,0.172739255086392,2.73259526567625,0.00628374963277419,0.029631272412318
"YDR272W",105.286777925435,0.414243076732665,0.151561578473129,2.73219478933964,0.00629139325861842,0.0296384050719963
"YGL180W",58.4915405732735,0.542577557933695,0.198423909340918,2.73170937412152,0.00630066927575582,0.0296384050719963
"YLR325C",1079.17629317923,-0.344474815097855,0.126104974059987,-2.73164936329486,0.00630181690415561,0.0296384050719963
"YMR181C",116.456112068851,0.581915472992095,0.212934989704709,2.73072208485082,0.00631957381956683,0.0296959151223915
"YFR003C",101.287065799261,0.394370254015807,0.14448504974293,2.72912200061701,0.00635032055146783,0.0298143109107812
"YNL185C",49.9102877915875,-0.526743090591946,0.193122384219623,-2.72823008802352,0.00636751764728974,0.0298689408590333
"YBR192W",56.2955785496532,-0.546525500792295,0.200424924245031,-2.724910464806,0.00643189265201232,0.0301277087247727
"YNL315C",114.519065520275,-0.516721176365798,0.189663117597333,-2.7248073855465,0.00643390093228715,0.0301277087247727
"YPL255W",56.036657013779,0.605893408236022,0.222025893065659,2.72450416954518,0.0064398117225937,0.0301291191307063
"YBR073W",163.581576744578,0.46486014909064,0.170775718172781,2.72103583161664,0.0065077707101443,0.0303472471028681
"YCR069W",279.267398166827,0.476303583379703,0.175001764027236,2.72148363513173,0.00649896028243912,0.0303472471028681
"YOL119C",86.2656495784019,0.564091219479785,0.207213997875172,2.720971601028,0.0065090353123262,0.0303472471028681
"YOR293W",1292.93648033083,-0.496916155174652,0.182597306574253,-2.7214746521404,0.00649913691515044,0.0303472471028681
"YHR132W-A",110.833275364214,0.564591456232293,0.207543638471838,2.71956538434405,0.00653677702110427,0.0304501555770607
"YNL327W",467.771675913362,-0.664856743228205,0.244799166966034,-2.71592854195786,0.00660901811104671,0.0307599967716048
"YEL045C",16.4021750500472,-0.661018065016231,0.243172179422383,-2.71405290879704,0.00664655498776723,0.0309079193413834
"YOL111C",130.306065124163,0.347561387821638,0.128091478105495,2.71286702754139,0.00667038671985402,0.0309919092321245
"YHR142W",168.40586473821,0.372014008271717,0.13722089516857,2.7109720911953,0.00670862726241322,0.0311426422008828
"YOR367W",47.9764065022176,0.485253804154882,0.178893260850605,2.70947566225216,0.00673896490747231,0.0312564598601328
"YGL040C",241.291416433365,-0.519692277877743,0.191892472982949,-2.70839226225006,0.00676100596304395,0.0313316333283081
"YCR076C",72.4598741599668,0.435200599511375,0.160623311101093,2.70792915400926,0.00677044734441943,0.0313483385231696
"YFR042W",44.8708000450784,0.473682563719367,0.174827477070643,2.70739699733354,0.00678131104495523,0.0313715948513821
"YDR225W",1049.26302453842,-0.680109772972851,0.251366700509901,-2.70640212269492,0.00680166291968947,0.0314386674196662
"YKL103C",271.201417052564,0.643928363939281,0.238312823822055,2.70290812832153,0.00687357419458648,0.0317437377464522
"YDR335W",313.773331511432,0.4686279683539,0.173396152765348,2.70204613749229,0.00689141988681276,0.0317988111787554
"YDR312W",36.3759289666234,-0.498526978072068,0.184366711715905,-2.70101543208535,0.00691281309171099,0.0318155262344299
"YMR264W",162.624584312823,0.381290602224027,0.141142374013888,2.70140122149481,0.00690479871415389,0.0318155262344299
"YPL163C",230.662481580111,-0.674818060064075,0.249792488463997,-2.70128431623636,0.00690722641856337,0.0318155262344299
"YKR093W",72.4057088797742,-0.456433831803933,0.169094407136739,-2.699392268796,0.00694662425737558,0.0319437661698324
"YPR067W",62.3615321085444,0.432978251995685,0.160396677713349,2.69888415927103,0.00695723887625363,0.0319652095845665
"YLL048C",256.91753159835,-0.415484769630277,0.154054375500442,-2.69700418321931,0.00699663914013284,0.0320913311884316
"YLR324W",142.848303636557,0.492639971213389,0.182643035486608,2.69701684313511,0.00699637314664177,0.0320913311884316
"YHR179W",1327.43348663335,-0.408196731666254,0.151438615359137,-2.69551000653756,0.00702809667979574,0.0322081120027158
"YFL053W",17.9445875473751,-0.653308306759588,0.242034895928424,-2.69512048448747,0.00703631829778681,0.0322182997249897
"YDR492W",136.842541508587,-0.593301589976602,0.220230351773813,-2.69270258103947,0.00708754631523899,0.032409469938445
"YER091C",730.400938158864,0.743784694437121,0.276565910405598,2.69229703071972,0.00709617141083809,0.032409469938445
"YJR099W",54.7037325704852,0.674817495192782,0.250266314413121,2.69239777884777,0.00709402785727263,0.032409469938445
"YIL019W",57.4873666404643,-0.620028362872875,0.230112560722432,-2.691010055094,0.00712360477518168,0.0325063378389145
"YKR053C",75.7585697580426,-0.494977338445373,0.183939767908066,-2.69073475877258,0.00712948537967628,0.0325063378389145
"YPR091C",170.867456878459,0.375095180874983,0.139418363134199,2.68997606149658,0.00714571447327259,0.0325526992671307
"YIL122W",90.4922654771318,0.701449272508567,0.260637760589495,2.68855581600353,0.00717618374052563,0.0326260320866364
"YJR062C",74.1998522800356,0.373058717929573,0.138670409046849,2.68874117502774,0.00717220053100757,0.0326260320866364
"YML102W",84.4443314103154,0.428590636261536,0.15939638200087,2.68837666826979,0.00718003536146048,0.0326260320866364
"YKL190W",193.163613031069,0.318824920492038,0.118708142284119,2.68560771825205,0.00723980337238254,0.032869808886785
"YBL049W",17.3562290264522,0.669288227629149,0.248797285858832,2.68489043160557,0.0072553586974781,0.032912611118374
"YHL015W",2639.63846187021,-0.3421114126422,0.127434682371995,-2.68460625546188,0.00726152972959837,0.0329128069009897
"YPL127C",202.607970360921,0.281080169344439,0.104745466165146,2.68313931443538,0.00729346008757387,0.033029657782765
"YDR421W",81.9821846458189,0.412524053138588,0.153755285064207,2.68186877274371,0.00732121724437118,0.033071705483194
"YGL008C",3270.49422980524,-0.707945277643811,0.264100443894618,-2.6819582735288,0.00731925884797376,0.033071705483194
"YJR005W",105.337197543698,-0.316509883555721,0.118003707826872,-2.68221520179027,0.00731363952641277,0.033071705483194
"YIL116W",139.786619186261,0.422163821130176,0.15753172511151,2.67971727600947,0.00736843657024147,0.0332570359821571
"YML055W",58.8382813625585,0.620678636605268,0.231730844535166,2.67535734453109,0.00746496350923304,0.0336644156239216
"YOR256C",138.124538323935,0.505736449146472,0.189064453770572,2.67387145319652,0.00749811866452482,0.0337855665664117
"YGL073W",174.638648789615,0.572333052556316,0.214018106543848,2.67303564106103,0.00751682637495726,0.0338414706285796
"YJL061W",73.8673617341415,-0.390051253993597,0.14592232194905,-2.67196953915556,0.00754074932108691,0.0339207408740015
"YJR035W",51.4835827708026,0.555494759347077,0.207589453515164,2.67062076232896,0.00757111319754984,0.0340288276017073
"YDR498C",86.8138954337477,0.371660953746729,0.139240259056512,2.6680409916974,0.00762949489564241,0.0342339324014164
"YLR298C",62.7364749145157,0.638730954979287,0.238959127549165,2.66825930579415,0.00762453873742344,0.0342339324014164
"YJL163C",108.554550212728,0.544078166050205,0.204475342219154,2.66103784164601,0.00779002015267152,0.0349250402671108
"YNL292W",72.2919146564101,-0.460344709513934,0.173059395423498,-2.65851743353592,0.00784852899128828,0.0351580060151871
"YIL159W",36.3790210567926,0.651929360152535,0.24441031485267,2.65810596477876,0.00785811813157642,0.0351716270705808
"YHR132C",296.692247279544,0.363282711775822,0.13671989939216,2.65721150072285,0.00787899952714376,0.0352357256122307
"YKL007W",210.36133240262,0.404145897919249,0.152139674469637,2.65594257320806,0.00790870809912959,0.0353391607324667
"YBR023C",241.24517711495,0.304225056965967,0.114647655882136,2.65311338928991,0.00797530745082727,0.0356071291092213
"YKL107W",14.0829557735369,0.666460420462045,0.250095989870694,2.65023623353447,0.00804355070404129,0.0358819857403702
"YBR030W",50.1988091321957,-0.509445010665979,0.192325320129635,-2.64775618975102,0.00810279391665348,0.0361162706442704
"YKL180W",1597.40872575818,-0.228288936760523,0.0862446218387593,-2.64700416658554,0.00812083524262531,0.036166671714876
"YKL081W",1527.84170432595,-0.551578526460618,0.208488009632857,-2.64574318198647,0.00815116745782864,0.036184772584856
"YLL035W",23.5915228749878,-0.643916215334939,0.242574188701415,-2.64615212342993,0.00814131952887564,0.036184772584856
"YPL194W",28.4892728433681,0.712071640235841,0.268186241247379,2.64600354659106,0.00814489625165467,0.036184772584856
"YPR111W",34.4587053685958,0.505940966979068,0.190912368793323,2.64571494441265,0.00815184785471527,0.036184772584856
"YDR022C",29.4720212532972,0.626213681402935,0.236746524730067,2.64482626009827,0.0081732870893089,0.0362499793201305
"YMR122W-A",1250.99075511104,-0.555780615431281,0.210249239803405,-2.64364414512991,0.00820188345259929,0.0363467953992663
"YPL207W",224.955546059445,-0.422205535656013,0.159743457644516,-2.64240765142598,0.00823189106434326,0.0364497006649527
"YKL191W",132.60066507758,-0.53647606247851,0.203080238015948,-2.6416670454927,0.00824991132629148,0.036499401757423
"YIL113W",38.7046333097034,-0.539344359171033,0.204260365272363,-2.64082522105689,0.00827043727219096,0.0365600976040639
"YDR078C",26.0115796756664,0.679100099507689,0.257054303085556,2.6381041729644,0.00833709666459188,0.0368244623236209
"YJL013C",59.6174616898566,0.400028308742537,0.151571779447761,2.63705762209337,0.00836286245283919,0.0368776143137925
"YLR288C",56.7708735978541,0.505156196713395,0.1913401817902,2.63731144526169,0.00835660686344058,0.0368776143137925
"YHR112C",105.538266905778,0.45894196064118,0.174088005008506,2.63668064000784,0.0083721610815915,0.0368883323783658
"YJL154C",210.818255075195,-0.268865498405224,0.101990219024604,-2.63632632436386,0.00838090905040825,0.0368966086145432
"YOL053W",84.4340699562558,0.510449173877455,0.193678529484632,2.6350421732615,0.00841268299128434,0.0370061591696873
"YDL150W",54.1303657209041,-0.586356701241481,0.222323376856656,-2.63390928137043,0.00844080370996662,0.0370994735893869
"YPL273W",181.527649756955,-0.335467055422017,0.127478750659669,-2.63131649652271,0.00850547858558337,0.0373531688333346
"YHR064C",557.312680703007,-0.568309010863527,0.216047439290641,-2.63069111512059,0.00852114438472756,0.0373913941914802
"YDR354W",154.257676788618,0.397022535055134,0.150985040868327,2.6294634698689,0.0085519719393513,0.0374507254468497
"YER111C",53.3037858199845,0.557595186256458,0.211717452487779,2.6290428742514,0.00856255647900418,0.0374507254468497
"YJL158C",1115.80356932882,-0.39563554544814,0.150462846592767,-2.62946400598474,0.00855195845514451,0.0374507254468497
"YOR064C",32.2439551756215,0.558690577413478,0.212105811530387,2.62909559370478,0.00856122912080387,0.0374507254468497
"YJR141W",34.71980670113,-0.537535183167152,0.204453065596373,-2.62837439198555,0.00857940333558624,0.0374938773925416
"YBR240C",13.0182181839408,0.64727623391125,0.244851112537431,2.62791805695046,0.0085909207441147,0.0375136872493008
"YDR036C",72.8093521881407,-0.362698495695727,0.138063740388618,-2.62697054963202,0.00861487897047827,0.0375877456949137
"YDL142C",50.3621656152121,0.429778078962206,0.163556295282187,2.62490615642878,0.00866728518547904,0.0377632085923221
"YOL154W",38.663932995297,0.578189330270804,0.220056777665497,2.62483267246966,0.00866915587308381,0.0377632085923221
"YIL007C",62.614807443888,0.569383890093899,0.216739217079825,2.62448296398417,0.00867806337875168,0.0377713763430108
"YJL156W-A",12.148575185975,0.769291251131054,0.2902274138987,2.62243261616564,0.00873045302677084,0.0379686341755354
"YPL150W",83.4443765841602,0.472605396085705,0.180139788472943,2.6208507841682,0.00877106429635363,0.0381143902392519
"YBL076C",590.755585378431,-0.557730181582885,0.212905237897907,-2.61976439171373,0.0087990535550741,0.0381742460777892
"YDR503C",39.9633881200161,0.509834726320897,0.194426313137243,2.62001856737059,0.00879249796212075,0.0381742460777892
"YLL018C",690.851398607545,-0.310538139805785,0.118563370953025,-2.61920821049564,0.00881341358510682,0.0381748744883941
"YMR200W",232.682495348838,0.32416053559063,0.123754119290321,2.61922515251401,0.00881297585052709,0.0381748744883941
"YBL086C",172.116106616511,0.505284598817973,0.193082366137251,2.61595370016597,0.00889786220560551,0.03850960347003
"YNL079C",736.73051363292,0.286439774950218,0.109522897931054,2.61525256713782,0.00891614968297325,0.0385576811169479
"YKL171W",107.50029932853,0.473046856687159,0.180952933526138,2.61257115341176,0.0089863984131434,0.0387989918625347
"YOR307C",49.7542714062906,-0.464865270018964,0.17784274696267,-2.61269094910076,0.00898324944178728,0.0387989918625347
"YOR044W",32.5112993632174,0.553113637825278,0.211331347394562,2.61226215267964,0.00899452541379687,0.038802888351408
"YPR175W",37.3468373469827,0.511434660101384,0.195612335694717,2.60846031958485,0.009095055583653,0.0392050911234352
"YCR035C",101.974098596314,-0.345529972926497,0.132489828545557,-2.6076606068045,0.009116329287541,0.0392652803555595
"YMR206W",55.2668612133392,0.691395264377589,0.265346130255248,2.60529999766044,0.00917938478093655,0.0395051888288543
"YNL103W",168.757319255232,0.549472827760289,0.210870164208524,2.60483234244096,0.0091919226694235,0.0395274753062239
"YDR246W",119.121732016487,0.574441211181125,0.220487123751947,2.60379023662669,0.00921991663659986,0.0396161378041423
"YPR152C",48.4076555735695,0.452773670815876,0.173897113920309,2.60014493781007,0.00931843941760428,0.0400074645179477
"YLR177W",333.956796569574,-0.351974361467558,0.135392400023271,-2.59964277350351,0.00933208494831532,0.040034048128915
"YCL039W",182.448712374073,0.550621017071251,0.211811876341874,2.59881959898922,0.00935449199861394,0.0400981456700363
"YLR344W",789.951777200212,-0.356293613128823,0.137122657797432,-2.59843154905968,0.00936507146788968,0.0401114823397412
"YLR104W",70.4358760601059,0.576811166351207,0.221919862907138,2.5970370029618,0.0094031793710329,0.0402426106787392
"YPR078C",9.99847684667098,0.696771441245192,0.266837185586356,2.59663085246326,0.00941430397512015,0.040258142237556
"YJR143C",320.136009911862,-0.393268771719699,0.151524372111936,-2.59555141097982,0.00944392733944597,0.040352691917394
"YFR029W",68.5838481434245,0.532407344580605,0.205097761209223,2.59481860516224,0.00946408525242117,0.0403860147801447
"YMR196W",277.622746127533,0.440188175916118,0.169661447538137,2.5947213073816,0.0094667645891272,0.0403860147801447
"YPL020C",97.8473284362115,0.339078502379639,0.130720757525934,2.59282671154964,0.00951907202359412,0.0405769332053365
"YLL026W",989.431689365876,-0.655716163272721,0.253294719640155,-2.58960977633339,0.00960847817670954,0.0409255640659056
"YKL172W",239.342965343578,-0.552738331086274,0.213532787206038,-2.58772744672986,0.00966113902898298,0.0411172565171692
"YFR033C",238.951104487715,0.555496112263088,0.214733704592631,2.5869801293951,0.00968211754515767,0.0411739139628202
"YGR047C",55.0194356542154,0.427674413527038,0.165261002705846,2.58508585447587,0.00973547520773859,0.0413678706762434
"YOR070C",106.270517393418,0.458611951205245,0.177338053074927,2.58481482347012,0.00974313096359113,0.0413678706762434
"YFL008W",98.2569649981563,0.448749464849312,0.173625192893453,2.58298265620754,0.00979502469153755,0.0415553535689164
"YKL175W",223.788625304654,0.34885923557973,0.135059241010025,2.58258420156508,0.00980634295023558,0.0415705351110618
"YOR370C",290.874099891208,-0.260052456614396,0.10079727225404,-2.57986218573587,0.00988397511272017,0.0418665854340852
"YGR192C",26173.5652536405,-0.608746450616834,0.236153806296832,-2.57808703560703,0.00993489709213951,0.0420491192134604
"YOL005C",139.932171833796,0.454894578913485,0.176457845695701,2.57769190651786,0.00994626352062554,0.0420625732185054
"YPR134W",51.230419216918,0.405005039610918,0.15704859433589,2.5774322673935,0.00995373870056235,0.0420625732185054
"YDR052C",124.654096069562,0.616507542345694,0.239432719014652,2.57261110082296,0.0100934554239879,0.0425191757507755
"YGL191W",134.834714778365,0.342451591770275,0.133112268264676,2.57262420526876,0.0100930733039942,0.0425191757507755
"YKR020W",47.0910715977062,0.439558429381235,0.170674989727905,2.57334140870097,0.0100721795965886,0.0425191757507755
"YLR193C",54.2417848904987,0.480813344456334,0.186626772329365,2.57290791628082,0.010084803571009,0.0425191757507755
"YNL294C",233.244645125195,0.460085577595288,0.178824385507086,2.57220280463164,0.0101053676204888,0.0425359948978414
"YJL078C",387.920462060629,-0.442252722787012,0.171989214984905,-2.57136950905716,0.0101297181891294,0.0426051028925717
"YLR341W",10.4538131662731,0.650097462475497,0.250447119505988,2.56824122678707,0.0102215997582189,0.0429579125988998
"YJR016C",984.684782141386,-0.443343001392072,0.172929085513749,-2.56380366906016,0.0103532089773128,0.043443035482146
"YPR016C",331.35152646354,-0.640608379499484,0.249922050236297,-2.56391766170995,0.0103498093974118,0.043443035482146
"YJR104C",2387.4110046574,-0.618109142521864,0.241326712865825,-2.56174580663447,0.0104147513249262,0.043667157975159
"YGL010W",37.0341485744731,0.502935951922839,0.196324719229877,2.56012611959485,0.0104634183148598,0.0438028213321216
"YGR283C",48.1016619638298,-0.590623767150354,0.230700497103386,-2.56037991701635,0.0104557790811449,0.0438028213321216
"YLR345W",171.522421747725,0.457929514412267,0.178925389333425,2.5587405621356,0.0105052108364202,0.0439435260143404
"YCL051W",206.337292490282,0.390969476792348,0.152886167881253,2.55723789054477,0.010550703660059,0.0440667130402984
"YGR178C",398.164631168756,0.299845679527044,0.117260477022674,2.55695545529153,0.010559273819189,0.0440667130402984
"YMR172W",87.8205328377599,0.631665564416167,0.246845578040025,2.55696045707261,0.0105591219922978,0.0440667130402984
"YGL003C",119.23524016001,0.376578695748471,0.147309058848384,2.55585607746034,0.0105926921105522,0.0441555350902409
"YHR209W",72.7274390343612,-0.512935514432265,0.200663218826682,-2.55555866684623,0.0106017487878153,0.0441555350902409
"YMR098C",47.5154717245067,0.432150736154156,0.168887030172751,2.55544471394416,0.0106052206789072,0.0441555350902409
"YLR376C",31.7855630285064,0.556925921811882,0.217825602509447,2.55194858150372,0.0107122326593025,0.044566538817284
"YOL073C",99.3100539462005,0.326427352928416,0.127969067622033,2.55033482293279,0.0107619507321605,0.0447387286241749
"YJR069C",83.4320404997509,-0.598922815693607,0.234965630252436,-2.54953901474625,0.0107865441252347,0.0448062865403213
"YOR357C",43.3331276290892,0.421156055918148,0.165115192855659,2.54799050320993,0.0108345420486391,0.044970885118424
"YLR343W",47.9162327736073,-0.440763886167249,0.17295609413446,-2.54748262498653,0.0108503256199318,0.0450016207757944
"YLR099C",115.967315232331,-0.47618979950386,0.187185427185926,-2.54288324441229,0.0109941959352695,0.0455280079940883
"YPR074C",932.337481450944,-0.48767562258723,0.191782857498171,-2.54295897590913,0.0109918133672378,0.0455280079940883
"YML056C",608.243919434102,-0.645476880886149,0.253972525731409,-2.54224467894866,0.0110143039240531,0.0455761374237977
"YBR252W",94.0655543726651,-0.468263379116145,0.184258750472692,-2.54172949627352,0.0110305504821635,0.0455810693333307
"YEL043W",189.586436453499,0.396193044800834,0.155842688565995,2.54166870918355,0.0110324688388252,0.0455810693333307
"YPR019W",159.632648058623,0.538752895961272,0.211967071228583,2.54067922721564,0.0110637372338283,0.0456751212013004
"YML027W",29.1852124465028,0.555300430385776,0.218107339026826,2.54018080545285,0.0110795175444809,0.0457051372745061
"YDR287W",80.9339254441455,0.380930882895529,0.150194866615361,2.53602884015712,0.0112117500233215,0.046215126151389
"YBR115C",179.310997684695,-0.431062908684141,0.170141603686411,-2.53408130837155,0.0112742568319581,0.0464371422119991
"YLL024C",1155.43144707569,-0.563531956395692,0.222507129503997,-2.53288664712638,0.0113127529106579,0.0465599968453209
"snR84",15.8552182993655,-0.667105063882574,0.262959805978507,-2.53255927205632,0.0113233224095827,0.0465678136767756
"YNL023C",80.1760790463652,-0.458503313026877,0.181034478685548,-2.53200256304859,0.011341316224267,0.0466061281105876
"YOR050C",32.3877158168523,0.513662719296172,0.202882584893675,2.52987463833528,0.0114103286821791,0.0468538802385199
"YFL007W",222.594580202167,-0.292068655222694,0.115466611703757,-2.52954732412591,0.0114209770906502,0.0468617784216059
"YGL045W",59.2345769618618,0.493192093403502,0.195130712232948,2.52612418828631,0.011532870508951,0.0472847690866991
"YNL191W",46.7720168112023,0.565846998755229,0.223572576700904,2.52573089844351,0.0115457882360067,0.0473016236579651
"YDL067C",82.4561302757053,0.356008650173706,0.140999459898164,2.52413630671179,0.011598294757616,0.0474805191639907
"YPR060C",60.3932375839067,-0.450240570025713,0.178385176799505,-2.5228391085513,0.0116411649116998,0.0476197233364353
"YLR030W",19.3697187167736,0.533631381315559,0.210672041759983,2.52176394560106,0.0116768036756179,0.047697537859536
"YMR212C",127.142562592672,-0.310807461078103,0.12323737514796,-2.52172945141367,0.011677948666038,0.047697537859536
"YGR150C",66.3366471571268,-0.420409346253949,0.166755149687264,-2.52094030414654,0.0117041706189464,0.0477683133695753
"YNR012W",34.4817103373658,-0.566875499407934,0.224550995099276,-2.51935309639539,0.0117570689153186,0.0479113938878425
"YPL104W",49.6487143160333,-0.386215784651799,0.153234919869225,-2.51950625189576,0.0117519553367882,0.0479113938878425
"YGR203W",59.2915503860259,0.541838832502165,0.215145203627049,2.51847462370001,0.0117864376343162,0.0479946599953845
"YMR250W",148.996048640649,-0.60328538571892,0.239718007978613,-2.51780507534767,0.0118088653607426,0.0480495574640517
"YGR133W",35.1081967273096,0.5136791417156,0.203812318869925,2.51718515195476,0.0118296645460865,0.0480977503989632
"YMR302C",155.445930086332,0.268098793360188,0.106515496136193,2.51665708764733,0.0118474073641583,0.0481334530657292
"YDR539W",73.5416294927501,-0.34184652587517,0.136012860871842,-2.51357182337615,0.0119515439115273,0.048480750510448
"YNL216W",105.428323205509,-0.38005183538828,0.151145698377239,-2.5137547035709,0.0119453486271481,0.048480750510448
"YNL247W",354.922206406697,-0.310520990981871,0.123549864574014,-2.51332325074772,0.0119599691726575,0.048480750510448
"YHR033W",28.4848122449496,-0.553750781243434,0.22049535239945,-2.51050806929457,0.0120557566784785,0.0488321788236109
"YJR132W",80.8536435456866,-0.39833459512371,0.158676920219704,-2.51022364374394,0.0120654720743728,0.0488347027215193
"YBR060C",60.8353447663362,-0.444139322158871,0.176917814241184,-2.50954882629215,0.0120885502294867,0.0488912675320582
"YMR038C",239.637482348947,-0.332441498538005,0.132549947737551,-2.50818856734524,0.0121351888213204,0.0490242384729105
"YPL231W",2166.9678721877,-0.449690847692778,0.179301456261709,-2.50805773641604,0.0121396829582891,0.0490242384729105
"YOL016C",456.766004104696,-0.468994599324528,0.187032864998678,-2.5077813872088,0.0121491806017351,0.0490257317895713
"YGL068W",30.61993610266,-0.637113907309538,0.254457336751005,-2.50402440053308,0.0122789565637549,0.0495122189969425
"YDL213C",174.675007469944,-0.373123028938323,0.14905859848529,-2.5026238560567,0.0123276483124219,0.0495500359254551
"YHR195W",189.547191028995,0.351285531748023,0.140336763320059,2.50266132916656,0.0123263432873145,0.0495500359254551
"YMR083W",630.307594720455,-0.355031606715338,0.141876562437219,-2.50257298851505,0.0123294200030499,0.0495500359254551
"YNR022C",56.6778566398317,-0.444583739327009,0.177610653314125,-2.50242824759748,0.0123344624897288,0.0495500359254551
"YOR113W",93.7288132346385,0.648755576066265,0.259028008226827,2.50270425645528,0.0123248484673246,0.0495500359254551
"YHR114W",166.199358201772,0.56193881527868,0.224517420677942,2.50189693496752,0.012352988033009,0.0495873682550759
"YCR043C",63.6064208560506,-0.444544770496347,0.177732940153825,-2.50130986986297,0.0123734861833684,0.0496325573494186
"YPR141C",28.9104774039282,0.494800134724886,0.197312873939763,2.50100431563642,0.012384166927756,0.049638328782819
"YDR329C",138.433234893602,0.295457966818864,0.118180285587178,2.50005081465111,0.0124175493757509,0.0497350169255468
"YJL181W",49.6330987301422,0.526906348248044,0.210386929002037,2.4996649322981,0.0124310819072072,0.049752116932645
"YML020W",77.0920963797694,0.526338389872977,0.210407713108014,2.4991986496478,0.0124474514269284,0.0497805373149905
"YGL036W",237.409872854133,0.640670974013369,0.256478645837559,2.49779102634655,0.0124969839166169,0.0498672367133355
"YNL096C",360.627169860345,-0.575941526165548,0.230576432262122,-2.49812979807891,0.0124850470447421,0.0498672367133355
"YOR018W",152.418228835967,0.380880223385663,0.152439939608899,2.49782870372413,0.0124956558271256,0.0498672367133355
"YJR149W",27.073972243684,0.613522544956103,0.244935786290683,2.49632384943714,0.0125487977183435,0.0499996977338448
"YPL074W",79.3254225691609,0.406895891848613,0.162859533856068,2.49635551566709,0.0125476774104483,0.0499996977338448
"YMR029C",101.682600650275,0.311255054304706,0.124665832535399,2.49598148307423,0.0125609158280849,0.0500108813288688
"YBL022C",250.715874543592,-0.258162121656855,0.103444937218984,-2.49565355448282,0.012572532624328,0.0500200538705671
"YGR179C",51.6828492390549,0.548005687297906,0.219273426656343,2.49504272915529,0.0125941963361138,0.0500530904806405
"YJL030W",60.6560063257585,0.447878830889871,0.179401168326996,2.49489404398205,0.0125994746471469,0.0500530904806405
"YDR104C",44.3540173343082,0.488484561031321,0.19554295570855,2.49377549334243,0.0126392459256045,0.0501739762501269
"YDL171C",400.624687994442,-0.517197912876879,0.207542696263381,-2.49220659194503,0.0126952171617986,0.0503277490961577
"YDL211C",31.8658812405756,0.615665055952077,0.24655808088302,2.49216446307107,0.0126967231475133,0.0503277490961577
"YPL165C",66.9155293680677,0.532733788200366,0.213643037771986,2.49140940450684,0.0127237411397753,0.0503976501930187
"YOR237W",29.5765342643017,0.681103574065614,0.272704790664288,2.49083694318442,0.0127442592220362,0.050441721651847
"YPL031C",153.303356413575,0.403737116630313,0.162133460348491,2.49008646589691,0.0127712020841602,0.0505111387290312
"YDL059C",31.7161524222086,0.511242581970447,0.20540150439898,2.48889152406524,0.0128142056919934,0.0505879226801759
"YGR032W",257.703369940817,-0.483667132978398,0.194385736262331,-2.48876206832561,0.0128188722337962,0.0505879226801759
"YPR008W",258.953472565177,0.50998744936017,0.204836187618374,2.48900552607818,0.0128100974615962,0.0505879226801759
"YLR191W",51.380732403377,0.377880403587133,0.151803996853678,2.4874668280262,0.0128656451243257,0.0507352275791141
"YHL002W",127.277754861435,0.458049789872998,0.184402254049432,2.48295927874376,0.0130295981499364,0.0513440731205492
"YJL100W",87.6039526003561,0.446181553530929,0.179809670535969,2.47955996682256,0.0131544608565161,0.0517981006307537
"YJL062W",146.257784608508,0.298612023214493,0.12046310455555,2.4787062206649,0.0131859862153947,0.0518462166638981
"YOL126C",416.54185571505,0.46994797733142,0.189583090420355,2.47894596066988,0.0131771268575024,0.0518462166638981
"YEL059W",11.4710969038029,0.675565160937505,0.271340574061641,2.47700435355864,0.0132490285879688,0.0520559857688225
"YER098W",84.444496025554,0.364646755759771,0.147182714988546,2.47638779252662,0.0132719335672977,0.0521078619809618
"YLR130C",158.419926862584,-0.437989992002295,0.177151850787039,-2.47260962175151,0.0134130570143294,0.0525850578277102
"YOR220W",184.582694155008,0.246501366285613,0.0996772271566012,2.47275917762741,0.0134074456456744,0.0525850578277102
"YIL153W",245.557608807423,0.449145498825575,0.181720691472975,2.47164937618067,0.0134491351047886,0.0526608158737977
"YOR342C",113.392385973092,-0.589019277469827,0.238189105054828,-2.47157348283353,0.0134519902027277,0.0526608158737977
"YMR147W",16.6616561958951,0.658317165319671,0.264522492592357,2.47020725134939,0.0135034793435906,0.0528238802290058
"YDL033C",30.0960683142985,-0.57935896496846,0.234244608883282,-2.46965265169197,0.0135244301732087,0.0528673322127394
"YDR473C",57.6020212707611,0.611900771894849,0.247502582425703,2.46845599228524,0.0135697336352788,0.0530058468036964
"YEL001C",281.022128731367,0.387353534553183,0.156918340219687,2.46819187777277,0.0135797505977838,0.0530064247534134
"YLR291C",85.2736606328791,-0.36996784614443,0.149939201464437,-2.46663680718997,0.0136388616907917,0.0531984939297329
"YOR086C",421.328997020712,0.337767177714197,0.137004799022504,2.46518135514812,0.0136943918959913,0.053376327194027
"YKL129C",204.964692655273,0.503690294931243,0.204472971948326,2.46287312145499,0.0137828680025948,0.0536822219303384
"YJL132W",48.3694618430214,0.395662891394168,0.16061644412832,2.46143899846677,0.0138380927752552,0.0537803156989114
"YPR054W",34.1629325215271,0.469256877492018,0.190394451959828,2.46158805914723,0.0138323437075685,0.0537803156989114
"YPR117W",113.532843650592,-0.367734197802899,0.149355856661581,-2.46188880945236,0.0138207505973335,0.0537803156989114
"YGL084C",122.037746929273,0.41722074506011,0.169670242249005,2.45802113429721,0.01397049523599,0.0542556253886494
"YDL168W",121.279434029462,-0.398043286157911,0.162136387185216,-2.45518883693651,0.0140810598123956,0.0545693379403786
"YER005W",88.1515210316682,-0.335713652520294,0.136751219322072,-2.45525116876644,0.0140786182742554,0.0545693379403786
"YER014W",53.5074993700616,0.386734584273752,0.157372391675799,2.45517110840171,0.0140817543074595,0.0545693379403786
"YDL090C",61.6012927019041,0.404255884298503,0.164592425944026,2.45466668338152,0.0141015272509864,0.0546065629884987
"YDL056W",85.2798581114146,0.445086635664051,0.181314387120187,2.45316553014602,0.0141605159512562,0.0547954835548968
"YMR070W",195.461218042146,0.602197819141622,0.245525487674332,2.45189495605749,0.0142106139370488,0.054949753387969
"YGL027C",260.492504344127,0.449923016751015,0.183594054153032,2.45046913440853,0.0142670193926563,0.055085057492039
"YMR044W",120.266661630851,0.459950116009303,0.187578843681796,2.45023317101875,0.0142763731202603,0.055085057492039
"YPL173W",93.2529076565383,-0.346164832525345,0.141255284346476,-2.45050053079422,0.0142657752290884,0.055085057492039
"YJR044C",108.541891340972,0.492432582171774,0.201095833050253,2.44757550093269,0.01438209892607,0.0553941604192765
"YLR014C",12.8566024268653,-0.603576443484962,0.245626527362968,-2.44789596660055,0.014369313848096,0.0553941604192765
"YLR169W",22.8339933147849,0.541654201995417,0.220710432293224,2.44744210128939,0.0143874239033496,0.0553941604192765
"YNL001W",55.9748096374354,-0.465005112300811,0.190128322552682,-2.44580941277728,0.0144527377285849,0.0556057695846916
"YIR032C",9.35518814791875,0.699429379640437,0.283247266978177,2.44458376434912,0.0145019400641241,0.0557551324870512
"YBL015W",166.383649197918,0.514531367287797,0.21062045586685,2.44297097162239,0.0145669089087952,0.0559475306455163
"YMR316W",93.4033795566249,-0.535539474939477,0.219234636598471,-2.44282464521293,0.0145728161186143,0.0559475306455163
"YJL194W",10.5471200872527,0.66272433414707,0.269896743522065,2.43997565443428,0.0146882517507374,0.0563504286808647
"YMR198W",52.6310086369018,0.427766998447175,0.175133592173723,2.43938001853419,0.0147124873918304,0.056403119044626
"YIL030C",213.305659067902,-0.396452893375117,0.162671754297058,-2.43715059616483,0.0148035127947636,0.0566711811979155
"YLR152C",83.9370501960901,-0.366496580214028,0.150355877716536,-2.43724199373082,0.0147997713770522,0.0566711811979155
"YIL145C",145.255914210228,-0.282446416131587,0.116038571986421,-2.43425830166931,0.0149223420573443,0.0570447681067588
"YKL137W",32.6137050582319,-0.450057490355478,0.184832031586973,-2.43435393395857,0.014918399632296,0.0570447681067588
"YLR328W",136.721061846457,-0.340402383383557,0.139964421338942,-2.43212779674937,0.0150104100934044,0.0573406206341926
"YHR005C",92.1591890346741,-0.383607779710374,0.157746135586708,-2.4314428660871,0.0150388199572826,0.0574083169797902
"YMR294W",37.9156639413442,0.477304870630505,0.196108666284699,2.42886550951831,0.0151461496013056,0.0577769669805484
"YBL069W",39.0929160942452,-0.531873305294196,0.219076215306514,-2.42777901981075,0.0151915963691837,0.0579092009218492
"YDR516C",1269.36428163246,-0.589107477705389,0.242775109232988,-2.42700586727034,0.0152240096453288,0.0579915998617454
"YAL059W",13.4747873501275,-0.690521653999189,0.283404928996874,-2.42608937985632,0.0152625108860865,0.0580970559668111
"YJL076W",165.645771512112,-0.387113224358915,0.159614404397344,-2.42467623103428,0.0153220446658002,0.0582823667847116
"YHL039W",63.5067101172522,-0.523320244407214,0.21567185922597,-2.42374766839091,0.0153612747881813,0.0583902384199022
"YLR009W",113.07545565152,-0.656826235760226,0.271032535465607,-2.4219710022946,0.0154365822719524,0.0586349953201247
"YOR373W",63.0729071701586,0.501018713534032,0.206767611018042,2.42042721585106,0.0155022823408757,0.0588429388359318
"YLR447C",475.642409013942,-0.352906259908438,0.145840730747314,-2.41992040677206,0.0155239045810681,0.0588432664890517
"YNL224C",80.9415458794633,-0.310155990283607,0.128164945946339,-2.41991160951642,0.0155242801368435,0.0588432664890517
"YLR120C",418.402016854868,-0.346900813367006,0.143369212660177,-2.4195773990251,0.015538553540837,0.0588558329110266
"YMR076C",51.8916841886934,0.568348994998638,0.234420747346602,2.41837417987707,0.0155900360886258,0.0590092204594851
"YOL156W",11.6178625783019,0.620334580519027,0.255070235471489,2.41678522406935,0.0156582532184731,0.0592256887580415
"YDL159W",43.1868036760312,0.424682517522403,0.175586682736277,2.41623383915862,0.0156819866029173,0.059273715724327
"YKL041W",102.371159431337,0.414885484665334,0.171738021567083,2.41428568168663,0.0157660952074846,0.0595497168490857
"YGL111W",85.8056362111517,-0.472714557830747,0.195818812528741,-2.41244081175511,0.0158461100626792,0.0598098785289177
"YGR208W",114.862495103918,-0.554145792918219,0.229860471155092,-2.41201896138084,0.0158644564532879,0.0598370755692479
"YDL043C",32.4679640862653,-0.474798433302719,0.196877844227049,-2.41100100683023,0.0159088045238894,0.0599406417052696
"YER040W",82.1240888666572,0.548556578158713,0.227443764289609,2.41087653332701,0.0159142347927228,0.0599406417052696
"YLR212C",66.1381804478418,0.402364199014736,0.166970585184891,2.40906715432927,0.0159933548277014,0.0601964322211523
"YKR075C",710.378506310297,0.55548200459448,0.230678519107592,2.40798991735825,0.0160406240176166,0.0603320669458116
"YHR131C",118.581746351579,-0.341864203470192,0.14201144291486,-2.4076093679026,0.0160573518720658,0.0603406684677703
"YIR025W",58.4398294241074,0.456776260510189,0.189609495071479,2.40742685647384,0.0160653799867644,0.0603406684677703
"YIR019C",42.2039957709194,0.640772798440956,0.265567226057948,2.40707580858246,0.0160808314211548,0.0603564958511688
"YAR027W",119.581413173763,0.303590480123796,0.126208821414013,2.40518380573386,0.0161643333968403,0.0606275381804672
"YJL179W",26.9232117481956,-0.487568571354885,0.202690409360586,-2.40456668199983,0.0161916519424839,0.0606876221794007
"YLR457C",23.7153267251245,0.725926007201753,0.300963275772238,2.40338487190066,0.0162440810373017,0.0608416731180944
"YOR210W",86.7283120908307,-0.464343449336666,0.193296153820889,-2.40225734704946,0.0162942408604346,0.0609870157919124
"YIL136W",330.785889681411,0.456863062388053,0.190202790305551,2.40198402837668,0.0163064203722058,0.0609901001525888
"YDR341C",392.400855513377,-0.335874960110364,0.139889331168556,-2.40081732431656,0.0163585005453956,0.0611423148429505
"YGL252C",261.610241717052,0.324817870043717,0.135310657836021,2.40037654955008,0.0163782141674274,0.0611734271858501
"YPR104C",68.9205918019499,-0.409141212475792,0.170399039057342,-2.3996937737293,0.0164087924772931,0.0612450482248376
"YDR191W",21.5931047930564,0.543484074169874,0.225898071328909,2.39777650836512,0.0164949260616243,0.061512671188212
"YOR335C",473.441808356313,-0.471197120346757,0.196536541644828,-2.3975883698384,0.0165033995870813,0.061512671188212
"YFR035C",23.9925978658553,0.676509174836842,0.282199901978744,2.39546067549813,0.0165994947375442,0.0617877297335515
"YOL076W",41.819220908254,-0.494099718808007,0.206032311183644,-2.39544501849702,0.0166002036874911,0.0617877297335515
"YBR225W",69.6253888462119,0.475811379470338,0.198441541409662,2.39518163838567,0.0166121335411502,0.0617893138847077
"YGL224C",67.8876070657632,-0.45212936027504,0.188856745624226,-2.39462427232163,0.0166374043734332,0.0618404836606987
"YLR378C",393.248015854645,0.308091276221629,0.128732262821945,2.39310726749493,0.016706356027952,0.0620109455605599
"YOL069W",33.6678449497292,0.468132701414066,0.195188675101172,2.39327849205018,0.0166985609035869,0.0620109455605599
"YML010W",332.113022524404,-0.403589069059754,0.168729226216999,-2.39197499587339,0.016757983996133,0.0621596215768165
"YHR205W",174.308349342784,0.466895694744538,0.19527524812794,2.38985449615177,0.0168550489058735,0.0624765132321924
"YER093C-A",29.7385176026361,0.452276530889858,0.189180226343634,2.38817381194398,0.0169323316844025,0.0627196920530523
"YGL158W",61.7218630416915,0.475003060521372,0.198929463588266,2.38685577883717,0.0169931561055652,0.0628582930048146
"YHR024C",148.77763551853,-0.375699653019853,0.157424362489588,-2.38701447128277,0.0169858226485427,0.0628582930048146
"YKL066W",30.1169206677809,0.628341769677534,0.262380857816574,2.38574537994758,0.0170445473723274,0.063004999268252
"YOL009C",37.3857270612924,0.40247302407544,0.168795268197801,2.38195822630313,0.0172208508358416,0.0636129228605951
"YOR209C",334.730007180799,-0.305664968826476,0.128552952112631,-2.37780072045807,0.0174162353470395,0.0642904467690374
"YPR057W",67.2067697561582,0.38230968808096,0.160680791260946,2.37744574831893,0.0174330071965153,0.0643081604756069
"YDL138W",88.136872507209,0.532595236279395,0.223918672844307,2.37667538393564,0.0174694543704499,0.064398379837808
"YKL084W",65.3727700231978,0.638201905950374,0.268497265648253,2.37572667683162,0.0175144310115234,0.0645198964080194
"YMR174C",23.4641348635961,0.690099728973828,0.29093132882839,2.37467157924675,0.0175645706535321,0.064660252899329
"YOL014W",29.9579422656336,-0.630083144432629,0.265577054367103,-2.37412349193667,0.0175906661167489,0.0647119641870262
"YCL059C",172.151695978081,-0.475890676648775,0.200556140770638,-2.37273734432856,0.0176568149145696,0.0649108507228977
"YDL091C",67.4926675803077,0.395895345628311,0.166813558116759,2.37218330925059,0.0176833151259036,0.0649638067997459
"YML108W",20.8002987710082,-0.596856121864021,0.251196404596541,-2.37187817707224,0.0176979248712635,0.0649730379245087
"YPR106W",34.9745564272541,-0.423135463586242,0.178432324936377,-2.37146901899027,0.0177175319849125,0.0650005903626811
"YBR249C",653.244849478498,-0.463162036979847,0.19554452572712,-2.36874315435062,0.0178486436809709,0.0654094413617559
"YIL002W-A",70.2308121819852,0.506230700315704,0.213425976017686,2.36864602743669,0.0178533310438157,0.0654094413617559
"YDR253C",37.3886379630543,0.477316922520534,0.20160810365146,2.3666670386314,0.0179490725540882,0.065715384245404
"YLR207W",142.980194811486,0.310191538320166,0.131089327538755,2.36599207676408,0.0179818292417047,0.0657904665239756
"YLL055W",55.63041968366,0.387974952284281,0.163991587030858,2.36468976616896,0.018045179911606,0.0659773051771516
"YMR295C",301.795088328863,0.420149486908935,0.177716934348242,2.36422093273652,0.0180680340380697,0.066015925726852
"YNL325C",40.4212942857309,0.421379276753694,0.177984764445987,2.36320840535695,0.018117478010832,0.0661515801469602
"YDR349C",227.198629983524,0.268199611169061,0.113570169634248,2.36136883779469,0.0182076114590268,0.066427609633179
"YKR096W",161.774352225357,0.565422555900741,0.239389982012888,2.36116115087522,0.0182178121373436,0.066427609633179
"YNL305C",163.642274527569,0.48298214142661,0.204726081920141,2.35938969277689,0.0183050220047103,0.066700321022591
"YGR085C",303.168635538833,-0.50080588671802,0.212367260752394,-2.35843295583975,0.018352274524165,0.0668271637079932
"YGR121C",109.824602116063,0.522555979808038,0.221649642186221,2.35686435281424,0.018429977708242,0.0670414464677143
"YNL156C",162.276871856203,0.314740772344135,0.13355024732924,2.35674129511151,0.0184360857257148,0.0670414464677143
"YCR044C",129.400241476744,0.317612738119357,0.134868659007547,2.35444719490653,0.0185502791253898,0.0674110616931451
"YBR082C",691.239812954302,0.385326980903117,0.163772147997181,2.35265447538256,0.0186399456513232,0.0676911075681249
"YBR094W",66.6710180883903,-0.372349868455091,0.158257938522715,-2.35220838028228,0.0186623168427084,0.067726556596072
"YIL156W-B",55.6382545911936,0.547600795649849,0.23335414887182,2.34791583031893,0.0188787869364426,0.068419679241318
"YNL304W",43.3742621713912,0.4775277511878,0.203284011168778,2.34791693369582,0.0188787310130013,0.068419679241318
"YIL162W",219.362086392997,-0.449596622016327,0.191570669698423,-2.34732819497466,0.0189085911789033,0.0684814856519824
"YKR101W",25.219017681985,0.486428558335537,0.206835277316721,2.34548304157238,0.0190024430144992,0.0686824504918408
"YML098W",87.0560352922815,0.492528633334253,0.209748263599951,2.34589817646096,0.0189812921672613,0.0686824504918408
"YMR284W",46.6659814723299,0.406548873108494,0.173166974946246,2.34554993195595,0.0189990336017341,0.0686824504918408
"YPR088C",210.758820468611,-0.352797278301167,0.150634688103272,-2.34223705931488,0.0191685353603898,0.0692361825290205
"YGL181W",275.307962348636,0.466931054429111,0.199535679597709,2.33992344133054,0.0192876932101519,0.069607837603792
"YLR388W",495.922934982776,-0.55217301790631,0.236038715222633,-2.3397364767524,0.0192973506222391,0.069607837603792
"YKR011C",94.5130887289044,0.42300449999375,0.180773144774825,2.33916789701484,0.0193267458400951,0.0696670818168797
"YAL054C",59.6618207147255,0.466328113970276,0.19946013561793,2.33705822338562,0.0194361568660908,0.069967559334969
"YJR101W",72.0208428149714,-0.477370334473851,0.204301250880565,-2.33725710361231,0.0194258195688077,0.069967559334969
"YLR439W",71.5170392189924,-0.335725944902265,0.143690949231886,-2.33635450877926,0.0194727727928834,0.0700524197391673
"YLL001W",113.628854115125,0.264496686475644,0.113336245916421,2.33337825558797,0.019628301488,0.0705174630716039
"YNR006W",185.643106784398,0.478936348606546,0.205192696798655,2.33355931518493,0.0196188090392956,0.0705174630716039
"YLL022C",103.382367590828,0.402266357195344,0.172344735111665,2.33262778178604,0.0196676895175647,0.0706117382345187
"YAL049C",111.226377376763,0.375557851066422,0.161072961109393,2.3314324410203,0.0197305685823297,0.0707901695762811
"YDR178W",168.572410958853,0.365704327080284,0.156954005248003,2.3299666078021,0.019807916063854,0.0709874814567692
"YGR042W",84.6070271149072,0.562354062563169,0.24116961068883,2.32988941192584,0.0198119967796867,0.0709874814567692
"YJL058C",28.9405709375872,0.557220643540942,0.23875384056665,2.32852383519658,0.0198843051123852,0.0711990685057473
"YMR208W",153.833478719757,0.285738537020287,0.122720431732108,2.32789569744062,0.0199176427781257,0.0712709256237928
"YGR078C",64.5788061692266,-0.337165469138569,0.144892467467265,-2.32719633295626,0.019954818114999,0.0712993370416522
"YLR446W",25.5723274364121,-0.500974245760108,0.214877614480761,-2.32707522186181,0.0199612620311105,0.0712993370416522
"YPR155C",64.9373741424499,0.436914703745066,0.187579036484845,2.326997329998,0.0199654073562921,0.0712993370416522
"YPL113C",17.6891490124422,0.53370448034712,0.228245268687753,2.32656784039004,0.0199882778507315,0.0713335816187899
"YBR261C",144.106637379815,-0.412607493793851,0.177568563233403,-2.32428112829083,0.0201104315878577,0.0717218645805999
"YAL005C",744.181655718526,-0.589003310453396,0.253670700526764,-2.3226186515016,0.0201996478442482,0.0719922419186842
"YBL072C",651.49117309292,-0.531879760854824,0.229050360722266,-2.32235398660654,0.0202138828167344,0.0719952019951463
"YML071C",125.326246360222,0.447390465082673,0.192698449785719,2.32025462662891,0.0203271070724567,0.0723504917734691
"YNL035C",62.4410166566356,-0.342625361121954,0.147666748997736,-2.31979842856774,0.0203517841357569,0.0723903527106957
"YDR009W",19.8976347397755,0.566759421816388,0.244437789860973,2.31869195252232,0.0204117451899143,0.07255558134681
"YIL107C",108.286699491663,0.289359395331839,0.124837296401142,2.31717716708544,0.0204940827872195,0.0728000784723255
"YBR029C",119.946896095291,-0.329527585638649,0.142319448671895,-2.31513641113545,0.0206054679189059,0.0731473682699561
"YKR037C",26.5254806540317,0.46200080672857,0.199153872590361,2.31371267861523,0.0206834879627275,0.073327401879742
"YML058W-A",14.1516026590876,-0.573487138094054,0.247866780242781,-2.31373036100981,0.0206825173963659,0.073327401879742
"YDL145C",533.900356224668,-0.194942096243494,0.0842756379767871,-2.31311593127648,0.0207162660310948,0.0733467797317139
"YGL160W",88.990098972553,0.462257070220777,0.199714868139998,2.31316232708737,0.0207137159848226,0.0733467797317139
"YGL161C",237.250122775459,0.327145046958912,0.141491365854982,2.31229711608878,0.0207613155109858,0.0734008319747286
"YKL113C",81.3761444059742,0.316864291844949,0.136956667728193,2.31231247080172,0.0207604699420849,0.0734008319747286
"YNR056C",27.551451253925,-0.514678407795654,0.222292987706897,-2.31209350318499,0.0207725311118204,0.0734008319747286
"YDL136W",282.275109261699,-0.588678152282547,0.254932617510702,-2.30988331842469,0.0208946148522667,0.0737836794027118
"YHR199C",201.402101969051,0.446467660929666,0.193495249633281,2.30761098796247,0.0210207828191239,0.0741317298237128
"YNL237W",73.3763668771069,0.504023443605018,0.218231583485124,2.3076558511004,0.0210182854467606,0.0741317298237128
"YDR249C",18.2777401071181,-0.511394178600746,0.221693428775469,-2.30601633741652,0.0211097194733282,0.0743965244693214
"YHR012W",112.901229413266,0.306007724890092,0.132701672147393,2.30572398690008,0.0211260599219012,0.0744052903872336
"YCL024W",27.9795891389465,0.493720241732786,0.214021924940387,2.30090525633248,0.02139698694422,0.0752257447803145
"YGL002W",88.5890040653023,0.431786444765638,0.187522179814997,2.30107400614478,0.0213874483203328,0.0752257447803145
"YLL032C",40.5826589790915,-0.411604468430889,0.17885687977916,-2.3008337301371,0.0214010310974345,0.0752257447803145
"YOL029C",78.5123828068253,0.317145504273371,0.137854467491591,2.29949658588399,0.0214767570210913,0.075442551968791
"YFR016C",219.557713103078,0.494844442198649,0.215182314720286,2.29869951086774,0.0215220083320151,0.0755520959158518
"YPL071C",58.2197586505094,0.580348727764668,0.252263117138776,2.29796013455901,0.021564058179638,0.0756502655015256
"YPL132W",38.1983416512315,-0.419679557080719,0.182597504292046,-2.29715935061161,0.0216096810693707,0.075760833566312
"YGL053W",33.6926272913582,0.477583361096901,0.208111518296506,2.29369185761481,0.0218082047848686,0.0763571498693151
"YPL115C",100.306918615402,-0.316419922218381,0.137926719721119,-2.29373739869308,0.0218055871793188,0.0763571498693151
"YBR147W",27.547715337759,0.589180948087319,0.257311331566321,2.29170135598708,0.0219228821247591,0.0766829594431153
"YCR036W",118.665300721904,0.338234921632648,0.147594246380463,2.29144829741022,0.0219374989321325,0.0766829594431153
"YOR385W",25.3586704287007,-0.524989983663188,0.228614804172266,-2.29133423113036,0.0219440902372125,0.0766829594431153
"YLR336C",31.3732876129775,-0.525454335587838,0.229166473316116,-2.2885644658342,0.0221046704939488,0.077193878558517
"YOR144C",25.0643476634754,0.456298438504997,0.199092293008285,2.28624619396774,0.0222398597002552,0.0776155207602797
"YPR194C",17.6362574610556,-0.489069665748375,0.213714947313294,-2.28533630057553,0.0222931159637121,0.0777508609357777
"YOR352W",50.2311443675342,0.352372645086941,0.154161910390921,2.28444995985618,0.0223451002721914,0.0778815921881506
"YBR048W",1058.76560320814,-0.547559515962888,0.239804018198302,-2.28370129721311,0.0223890917742251,0.0778832978752353
"YLR264W",177.201433672964,-0.696374319196835,0.307181741836045,-2.28415261530182,0.0223625632669838,0.0778832978752353
"YPR178W",62.7380056702233,0.462219877695366,0.202153285931572,2.28384181876115,0.0223808289765635,0.0778832978752353
"YPL217C",196.369091691546,-0.48535851285805,0.212529464170528,-2.28286311790868,0.0224384326073182,0.0780044152323016
"YBL027W",1970.23690469354,-0.479859687006875,0.21028221976454,-2.28207300625737,0.0224850303824432,0.0781158461734168
"YDR023W",574.783648967615,-0.406784461429968,0.178298810668298,-2.28146498241333,0.0225209465641826,0.0781395374652614
"YMR067C",72.6088733538046,0.372113933291098,0.163006390454289,2.28169494891122,0.0225073565030875,0.0781395374652614
"YJR036C",44.0882974891614,0.444113467609602,0.194485105949681,2.28121341801264,0.0225358211396098,0.0781406683930565
"YCR038C",39.7453993154717,0.522392847394708,0.228763585846161,2.2808476089215,0.0225574660460309,0.0781652581504723
"YJL080C",637.186263006244,-0.249766716177748,0.10954287724186,-2.28007038088852,0.0226035145799467,0.07824290580303
"YML014W",86.4397007188167,-0.356725882670035,0.156488774541726,-2.27997772774874,0.0226090094593749,0.07824290580303
"YDR201W",44.5658998655586,0.411405485447616,0.180540903599647,2.27689617923116,0.0227924261101777,0.0788268645446005
"YBR021W",31.1091599559199,-0.457972865204986,0.201490394826953,-2.27344635265156,0.0229992955390151,0.0794911302059524
"YLR051C",52.955378907254,-0.390160964687901,0.171635167097781,-2.27248326030718,0.0230573379288157,0.0796404900422309
"YNL189W",197.298235422877,-0.28443480038238,0.12518691830022,-2.27188880921976,0.023093226986816,0.0796619923867622
"YPL030W",49.6427328070509,-0.425392489564711,0.187115496197103,-2.27209463480344,0.0230807951012193,0.0796619923867622
"YOR120W",53.2751025181187,-0.577419701846575,0.254585787133457,-2.27052566434543,0.0231757079510311,0.0798952037259232
"YLL033W",9.81042289344692,-0.603184229364783,0.264785859422016,-2.27005512686586,0.0232042384901143,0.0799422481914072
"YOR319W",26.3003402492793,-0.418487421492957,0.184282810534903,-2.26952162747283,0.0232366235431745,0.0799512524345871
"YPR093C",82.5832719232287,0.405329558999792,0.178548073187622,2.26972295924466,0.0232243974783895,0.0799512524345871
"YGL174W",29.6031523527517,0.456884027642356,0.200804143640285,2.26902391619472,0.0232668715223995,0.0799528899211822
"YOR316C",191.372536432256,0.406421253971123,0.179089886905234,2.26907865108106,0.023263543384141,0.0799528899211822
"YMR234W",60.1243060178712,-0.410840253943363,0.18113917444572,-2.26774596074326,0.0233446948005334,0.0801690254307322
"YDR004W",63.5335832000303,0.344518440220986,0.151901581469229,2.26652358386474,0.0234193448637342,0.0803739944173267
"YFR009W",255.431608001879,-0.346573698084079,0.152984716329936,-2.26555084873616,0.0234788973652129,0.0805269206568062
"YDR088C",94.5651277016512,0.59512235724755,0.262445299961273,2.26529176653842,0.0234947809660886,0.0805299735602182
"YLR106C",477.170314363939,-0.359247449216959,0.158697075544369,-2.26346785584715,0.0236068639428692,0.0808625422430807
"YDL155W",112.001156904102,0.278169197119007,0.122987974633851,2.26091924671235,0.0237642580634647,0.0813497960859585
"YPL240C",193.784043726409,-0.548319884279232,0.242802330687353,-2.25897540832373,0.0238849146256155,0.0817107493338733
"YPL162C",49.448037112823,0.521205092352524,0.230727227224396,2.2564683795791,0.0240413134339904,0.0821934401361949
"YJR039W",82.5277169011875,0.36737318830446,0.162857112772285,2.25551127142347,0.0241012555975954,0.0823459566251176
"YDL205C",105.196505759772,-0.388841266171318,0.172520472148777,-2.25294773981974,0.0242624442692426,0.0828439848506688
"YEL068C",31.2479212892055,0.439944115848903,0.195129809777509,2.25269044869583,0.024278673596734,0.0828467318221462
"YER012W",304.417455167282,0.26736030557581,0.118771087585254,2.25097473619813,0.0243871375465831,0.083164010008062
"YNL047C",58.6927310499861,0.376403614261563,0.167134229132556,2.24984928578621,0.0244585141657389,0.0833544921219439
"YGR109W-B",30.1360302028455,0.651469465141921,0.289138737252917,2.24813452698841,0.0245676130377833,0.0836732083867686
"YBR076C-A",27.8266395898675,0.444589385073548,0.19752289968333,2.24757767931625,0.0246031321844191,0.0837410791904405
"YPR083W",36.632039997961,0.412434841064322,0.183367465587179,2.24665378836082,0.0246621617412572,0.0838888351566132
"YBR193C",52.1770984012025,0.379619532059905,0.169194493733776,2.24228479605576,0.0249429717526132,0.0847903172679022
"YJL176C",83.5893279279561,0.366157057331952,0.163210241802386,2.24122066384946,0.0250117849880787,0.084970459943688
"YNL042W",108.259155317288,0.600814042780089,0.267982940711916,2.2403058550298,0.0250710734015352,0.0851180374460464
"YJR155W",39.6685361581683,0.481849575152693,0.215315791828977,2.23966325245824,0.0251127929482212,0.0852058186512295
"YCL050C",348.761896505846,-0.209807482346892,0.0937317300886002,-2.23836160266571,0.0251974838700249,0.0854283641653354
"YKL063C",119.885708171573,0.531375009984646,0.23723499002716,2.23816656741884,0.0252101949733861,0.0854283641653354
"YMR186W",1687.35594753939,-0.443611550500074,0.198315966931823,-2.23695369474632,0.0252893666136484,0.0856426154362583
"YAL013W",225.960575564776,0.438887090789424,0.19629670872351,2.23535915597904,0.0253937792902115,0.0858879021207343
"YLR419W",51.8719569608109,-0.447714391779086,0.200054678831049,-2.23544171238877,0.0253883642358905,0.0858879021207343
"YPL160W",460.623895163296,-0.404387768784303,0.180978828764327,-2.23449103014838,0.0254507820883826,0.0860265264925758
"YBR173C",272.68164730424,0.57409052060401,0.257448901344032,2.23004799522531,0.025744256748313,0.0869580152211408
"YEL026W",346.375533651672,-0.569969568203978,0.255683018761903,-2.22982983659836,0.0257587418016822,0.0869580152211408
"YDR339C",69.5145979697557,-0.370045271147277,0.16599786309145,-2.22931536342595,0.0257929291318554,0.0870187326427107
"YLR017W",93.2484257457363,-0.418100400469751,0.187639815326557,-2.22896558746658,0.0258161945456524,0.0870425492182667
"YCR047C",65.6007794193192,-0.495342886198617,0.222140813018926,-2.22802996748272,0.0258785167027249,0.0871432684704298
"YER174C",71.80677778004,-0.392249694321846,0.176094132236835,-2.22821373468219,0.025866265612909,0.0871432684704298
"YBR255C-A",51.6690552094279,0.443378446907594,0.198864319859107,2.22764624493688,0.0259041142647223,0.0871748105988868
"YCR089W",94.4292640896092,0.566359662047908,0.254158007037149,2.22673801923973,0.0259647879024688,0.0872696344331414
"YIL118W",159.619504933792,0.374475152379272,0.168123733656939,2.22676878604794,0.0259627305298465,0.0872696344331414
"YER125W",277.730136713754,-0.305724343784041,0.137335382677586,-2.22636030773517,0.0259900569131559,0.0872999347595749
"YER080W",168.686584005266,0.332965543736429,0.149553604807226,2.22569148147285,0.0260348537445079,0.0873957496635948
"YDR150W",235.777454919648,0.361180738050405,0.162315404582658,2.22461298834992,0.0261072299573781,0.087583967583434
"YLR238W",63.8830279385698,0.477808762399768,0.21473860511747,2.22243106664923,0.0262541877775333,0.0880219990968362
"YGL167C",311.304325222968,0.26692157073032,0.120153310548206,2.2214390855407,0.0263212362032942,0.0881367578852202
"YPL026C",98.1335915390313,-0.331115041337711,0.14903321859922,-2.22157194031184,0.026312247920085,0.0881367578852202
"YHR020W",407.19815665514,-0.481331038681994,0.21687718539068,-2.21953702856151,0.0264502109772203,0.0884032875909459
"YIL009C-A",36.9814948420249,0.486448927394576,0.218898184465579,2.21974058757263,0.0264363819973789,0.0884032875909459
"YOR312C",1108.13582520004,-0.366843562306309,0.165253876963997,-2.2199158586683,0.0264244797900146,0.0884032875909459
"YKR059W",224.639527980173,-0.302649601205628,0.136447411098526,-2.21820381609964,0.0265409386720652,0.088596259544849
"YOL030W",514.878854462657,0.348640938599386,0.157150643092995,2.21832691164273,0.0265325505315533,0.088596259544849
"YNL085W",160.621028554921,-0.277203994101302,0.125000958179586,-2.21747420229684,0.0265907040318734,0.088707249288939
"YDR450W",1459.58118425184,-0.553878494927555,0.249881686489506,-2.21700070097954,0.0266230436297596,0.0887600045533449
"YML126C",345.77813003118,-0.471970307642863,0.212949929795418,-2.2166172686871,0.0266492565043663,0.0887888109922051
"YOR020C",262.946791136109,-0.487483159082353,0.219991191649655,-2.21639084341793,0.0266647462540359,0.0887888109922051
"YHL038C",34.061955457665,0.406937273287138,0.183415025087683,2.21567580627996,0.0267137129975949,0.0888967487670894
"YGR098C",42.5334067725594,-0.390562195186115,0.176184193450382,-2.2148000123473,0.0267737943850936,0.0890415168064011
"YJL042W",253.786231250585,0.347142077990057,0.156765929038666,2.21412393268205,0.0268202547102035,0.08914083418843
"YIR038C",150.99967713263,0.431198465250666,0.19481772925404,2.21377241598953,0.0268444385010164,0.0891660353673218
"YDR304C",363.973845179541,0.321468084539542,0.14533737254313,2.21173128227882,0.0269852376815754,0.0895783137130665
"YDL045C",99.5062202399598,0.483990820817182,0.218781295612729,2.210964809071,0.0270382740776789,0.0896989314831462
"YDR502C",281.617560504671,-0.508489633288916,0.230075137979604,-2.21065849111355,0.0270594950133398,0.08971391834361
"YLR025W",263.422763536413,0.418312302058433,0.189343641547388,2.20899434312794,0.0271750343731683,0.0900414001346619
"YKL023C-A",38.7211161522676,-0.41558809878949,0.188717276499918,-2.20311154581871,0.027586887619093,0.0913489531528182
"YLR004C",24.8832719742717,0.482435955878542,0.218362672545746,2.20287333745909,0.0276036773351376,0.0913489531528182
"YDR454C",250.036075065323,-0.34773516797977,0.157916200698913,-2.20210757726869,0.0276577103738461,0.0914714054297582
"YDR224C",1013.97730522224,-0.45413045417553,0.206283719909853,-2.20153229926963,0.0276983627212372,0.0915494807235478
"YJL174W",388.57139376143,0.332766679385454,0.151265333691324,2.19980803415271,0.027820517723859,0.0918966793941247
"YAL030W",107.541070922811,0.358508934355955,0.163066996676066,2.19884058512734,0.0278892595491118,0.0920671254076701
"YGR088W",65.6159434214996,-0.367682041445972,0.167315115219691,-2.19830494181726,0.0279273824840663,0.0921363460208355
"YJL123C",331.624519177436,0.306686867178139,0.139576341899865,2.19692003143288,0.0280261579590288,0.0924054600355702
"YDR185C",35.9338409446934,-0.3760524004858,0.171243928611202,-2.19606395687099,0.0280873659468722,0.0925504555218717
"YGR227W",69.4280024125811,0.419204966282692,0.190852241540282,2.194982112794,0.0281648808702972,0.0926425438882557
"YJL024C",53.3757042224878,0.60293134782758,0.274175738550392,2.19495174988332,0.0281670590522289,0.0926425438882557
"YLR188W",134.980519766432,0.291740539510195,0.13288778312428,2.19504531669083,0.0281603471992271,0.0926425438882557
"YCR105W",20.6555015520419,0.567591522426419,0.2582750451786,2.19393127419654,0.0282403506661842,0.0926834397237713
"YDR020C",23.7736127776812,-0.484521934938828,0.220492940050178,-2.19381769602802,0.0282485181209856,0.0926834397237713
"YLR274W",106.492593308389,0.405321935326501,0.184601773653935,2.19417056175989,0.0282231500541994,0.0926834397237713
"YNL106C",81.334539357548,0.460078799723971,0.209505313846389,2.19443351725608,0.0282042585418359,0.0926834397237713
"YGR235C",119.053852176714,0.330175487462926,0.150821488381845,2.18914065421929,0.0285866184634434,0.0937354870373349
"YDL223C",74.6128829993064,0.412587859038626,0.188454033647009,2.18818373375948,0.0286562214840679,0.0938736539702283
"YFL031C-A",18.2269779133003,-0.537846911078702,0.245525972818213,-2.18808088339403,0.0286637111359476,0.0938736539702283
"YOR389W",16.5148622134853,0.490088389639612,0.223208521016602,2.185779664422,0.0288317292373252,0.094366372781032
"YNL302C",1492.91633906922,-0.512084018197449,0.234459913239671,-2.18433828968517,0.0289373991520019,0.0946545498449465
"YLR383W",73.2809895526739,0.36915698949931,0.168947820111326,2.18375888236778,0.0289799704513303,0.0947361054741906
"YGR079W",13.4186432503347,-0.65493100489962,0.300079418996879,-2.18168637901956,0.0291326868781691,0.0951774095028262
"YMR194C-B",24.8602315548774,0.46988494743853,0.215204508187449,2.18061112233559,0.0292121917722017,0.0953791379990853
"YGL226C-A",109.457814150205,0.526105084405208,0.241237747964045,2.17985866742723,0.0292679395589436,0.0954852333769819
"YOR054C",104.071424199105,0.402850736865074,0.184741592102735,2.17969278256446,0.0292802419236435,0.0954852333769819
"YHR143W",700.052226388095,-0.550191006732944,0.252488977975122,-2.17925576815922,0.0293126731189342,0.0955329898797303
"YNL092W",25.0052072895865,0.530855977282276,0.243471112626338,2.17859777237282,0.0293615618199904,0.0956342926229039
"YOR142W",324.811837914158,0.326068352533567,0.149707043212013,2.17795546372058,0.0294093526200809,0.0957318987408814
"YPR082C",49.2480732504875,0.385915362886274,0.177272224177651,2.17692526806857,0.029486143782117,0.0959237300143854
"YPR147C",64.0074773757081,0.398480863663877,0.183021922440461,2.17613510548769,0.0295451596078366,0.0960575376838321
"YBR031W",1101.24529379176,-0.43573181369554,0.200315197399237,-2.17533291280423,0.0296051778373257,0.096194440510754
"YKL138C",49.2701111705063,-0.402917223698815,0.185195092256322,-2.17466608613987,0.0296551480681064,0.0962985491377265
"YAL032C",100.497935539922,0.379780834078408,0.174802325843648,2.17254740243342,0.0298143982578959,0.0967071987303113
"YDL083C",1216.28177885249,-0.560866120737701,0.258236025237294,-2.17251283456833,0.0298170026247246,0.0967071987303113
"YBR290W",160.957984082719,0.336904257136191,0.155113181994809,2.17160469988987,0.0298854922188298,0.0968202456599748
"YHR137W",22.3608699166055,-0.523803345263057,0.241377566789024,-2.1715726674941,0.0298879105016269,0.0968202456599748
"YDR119W",111.185903488387,-0.336102991819779,0.15481018376177,-2.17127844353172,0.0299101307829144,0.0968338230470363
"YDR211W",186.39729277007,-0.279966556054749,0.129054649122526,-2.1693732104582,0.030054361142286,0.0972421528284446
"YHL033C",965.9995531721,-0.551616404458045,0.254374370578621,-2.16904568500965,0.0300792156617904,0.0972639779166021
"YMR183C",268.655401713923,0.56156863329342,0.258926721367372,2.16875729217918,0.0301011151960959,0.097276227267287
"YPR179C",50.5084021302224,0.356384995963048,0.164268087561469,2.16733083558491,0.0302096368981243,0.0975682259650183
"YBR196C",2637.96692132746,-0.512232886642731,0.236433511795272,-2.16672344056536,0.030255948140548,0.0976590729945213
"YDL002C",59.3353856413202,0.353834815961168,0.163378145392785,2.16425445437361,0.0304448261379639,0.0982097064186211
"YHR031C",43.4746672880802,-0.400183047170622,0.184860750572572,-2.16376516313885,0.0304823770378224,0.0982718169688739
"YJL020C",374.228370366457,0.519980097749067,0.240560665906316,2.16146729575884,0.030659260608626,0.0987000512378486
"YOR223W",92.7234941766832,0.436252082771665,0.201798083632843,2.1613237699495,0.0306703380219641,0.0987000512378486
"YPR187W",201.419784302254,-0.456160724224744,0.211030391735252,-2.16172954704533,0.0306390287617073,0.0987000512378486
"YOL043C",61.9171605419961,0.364509306654777,0.168713029542913,2.15986280126594,0.0307832922050711,0.099004229002058
"YER139C",19.5098071911002,0.487567829247522,0.225111611622766,2.1595830400976,0.0308049625207112,0.0990146341704009
"YOR226C",72.991380321122,0.464021651878058,0.214977261343622,2.15922117241965,0.0308330122380131,0.0990455195755793
"YML130C",133.063606918462,-0.321539409697101,0.148959542833637,-2.15869740763689,0.03087365004244,0.0991167808595011
"YFL052W",26.8025969413199,-0.428459497768613,0.19854987453227,-2.15713440821291,0.030995193326727,0.0994229646724347
"YGR100W",161.699256593242,0.231082547368929,0.107145913538217,2.15647965803973,0.0310462304957368,0.0994229646724347
"YGR271W",98.9406329145404,-0.340495851438195,0.157864135889402,-2.15662873415026,0.0310346038136713,0.0994229646724347
"YHR049W",165.64601182872,-0.377223595311006,0.174921416339114,-2.15628294900108,0.0310615778663834,0.0994229646724347
"YKL167C",38.7055661199525,-0.42884829865583,0.198899845759927,-2.15688432869162,0.0310146782870305,0.0994229646724347
"YKL186C",112.84742105306,0.275584014863995,0.127858503529459,2.1550403364963,0.0311586778905279,0.0996743650685083
"YPR185W",119.220349043535,0.516982643829156,0.239831691056853,2.15453860131736,0.031197958158533,0.0997406150413574
"YIR015W",26.8176281557956,0.583309446650646,0.270106903868015,2.15227749774323,0.031375505021093,0.100196981453201
"YPL254W",61.4793601235838,-0.391750271102242,0.181995478422383,-2.15224560128416,0.0313780157892914,0.100196981453201
"YGL005C",66.2129942360118,0.499087132988392,0.231820021946298,2.15133364164279,0.0314498747430288,0.100366771981466
"YIL053W",3253.06695411193,0.463034288565048,0.21533316280254,2.15039711004625,0.0315238167508336,0.100543004613258
"snR19",25.2857622556329,0.585559760963206,0.272347997804182,2.14796538421245,0.0317165054687746,0.101097537609963
"YNR009W",58.5699116760048,0.629470860736048,0.293116272862995,2.14728774507628,0.0317703808532372,0.101209202587626
"YDR251W",398.81411214916,0.505001766377264,0.235190820623538,2.14690681473874,0.0318007009824317,0.101222274644582
"YFR024C-A",314.857242080191,0.30664084258283,0.142836180170731,2.14676272291201,0.0318121764289805,0.101222274644582
"YBR140C",163.696740170569,-0.333880342547229,0.15558897683916,-2.14593973691466,0.0318777869545901,0.101370985040322
"YIL090W",70.8960207322651,-0.344439389778588,0.160504203920026,-2.14535410152851,0.0319245459071432,0.101459607140394
"YBR084C-A",1130.81002611504,-0.352767485026601,0.164471301556591,-2.14489589722649,0.0319611713517366,0.10151593810182
"YPL079W",1711.34391230356,-0.529056250447028,0.247271381891353,-2.13994135971055,0.0323595060630085,0.10272039424611
"YLR243W",42.2773299239623,-0.412984455420561,0.193007365500906,-2.13753449402367,0.0325545432387744,0.103278471196372
"YBL056W",391.511806484506,-0.319069169268073,0.149365267043014,-2.13624355508799,0.0326595670011691,0.103550492540307
"YGL196W",114.753550617737,-0.391589924279922,0.183468961045558,-2.13473886713829,0.0327823463018337,0.103843913571563
"YLR459W",83.6674418279083,0.479285408455201,0.224284224724536,2.13463569196243,0.0327907796345876,0.103843913571563
"YCL032W",109.406909651215,0.285809786322215,0.133899342399542,2.13407901751652,0.0328363131485639,0.10387499989082
"YDR320C",60.9194605698795,0.324924690768509,0.152155276559547,2.13404282139021,0.0328392757055694,0.10387499989082
"YBL055C",102.799791967816,-0.413406926206135,0.193882336202265,-2.1326436779216,0.032953967415661,0.104176432601245
"YMR274C",28.3560991660905,-0.4324702202808,0.202817703866286,-2.13125653182479,0.0330680140062724,0.104475472486876
"YJR112W-A",85.8914848204333,0.449939439364796,0.211208038964135,2.13060277587315,0.0331218806932664,0.104522691658951
"YKR100C",119.536289250762,0.274516560802176,0.128810284964669,2.13077339550069,0.0331078151302474,0.104522691658951
"YML077W",42.5496201009241,-0.394966281006516,0.18543358135786,-2.13010788274831,0.0331627076921028,0.104590078105863
"YMR036C",50.8970591251613,0.583268888549242,0.273624785789442,2.12894295193186,0.0332589805639866,0.104832150592237
"YAL037C-B",19.8152952627341,-0.644752493924316,0.3027496503788,-2.12742264478995,0.0333849822938693,0.105167589384382
"YDL055C",1953.68983111249,-0.514920479781259,0.242307336611264,-2.12534920833814,0.0335574850743809,0.105649034193728
"YJR006W",114.789127237646,0.364917413231181,0.171716526351123,2.12455668015402,0.0336236218066726,0.105795238853918
"YNL076W",147.651105325628,0.527262426483598,0.248119534931064,2.12420965403984,0.0336526163247057,0.10580133951508
"YPL210C",133.302918408483,-0.360645682224768,0.169748118585833,-2.12406201847631,0.033664957965234,0.10580133951508
"YDR153C",144.584484712014,0.326955663690158,0.153967940749146,2.12273905013319,0.0337757247800775,0.106087378826782
"YPL003W",97.9212298172912,0.299948827520659,0.141286901144917,2.12235667226227,0.0338077977388003,0.106126055905959
"YEL005C",40.4385180663914,0.549807168711976,0.259071098311378,2.1202645893172,0.0339837381495769,0.106575793985612
"YHR144C",28.9403177389247,-0.426340823176594,0.200975685127678,-2.11994604194028,0.0340105959581715,0.106575793985612
"YHR207C",66.268578048652,0.349345519005536,0.16469076554202,2.12001628052662,0.0340046723461057,0.106575793985612
"YPL123C",56.1097990459595,0.419899352322094,0.198100248666744,2.11898043328488,0.0340921205902542,0.10676896774942
"YGL098W",65.5936229958446,0.49972634843933,0.235746275920319,2.11838518598748,0.0341424594440407,0.106864306336796
"YKL008C",187.289236496828,-0.527855656711339,0.249478693899189,-2.11644552415222,0.0343069337273682,0.107316564385378
"YHL028W",78.3828022370424,0.505892083913708,0.239025392660093,2.11569405325653,0.0343708366778661,0.107453878810721
"YMR167W",47.4832783695842,-0.367656422762494,0.173827453706836,-2.11498817542072,0.0344309551343068,0.107579208857686
"YJL207C",88.277118440327,-0.301075333102278,0.14240439974305,-2.11428022534856,0.0344913402949952,0.107705226002569
"YLR452C",61.015775636379,-0.413450420496662,0.195481893141343,-2.11342373263615,0.0345645164391252,0.10787101556917
"YOL135C",46.3942498427498,0.501990314893859,0.237351424537571,2.11202719160494,0.03468411708671,0.108181412818072
"YER136W",422.151513710691,0.295967994631913,0.140170032091522,2.11134000085858,0.0347430981726361,0.108302484205008
"YEL022W",153.012375305485,-0.339929293726283,0.161060339606154,-2.11037259972412,0.034826274672548,0.10831036643344
"YJL137C",26.5710732763322,0.450670364296035,0.213130743257104,2.1102546487775,0.0348364276365665,0.10831036643344
"YLR049C",41.0298559475502,0.457564521745995,0.216677997374386,2.1100753505762,0.0348518660817321,0.10831036643344
"YML030W",106.793055662298,0.44224586589841,0.209448264822033,2.11101547384102,0.0347709818571942,0.10831036643344
"YOR119C",52.9304816768796,-0.495206421745567,0.234337836851854,-2.10990404936143,0.0348666214044719,0.10831036643344
"YOR162C",67.9932850484155,0.375016670442948,0.177633795505421,2.11064553942936,0.034802790297638,0.10831036643344
"YKR014C",245.547036438037,0.39655481230392,0.187942910146198,2.10957418489555,0.034895049870055,0.108321164902468
"YLR392C",87.3998327230307,0.390475976914622,0.185044806383652,2.10939578351313,0.0349104331495385,0.108321164902468
"YFL029C",106.454978092541,0.349627362216598,0.165793809537245,2.10901970212681,0.0349428810451038,0.108340727047611
"YLR440C",65.2922723298932,-0.336928048557908,0.15980282883931,-2.10885521842257,0.0349570806132022,0.108340727047611
"YBR191W",1541.66542778281,-0.41550816732053,0.197082360475242,-2.10836606665971,0.0349993372766285,0.108357347985125
"YGL125W",123.926294543734,0.441731504669612,0.209573485363232,2.1083260917177,0.0350027925440684,0.108357347985125
"YOR283W",83.5392916112871,-0.344336302385631,0.163481577854019,-2.10616679616792,0.035189866278539,0.108873716464305
"YGR194C",84.0186559621131,0.332999327507641,0.158200887930311,2.10416787966611,0.0353638053409808,0.109304565631733
"YPL180W",97.6118345202928,0.384316083846576,0.182566361423895,2.10409884112019,0.0353698259296131,0.109304565631733
"YLR024C",56.446763075948,-0.309680723674354,0.147286507585749,-2.10224169163782,0.0355321093977522,0.109742932475749
"YML103C",135.870172267562,-0.304714228286687,0.145003489944957,-2.10085548335532,0.0356536542236937,0.110012535123388
"YPL124W",21.0145526599394,0.549628479629318,0.260660458455543,2.10077905816668,0.035660365602275,0.110012535123388
"YLR085C",82.7606170144633,0.290430756638178,0.138266293858067,2.10031502583258,0.0357011383526583,0.110075094197547
"YLR272C",47.3416208851765,-0.336216634963143,0.160024519395432,-2.09992243740176,0.0357356646452924,0.110118333224249
"YGL039W",110.629592559659,-0.370011470504428,0.176235377545835,-2.09961513342351,0.0357627104418935,0.110138484967552
"YBR227C",98.7767214933815,0.339150115566529,0.161546369844712,2.09819285195846,0.0358881128054219,0.110461348927175
"YDL098C",21.5457198188598,0.431360133300985,0.205111238761513,2.09787328616732,0.0359163404119525,0.110484916582243
"YKL056C",2784.90190270714,-0.605324018124454,0.288937053774581,-2.09745128461111,0.0359536452917046,0.110536364545933
"YFR047C",182.19117015187,0.394077216252491,0.187997808077506,2.09627023589834,0.0360582255065606,0.110731120180524
"YLL012W",77.713854167878,-0.410595253548206,0.195768937226035,-2.0964176822984,0.0360451551818239,0.110731120180524
"YPL171C",12.0846515004675,0.577669741661259,0.274565285106857,2.09555639867128,0.0361215604601186,0.110862229275027
"YAL034W-A",24.18759938238,0.536742154287333,0.255252047519137,2.09526151341353,0.0361477517167047,0.11087925440915
"YCR053W",513.131017127738,-0.298986782584933,0.142748551132012,-2.0946182278272,0.0362049435404916,0.110991296664372
"YMR169C",24.6839449601209,0.409528043964748,0.195235744942603,2.09425174990012,0.0362375600308037,0.111027914960323
"YAL014C",187.27238724257,0.304318206325377,0.145472209673976,2.09193077873576,0.0364447083114105,0.111598932919376
"YBR258C",29.7196258235209,0.594657114673373,0.284122599284428,2.09143770955619,0.0364888447927095,0.111670419020879
"YJR068W",127.677841625213,0.296097954167087,0.141731260614343,2.08838969075343,0.036762696679105,0.112437312339649
"YML114C",114.530052941759,0.427616465039216,0.204696309567643,2.08818334431141,0.0367812991585856,0.112437312339649
"YHR182W",44.2876148968977,0.565559817768035,0.270575246978013,2.0869865005627,0.0368893548337286,0.112666299341589
"YJL136C",1194.94603268674,-0.340178525319022,0.163011177766521,-2.08688909805625,0.0368981605924138,0.112666299341589
"YGR193C",211.923814625802,0.423654755086085,0.203070038724076,2.08595314898108,0.0369828671724944,0.112796694823093
"YNL215W",181.468226685984,0.433004537120956,0.207504230039298,2.0860349411747,0.0369754581028538,0.112796694823093
"YBL023C",95.0479695357654,0.396497856760297,0.190026942433601,2.08483719487909,0.0370840811965031,0.112852331291913
"YER182W",58.716729056516,-0.356064935575478,0.170858528882087,-2.08459404056636,0.0371061659023495,0.112852331291913
"YML079W",94.7422538850853,0.33838280435201,0.162264445969386,2.0846384391633,0.0371021325249789,0.112852331291913
"YMR189W",71.5437282014152,-0.551789466224998,0.265033316281723,-2.0846755085844,0.0370987652503594,0.112852331291913
"YMR235C",257.796190633243,-0.273335411249465,0.131071158409613,-2.08513095547536,0.0370574150590653,0.112852331291913
"YLR390W",55.0207430331807,0.461821404094964,0.221723214397967,2.08297314921491,0.0372536711086212,0.113206713909183
"YMR034C",27.532030298125,0.506890018704054,0.243129980092058,2.08285061047784,0.0372648427092601,0.113206713909183
"YPL157W",45.6138231749157,0.365831254816041,0.175545528675665,2.08225900491297,0.0373188182810395,0.113306598636214
"YLR219W",237.225487268404,0.372348859908206,0.178799760237259,2.08202104940156,0.0373405470868775,0.113308518872101
"YER038C",16.1306677865755,-0.522506851460868,0.250820165170299,-2.08153468598087,0.0373849926552864,0.113379331197935
"YLR293C",1037.22441017993,-0.196596618002989,0.094498696012204,-2.08045329034744,0.0374839756989469,0.113615368780499
"YDR243C",28.2984723880168,-0.443870562862063,0.213311106878441,-2.07919354391878,0.0375995648238553,0.113901445385745
"YKR049C",106.503458285443,0.390804092441282,0.18800089758359,2.07894787434358,0.0376221417539292,0.113905593776975
"YBR105C",137.089246978109,0.401177869794514,0.193056422585457,2.07730313507378,0.0377735899106906,0.11428638422547
"YKR005C",11.3951766849459,-0.521732648115801,0.250164056650686,-2.0771201555023,0.0377904707474278,0.11428638422547
"YJL063C",142.789713014177,-0.322306006198243,0.155234458308897,-2.07670953626547,0.0378283759125659,0.11433663873179
"YDR208W",119.153861363384,0.303043128947991,0.146002561958501,2.07482206739418,0.0380030285889562,0.114777343137217
"YKL002W",172.683682869493,0.273085455292196,0.131625343905739,2.07467222770295,0.0380169230015098,0.114777343137217
"YNL322C",376.926032570038,0.395133834763199,0.190566908754077,2.07336297125431,0.0381385123097834,0.115079746975195
"YGL227W",167.116811056847,0.332855491230507,0.160604557563493,2.07260599831539,0.038208962355974,0.115227589451957
"YLR225C",171.824696419792,-0.255501777933402,0.123348921059692,-2.07149211278223,0.0383128307686748,0.115475989931848
"YGL052W",13.2699157695227,0.602059107066958,0.289615137290523,2.07081856193697,0.0383757549154083,0.115549068881287
"YMR058W",847.359012149422,0.286934322349386,0.138564180770937,2.07077204268812,0.0383801040558957,0.115549068881287
"YDR043C",37.531643690343,-0.460742058291454,0.222444186980898,-2.06998933806645,0.038453342905704,0.115704708541477
"YIL065C",98.2641946977568,0.310248897237155,0.149888982945337,2.06966729160432,0.0384835117535158,0.11573065040769
"YER187W",24.5570582979773,0.441404313107177,0.21314024348173,2.06772761913141,0.0386656432601263,0.116213301594929
"YDR404C",112.651236165632,-0.333893775046148,0.161580137317075,-2.06646873826666,0.0387842412841954,0.116504563723386
"YBL039W-B",18.2491951562802,0.574971616865457,0.277806946842946,2.0647982034201,0.0389420979323178,0.116913363887356
"YDR003W-A",26.1048007370312,0.500314974459175,0.242266851463927,2.06325555726633,0.0390883541489003,0.117286899516058
"YMR124W",199.33051001911,0.311588329220386,0.151046796348014,2.06251548842233,0.0391586845107807,0.117432325241431
"YKL069W",47.7374979306204,0.395131791821386,0.191764985148088,2.06063922406916,0.0393374717621334,0.117902656715635
"YGR147C",144.700207215567,-0.331106536700918,0.160726349131777,-2.06028908531868,0.0393709127357592,0.117937073231323
"YDL010W",33.6964837533299,0.427643823147198,0.207529951949396,2.05941778636291,0.0394542333353106,0.118120784416919
"YGR237C",194.260940693061,0.488356821653559,0.23709590894531,2.05909228732362,0.0394853985487347,0.11814823153496
"YJL026W",284.178120892952,-0.46768249024041,0.227253060980005,-2.05828025929318,0.0395632380484038,0.118311071950445
"YML037C",10.5056211880009,0.544414695667521,0.262457830586956,2.05806519324599,0.0395838756832897,0.118311071950445
"YER146W",14.0537010284919,0.544825624817291,0.26363447875727,2.05752119990444,0.039636117814167,0.118335513496326
"YNL321W",163.7797364217,0.291002660422705,0.141401923429842,2.05770335115371,0.039618618496399,0.118335513496326
"YPL159C",79.5250787295113,0.449415812637006,0.218310598543159,2.05728058295828,0.0396592440026307,0.118338777521183
"YBR264C",86.6523066608827,0.345006304465888,0.167687821169536,2.05700889781828,0.0396853699830634,0.118350983997242
"YGR031W",72.9776554973492,0.384898121877245,0.187182999062641,2.05618994450293,0.0397642111456456,0.118520298592266
"YDL161W",281.496761454227,0.502234179663334,0.244532127809988,2.05368807551208,0.0400058914142134,0.119174510696473
"YJR144W",139.915144279486,0.232690272923309,0.113379012953604,2.05229902884763,0.0401406103405759,0.119509544423078
"YDR460W",72.7342185298141,0.280125426852696,0.136536523825318,2.0509809772187,0.0402687992992653,0.119763518845194
"YGR202C",140.512642648139,-0.254705988493221,0.124222765189171,-2.0505057071209,0.0403151074422102,0.119763518845194
"YIR018W",26.3918286055967,0.400438214959814,0.195130800455181,2.05072833397809,0.0402934100808843,0.119763518845194
"YPR053C",13.0025877979718,0.557218197455988,0.270186389805126,2.05072911417995,0.0402933340593091,0.119763518845194
"YBR237W",89.2033093330435,0.443139430484914,0.215999439432609,2.04990345864028,0.0403738526393336,0.119871302256865
"YGR013W",100.656460087361,0.314228196318436,0.153254272293153,2.04944782774697,0.0404183445144632,0.119871302256865
"YLL007C",36.8831316117183,-0.338642609744299,0.165221997697286,-2.04960339044117,0.040403149310217,0.119871302256865
"YMR288W",57.4687758827115,-0.31856753005552,0.155504076473268,-2.04895080498778,0.040466925663675,0.119949148862913
"YOL148C",81.0199021396762,0.255773199193735,0.12484334434467,2.04805743577097,0.0405543718980433,0.120142047139763
"YKL124W",63.1270005409012,0.320483344827302,0.156411879759726,2.04771274503006,0.0405881542861008,0.120175841604547
"YDR385W",397.485891519383,-0.494118957858546,0.241554218268435,-2.04587896560619,0.0407682803269212,0.120642663160272
"YBR172C",125.137008580496,-0.406282290811325,0.19857761119189,-2.0451198728685,0.0408430415050086,0.120797343570155
"YDL085C-A",60.0030156568479,0.557577334299052,0.272645047316695,2.043150572713,0.0410375349117613,0.121275005552098
"YML021C",59.6163730145286,0.371703634059819,0.181799428230457,2.04302762053499,0.04104970398319,0.121275005552098
"YGR097W",407.8304187792,0.458291564757437,0.224394780911868,2.04224762823025,0.0411269741970332,0.121436491705479
"YDL064W",71.9440034310098,-0.318390831294364,0.155983524327221,-2.040681995519,0.041282446094472,0.121694850698907
"YDR192C",41.5280416965725,0.463263370596663,0.226536170398475,2.04110345289353,0.0412405452593013,0.121694850698907
"YKL105C",162.139380644893,0.331552055711879,0.162410519394383,2.04089777270328,0.0412609892582629,0.121694850698907
"YLR042C",15.8767867842849,0.490149441528247,0.239906401071399,2.03837107835394,0.0415128364040598,0.12230688114438
"YLR314C",377.331756449729,0.215873850985991,0.105944265409499,2.03746068568905,0.0416038978211067,0.122507968858094
"YBR042C",70.3554987090941,-0.345558849368363,0.169720039487847,-2.0363873203619,0.0417114776599476,0.122747264998548
"YCR091W",100.886406077412,0.302626417424256,0.148595200601154,2.03619407912719,0.0417308705804039,0.122747264998548
"YGL219C",114.545689544619,0.518000799085958,0.254551138111391,2.03432619502355,0.0419187177613976,0.12309814587655
"YMR013C",28.374296335235,-0.426280430689463,0.209427925982899,-2.0344342120717,0.0419078353667833,0.12309814587655
"YPL270W",178.68720921931,0.246176809784171,0.12100575817834,2.03432420728163,0.0419189180428616,0.12309814587655
"YDR377W",116.312103134516,0.257031573629893,0.12642317313341,2.03301285466506,0.0420512243099579,0.123382447112451
"YNL039W",120.329931973942,0.276670319719197,0.136044963699314,2.03290941377442,0.0420616757890332,0.123382447112451
"YNL209W",1688.02480921099,-0.468488962538407,0.230637667920482,-2.03144011974778,0.042210368093191,0.123751030037407
"YBR072W",23.0252695674502,0.538576083111505,0.265394559793813,2.03045724227293,0.0423100831781441,0.123854425729586
"YER168C",57.9704380609205,-0.41778196190648,0.205801695816151,-2.03041065037292,0.0423148149718471,0.123854425729586
"YJL208C",25.719694770745,-0.531766445918833,0.261155736287466,-2.03078101518834,0.0422772137158258,0.123854425729586
"YER088C-A",15.8149746864899,-0.498064793413886,0.245438819397086,-2.0298384192682,0.0423729663056224,0.123957081714323
"YLR174W",21.491426666809,0.433080588794485,0.213370072820755,2.0259896464769,0.0427658456397903,0.125038299908173
"YLR295C",107.138160717264,0.418183526220087,0.206421571310383,2.02545680685165,0.0428204793926894,0.125129921010955
"YMR281W",88.3497863928936,0.321736415915731,0.15904480183009,2.02241269893773,0.0431337342408375,0.125976773576693
"YCL043C",1682.20381831986,0.367500026531274,0.181823626627,2.02122391602517,0.0432565910464424,0.126141130257571
"YJL205C",20.1720672713037,0.529357147483935,0.261268528635814,2.02095956102035,0.0432839514177442,0.126141130257571
"YJR117W",250.154546221203,0.39829299011439,0.19703070343423,2.02097120027966,0.0432827464631081,0.126141130257571
"YLR254C",58.2377800713673,0.351842706660046,0.173972879950205,2.02106664618936,0.043272866491867,0.126141130257571
"YOR245C",80.0731154040101,0.308801816380188,0.152718860421177,2.0206467097286,0.0433163499776792,0.126167090959932
"YML105C",108.419741780435,-0.308204634078814,0.152617589848912,-2.01975969456675,0.0434083197843614,0.126366442038919
"YMR020W",111.860781571952,0.314037933180861,0.155520849412005,2.01928691156612,0.0434574074601488,0.126440810112925
"YLR027C",622.072200957044,0.293551557913913,0.145442164021657,2.01842381696083,0.0435471409955283,0.126633294145632
"YBR103W",95.0768935760238,0.35152773101329,0.17418526562902,2.01756500924872,0.043636584130703,0.126824725847406
"YDR051C",91.1572751154371,0.277656889556056,0.137604908660327,2.01731456577821,0.0436626965290945,0.12683198651042
"YPR181C",476.347921858847,-0.203863485027372,0.101112404351543,-2.01622134692279,0.0437768351870356,0.127094800967334
"YBR148W",10.4031417009432,0.527877562188204,0.260094893850263,2.01443644219108,0.0439637315208189,0.127430762006648
"YGL021W",76.6825145364681,0.535198192530272,0.265389079490978,2.01472185593116,0.0439338008441217,0.127430762006648
"YJL111W",475.499629296323,-0.257135475518494,0.127646386140672,-2.01445676603559,0.0439615996372581,0.127430762006648
"YNL078W",139.77227423198,0.40498238595126,0.201201866983212,2.0125746702962,0.04415939391998,0.127928859085336
"snR17b",10.7505349586123,-0.593190803464266,0.295873084212477,-2.01123680491071,0.0443004499451412,0.128201851068006
"YDR263C",15.9053927053889,0.504389057918245,0.249353100637084,2.01122813034163,0.0443013657758739,0.128201851068006
"YJR133W",59.5119890840139,-0.410455886873359,0.204744508801051,-2.00581830705876,0.0448756367088666,0.129793777470825
"YPR066W",39.4676736552013,0.361610827530589,0.180283796749449,2.00493086581697,0.044970438418506,0.129997968108609
"YMR090W",65.3812892514097,0.286317593809346,0.142932961200659,2.00280008026402,0.0451987512589544,0.130587677790126
"YFR037C",189.387965212713,-0.308755471207946,0.154201145451863,-2.00257112418127,0.0452233418538873,0.130588478009263
"YLR211C",22.1934397056211,0.449057272544292,0.224079835975378,2.00177766732378,0.0453086488730751,0.130732210834536
"YNL314W",37.4001301074186,0.418917345448292,0.209000856520782,2.00165547765772,0.0453217979098688,0.130732210834536
"YDR098C",162.220492645385,0.281463721614218,0.140602359016317,2.00135535375356,0.045354108404782,0.13075518853574
"YBR057C",124.311635768902,0.318115514426687,0.159114432408004,1.99885478514983,0.0456240681108646,0.131462912995415
"YPL154C",1355.54919631994,0.303653533899749,0.151937633191621,1.99857095888107,0.0456547951925804,0.131480914198043
"YKL005C",86.1948756814749,-0.284942859206923,0.142596917506005,-1.99762858701825,0.0457569416215805,0.131704465942931
"YHR164C",73.1028820208861,0.356068706954164,0.178296993627512,1.99482084803867,0.0460624227094586,0.13244179463196
"YJR043C",45.7513323626422,0.440918597122424,0.220675507726143,1.99484573203597,0.0460597078134825,0.13244179463196
"YDR314C",15.0049198365451,-0.439203414798002,0.219972745766873,-1.99438690720692,0.0461097882299797,0.132507047931097
"YAR019C",56.6129998257409,0.350276263878573,0.175602383603115,1.99341836671486,0.0462156543409684,0.132709446908608
"YIL052C",1005.68979584242,-0.457293511124711,0.229437271746197,-1.99329059162748,0.0462296360390999,0.132709446908608
"YJL190C",1510.43190440575,-0.548574438113407,0.275417680398157,-1.99280977162483,0.0462822813486875,0.132789601027671
"YER107C",130.010769909154,-0.308072773022097,0.15468294136458,-1.99174112985178,0.0463994684487049,0.132983748686229
"YPL090C",578.584605258955,-0.543889536492419,0.273193209767001,-1.99179377164153,0.0463936899139665,0.132983748686229
"YMR286W",50.1321645490588,-0.415408706383151,0.208702325400814,-1.99003549525524,0.0465870255591202,0.133450087614952
"YJL138C",289.665721301211,-0.30618338609391,0.153871461318063,-1.98966493266658,0.0466278580899515,0.133495855970751
"YAL051W",76.0306903574253,0.317534055709721,0.159698101985756,1.98672238345637,0.0469531699412291,0.133998658743008
"YFR002W",111.681526753991,-0.274826034175322,0.138275438104892,-1.98718349844498,0.0469020658210554,0.133998658743008
"YKL120W",79.1843548723755,-0.317726933375506,0.159887508452083,-1.98779018735502,0.0468348994378198,0.133998658743008
"YMR157C",48.6384206041963,-0.345895211313147,0.174095691386651,-1.98682559705563,0.0469417269911738,0.133998658743008
"YPL229W",39.7696406478991,0.499582950899081,0.251056953353083,1.98684861179875,0.0469391757427349,0.133998658743008
"YPR025C",61.2523581383264,0.430851630383527,0.216632983492528,1.98679646269594,0.0469449567834881,0.133998658743008
"YFR031C",105.130061992613,0.35772045448403,0.180010357612543,1.98538902020856,0.0471012066132681,0.134349750780596
"YGL153W",22.5301482448453,0.499151120224359,0.250846779832409,1.98481952909694,0.0471645539187411,0.134389656759324
"YLL057C",26.7171451587199,0.388238859808917,0.195312692989919,1.98481336651591,0.0471652398047524,0.134389656759324
"YDR064W",1897.89227998406,-0.482663093156267,0.243276352318172,-1.98425655868263,0.0472272463131522,0.134494984065716
"YDR456W",148.341242652016,0.34353719064168,0.173129517183875,1.984026733855,0.0472528597481224,0.134496613517311
"YBR216C",57.8516675975778,-0.326506090793824,0.164618357372862,-1.98340506581109,0.0473222017331848,0.134622640629733
"YLR035C",41.2620078500385,0.424451789835893,0.213913086758725,1.98246656705838,0.047427045683364,0.134849477165351
"YBR177C",183.661212644765,0.303484470648576,0.153156975701145,1.98152936089442,0.0475319400774607,0.135076217013778
"YIL087C",69.082897283315,0.341088575264355,0.172302538316392,1.97950733710273,0.0477589143889393,0.135506143255675
"YJR001W",235.703947818631,0.200898101814148,0.101462795802732,1.97988337868539,0.0477166344997983,0.135506143255675
"YPL116W",100.090982701915,0.254809221374052,0.128717497913356,1.97950987174431,0.0477586293034749,0.135506143255675
"YPL266W",114.167242534504,-0.385217942362929,0.194862979465975,-1.97634988633422,0.0481151631745358,0.136444847629584
"YNL225C",48.0781443148057,0.471506004982618,0.238448438123863,1.97457295199458,0.0483166310611923,0.136943865662092
"YHR046C",48.8584765977549,-0.361571120924991,0.182994843239857,-1.97433192872367,0.0483440126521131,0.136949204617352
"YPR102C",520.117488258867,-0.441431540320141,0.223856281018339,-1.97210693193487,0.0485974008103977,0.13759443318537
"YJL211C",10.1657689342442,0.554533278708169,0.280817312195355,1.97090511212327,0.0487347302929134,0.137910556587586
"YDR261C",147.613661277061,-0.23970212436279,0.121643609976588,-1.97047786748235,0.0487836290986687,0.13797623585516
"YHR029C",60.0894841617258,0.356228058619887,0.180784502213323,1.96963750030458,0.0488799306093507,0.138175845948854
"YGR071C",52.6109130666814,-0.326787879305716,0.165923016927079,-1.96894137126882,0.0489598240139656,0.13832888731142
"YPL106C",1456.71490551735,-0.31408212344645,0.159540127044092,-1.96870277636158,0.0489872323071923,0.138333556636136
"YKL156W",167.361906340293,-0.434072721118494,0.2205491756283,-1.96845201991071,0.0490160515213075,0.13834220321647
"YLR375W",217.926388940454,0.282308075842596,0.143545056446581,1.96659942521878,0.0492294097963432,0.138871407571512
"YJR103W",277.562382871963,0.295946146902922,0.150581477572303,1.96551183905565,0.0493550267723935,0.139079668832385
"YPL013C",91.9064755260233,0.479550624433608,0.2438153554496,1.96555206849995,0.0493503754577917,0.139079668832385
"YAL043C",141.928736512649,0.277944316206702,0.141513340484258,1.96372746975566,0.0495617052075265,0.139588840414066
"YBR183W",84.5351458119544,0.432423279108154,0.220335947629035,1.96295455950713,0.0496514542790716,0.139768323340091
"YDL243C",38.3978152916141,0.353930812953445,0.180405001632338,1.9610088217388,0.0498779938235804,0.140332480265296
"YGL071W",108.914376163845,0.469456280382669,0.23946457807816,1.9594033897383,0.0500655640136989,0.140786462993496
"YOR321W",134.820163961272,0.312001633958254,0.159326703686247,1.95806554370342,0.0502223222412212,0.141153371406384
"YOL052C",87.8686350900702,-0.331909327761108,0.169508330718139,-1.95760520555033,0.0502763560711269,0.141231332875535
"YDL233W",67.5404174076084,0.286253312265133,0.146253505791047,1.95675710554612,0.0503760324027376,0.141437360185627
"YNL213C",43.131705933935,-0.300804912214246,0.153761741794194,-1.95606016016901,0.0504580675987087,0.14159366827203
"YGL228W",311.14522764497,0.368019924401993,0.188193906673682,1.9552524481898,0.0505532807872878,0.141786773424816
"YBR020W",24.4025059008326,0.407536213295218,0.208372399385059,1.95416460677478,0.0506817535259424,0.141924764435786
"YDR062W",285.551075288227,-0.30637985230179,0.156773283982629,-1.95432499076124,0.0506627952011322,0.141924764435786
"YMR023C",35.4120413443112,0.370590229271966,0.189534491742417,1.95426535612776,0.0506698436694925,0.141924764435786
"YHR004C",130.10497545581,0.244965030899185,0.125396421437987,1.95313711358004,0.0508033502772256,0.1421911382694
"YAR002C-A",236.616121408603,0.233378228761229,0.119539944231591,1.95204994389059,0.0509322753010364,0.142411743178166
"YDR222W",24.7485323418221,0.448879494925321,0.229649600720138,1.95181471893783,0.0509602061295288,0.142411743178166
"YKL020C",140.742424905133,0.326679575211708,0.167319379318808,1.95168171107758,0.0509760052824841,0.142411743178166
"YOL088C",95.489492021532,0.379096577341955,0.194187169441618,1.951355722595,0.0510147447169598,0.142411743178166
"YOR252W",50.8874259003879,-0.46608769684576,0.238457773448392,-1.95151627935847,0.0509956615818987,0.142411743178166
"YNR026C",80.3746910319329,-0.281228625555196,0.144164154643383,-1.95108952987162,0.0510463964960229,0.142426075626046
"YDL009C",17.6413721819973,0.53705832267397,0.274566790083922,1.95051479752175,0.0511147914191762,0.142542858106124
"YML053C",83.4905413402443,0.367999871564118,0.188635394164435,1.94943769685363,0.0512431763783715,0.142826725650355
"YLR146C",60.8091898967624,-0.405935128270935,0.208333148144479,-1.94858266682912,0.0513452837551258,0.143037094942314
"YER164W",184.855110901548,0.392835669429896,0.201534644180472,1.94824212178416,0.0513859989206037,0.143076309073387
"YLR138W",358.048615099125,0.27049639964102,0.138892655341415,1.94736804843994,0.0514906258219397,0.143293342637118
"YER086W",357.906974263221,-0.281761018119068,0.144807058291579,-1.94585120411721,0.0516726158233894,0.143494790824766
"YKL047W",42.4851292338857,-0.40840954756389,0.209841092452347,-1.94578654132198,0.0516803859705682,0.143494790824766
"YLR233C",22.8918946079542,0.424681863474716,0.218083962207486,1.94649466947922,0.0515953476344511,0.143494790824766
"YMR018W",9.82929971325417,0.494646288321128,0.25276857301828,1.94577895910275,0.0516812971452284,0.143494790824766
"YOR104W",41.9069026293083,0.425023172989122,0.218142278282765,1.94565166356509,0.0516965965827447,0.143494790824766
"YGR023W",144.085235836359,0.513015468333983,0.263947763977287,1.94312036101438,0.0520016174522105,0.144141870014468
"YKL145W",668.498038318275,0.240966910566599,0.124006947197851,1.94318711596281,0.0519935542251957,0.144141870014468
"YOR126C",38.8409759515078,0.487047777352204,0.250493195347226,1.94304906975049,0.0520102297687654,0.144141870014468
"YPL258C",26.0937822896826,0.371805872031989,0.191159020113153,1.94168068349109,0.0521757685704178,0.144526071682163
"YDL248W",10.728073627356,-0.557085430373041,0.28700909711332,-1.94088929823047,0.0522717063561485,0.144642624852588
"YLL021W",218.322395372127,0.2651436719318,0.136573488030199,1.94092187304488,0.0522677544784722,0.144642624852588
"YDR383C",48.1958557885421,0.339454631380026,0.174771846091966,1.94023110850164,0.0523516094822582,0.14478913209537
"YIL084C",30.8326499066853,-0.435906545530188,0.224503001672227,-1.93998743623527,0.0523812167780859,0.144796456672722
"YLR150W",2554.89860548294,-0.47580381269517,0.245423257783515,-1.93893840360592,0.0525088389705874,0.145074575159992
"YPL272C",32.7428235818581,0.394018416673534,0.20290970514554,1.93867357566432,0.0525410982153295,0.145089068645005
"YGR163W",94.5632177118186,0.270840162881783,0.139748387152449,1.93731789817897,0.052706495723628,0.14547101157842
"YIL111W",126.977769505227,0.296197954039625,0.153003331410563,1.93592945212445,0.0528763419867103,0.145864834520093
"YOR112W",80.2951966141748,0.423506594041107,0.218512732826992,1.93560163044954,0.0529165105358904,0.145900707437509
"YNR020C",62.3226385039463,0.406513313495119,0.209914539161875,1.93454007379313,0.0530467599038996,0.146109819201972
"YNR058W",24.0724252484563,0.47114967428027,0.243675857419416,1.93470009244105,0.0530271090346255,0.146109819201972
"YHL001W",345.373449047268,-0.462198234833778,0.239159872221023,-1.93295662312456,0.053241541577361,0.146496065477462
"YKL012W",112.437309892423,0.337094811053786,0.174296289632829,1.93296672468281,0.0532402970847251,0.146496065477462
"YLR091W",50.0025994632309,0.282184806827071,0.145942085540327,1.93266997124559,0.0532768666699665,0.146518203217814
"YPR029C",159.398036358937,-0.228642886292902,0.118423728782573,-1.93066130409899,0.053524951243068,0.147081190014932
"YPR154W",141.975052215201,0.452961777249207,0.234551294976752,1.93056921282208,0.0535363482552955,0.147081190014932
"YMR054W",312.111633385675,0.254101786413268,0.131660904974459,1.92985981153697,0.0536242101344947,0.14724725594702
"YDL207W",134.493653406989,0.30384512188967,0.157457864882492,1.92922152485854,0.0537033670868444,0.147313869000234
"YIL071C",17.2858471431807,-0.442127697922148,0.229415989467878,-1.92903362062369,0.0537266885592662,0.147313869000234
"YKL061W",28.1136608598629,0.348236510471664,0.180330848054569,1.92900088733352,0.0537307520706495,0.147313869000234
"YHR191C",52.1446128925531,0.377910345930171,0.195846819422159,1.92825750416961,0.0538231047789597,0.147491783554996
"YHL025W",285.623358177662,0.375949358465895,0.19506925117349,1.92735711759749,0.053935139902017,0.147531712854554
"YJL108C",71.6701662230909,-0.383320168842177,0.198964536569538,-1.9276191688247,0.0539025127967646,0.147531712854554
"YKL206C",74.069313367431,0.301692597104343,0.156533822898628,1.92725748857753,0.0539475486960237,0.147531712854554
"YNL031C",1109.38914388281,0.345759962907862,0.179379776343174,1.92743922079359,0.0539249157400241,0.147531712854554
"YKL155C",60.6428258936003,-0.308157313954953,0.160016847101214,-1.9262435392825,0.0540739716635197,0.147802189213621
"YOL092W",147.43593869827,-0.3374495538661,0.175341539863362,-1.92469714384182,0.0542672580348689,0.148255057428932
"YNR033W",133.65861513263,-0.267707666230163,0.139166055370721,-1.92376558297715,0.0543839732727082,0.148422927056766
"YPR012W",14.9000162657921,0.481387055042482,0.249251654965824,1.9239496649947,0.0543608930526008,0.148422927056766
"YDL007W",515.968225581678,0.206898333476723,0.107607074413895,1.92265147203972,0.054523835139126,0.148729059691338
"YHR072W-A",201.771028751245,-0.259340232070452,0.134938447564669,-1.9219955064614,0.0546063231708254,0.148878457741372
"YKL142W",209.896355554096,0.342722286988844,0.178622738622635,1.91893336187084,0.0549927678296113,0.149779997978115
"YNL066W",393.103698401156,-0.248081575976951,0.129268120547981,-1.91913463531179,0.0549672971672478,0.149779997978115
"YJR140C",59.3294039980639,-0.309405277209098,0.16138013838943,-1.91640927036188,0.0553130217551149,0.150575894499099
"YPR001W",25.4306869855812,0.418639385354243,0.218298791203411,1.9159722824218,0.0553686238412233,0.150650901039114
"YDL124W",398.184692862233,-0.334569527361223,0.174727488344311,-1.91491197763572,0.055503730046574,0.150914113205518
"YJL014W",450.652754503681,-0.159675676756696,0.0833913216043929,-1.91477222614931,0.0555215579396952,0.150914113205518
"YDR447C",688.707473277443,-0.460760848742352,0.240880662321377,-1.91304683877943,0.0557420564623657,0.151366702028222
"YKL144C",25.4472131780495,-0.445844903122501,0.232648975425893,-1.9129697451369,0.0557519257641054,0.151366702028222
"YNL313C",52.2588645977441,-0.422327388678299,0.220569858521024,-1.91280818614491,0.055772612793493,0.151366702028222
"YNR051C",241.67124444419,-0.280896404941842,0.14687278218765,-1.91222397554833,0.0558474721670173,0.15149331970154
"YBR181C",494.197598771462,-0.415056796471302,0.217295410342259,-1.91024469167939,0.0561017153233013,0.152061525126423
"YGL116W",70.838688583072,0.337994903445443,0.17690631924967,1.91008333711678,0.0561224840756275,0.152061525126423
"YNL336W",23.5404826805458,0.457995010633444,0.239483325488788,1.90993274102561,0.0561418738271638,0.152061525126423
"YMR204C",38.370224223788,0.489873151257129,0.256131996127341,1.90844070945609,0.0563342794680845,0.15250575353986
"YEL003W",55.0051396111538,-0.291321099685855,0.152897556613037,-1.90508925373472,0.0567684700677888,0.153603754525992
"YOR285W",298.155480419616,0.316344288187379,0.16614023443252,1.90430346448163,0.0568706732930303,0.15380281281816
"YML060W",21.0799260985621,-0.421632881815068,0.220966014273483,-1.90395548592327,0.0569159818085496,0.15384788036926
"YKR015C",31.7221364162834,0.418671804340251,0.219867353342307,1.90163464208148,0.0572189357638167,0.154588985909185
"YKL121W",70.4160712548233,0.390988484689057,0.205639626308944,1.90070811193824,0.0573402554405468,0.15483886976932
"YGR284C",170.061337969491,0.275356426329367,0.144897600220132,1.90022587258956,0.0574034843638176,0.154931715838223
"snR4",13.258828238402,-0.473321365212794,0.248906474860961,-1.89989128331573,0.057447388173228,0.154972336453243
"YHR146W",274.101930291682,0.376628920331749,0.198279357965083,1.89927958477009,0.0575277256214414,0.155111151763435
"YGR221C",56.2072685943498,0.318062120840635,0.167409962777857,1.89837544942098,0.0576466413213457,0.155120295860194
"YHR122W",39.9518713620076,-0.426677566757132,0.22478169538339,-1.89862044516601,0.0576143982793114,0.155120295860194
"YJL070C",73.0349346423627,0.315278319407795,0.16605738877959,1.8986942845563,0.0576046834735755,0.155120295860194
"YOL058W",110.288236682977,0.368784579115928,0.194310855517264,1.89856652726743,0.0576214929402999,0.155120295860194
"YDL099W",188.848754284944,0.388416726322276,0.20481237554343,1.89580464093657,0.0579858819779754,0.155902378629344
"YGR105W",96.1722838507108,-0.338796532211572,0.178785929838508,-1.8954279174497,0.0580357330292759,0.155902378629344
"YMR155W",66.401660632443,0.271056396935462,0.142969816256655,1.89529454913926,0.058053389919696,0.155902378629344
"YOR374W",1453.53483692686,0.408400690465155,0.215450641380732,1.8956591165306,0.0580051347063181,0.155902378629344
"YOL125W",56.8487770065569,-0.329096049206569,0.173658241493853,-1.89442865283357,0.0581681362245649,0.156132463599269
"YMR290C",171.029949162832,-0.380709189572452,0.200946725344104,-1.89391899068939,0.0582357633715901,0.156235906627778
"YPR049C",32.2242619205172,0.404526963737569,0.213505420087438,1.89360711938569,0.0582771778283968,0.156268957621727
"YDR484W",39.4929980232799,-0.324667867168813,0.171531203770079,-1.89305940763733,0.0583499695619171,0.156386071116296
"YHR173C",9.27113976055306,0.491676272012353,0.258099229636071,1.89233906927161,0.0584458186114814,0.156564833796642
"YOL107W",32.4908354362058,0.326600009008444,0.172600381130568,1.89077840186421,0.0586539314692424,0.157044000957777
"YIL144W",63.7922181312407,0.429298064360027,0.226821681464608,1.89054707344309,0.0586848311019252,0.157048444368929
"YEL029C",32.6621412928216,-0.368518724938361,0.19511582257326,-1.88717251007941,0.0591371264676833,0.158180032996975
"YPR056W",64.2293976489811,-0.312841367015403,0.165880018093757,-1.88533705367613,0.059384346536306,0.158762232576655
"YDL072C",377.421166510084,0.255135543042976,0.135396156864532,1.88444662417445,0.0595045882553297,0.15888200160836
"YGL246C",72.0224594896417,-0.377374942828822,0.200237296733659,-1.88434821204971,0.0595178900085683,0.15888200160836
"YHL026C",37.6188829208347,0.34138125713323,0.180951124295275,1.88468447216454,0.0594724500097101,0.15888200160836
"YBR065C",13.7212827119832,-0.449892236976101,0.238464799923434,-1.88311134542124,0.0596852800084143,0.159249696435764
"YNL130C",109.551046597868,0.241022118100609,0.128048183877765,1.88210060925756,0.0598223566698656,0.159481717584017
"YPL248C",58.8396665168176,0.312412504626693,0.165928002321043,1.88203233429732,0.0598316255691295,0.159481717584017
"YOR350C",30.7882531447724,-0.374682491132246,0.199130312729142,-1.88160385139166,0.0598898229204255,0.159557658187304
"YGL136C",36.8753362062491,0.446283014062389,0.236804464206509,1.88083559086798,0.0599942870536099,0.159622616626707
"YKL187C",64.7180769986979,0.377033331053073,0.200384201343538,1.88094301613331,0.059979670835201,0.159622616626707
"YMR024W",95.9266359887487,-0.256428219098107,0.136338941091665,-1.88076889562504,0.0600033630551706,0.159622616626707
"YEL063C",163.025352546,0.361195009207614,0.19208197026477,1.88017176526745,0.060084672306061,0.159697587632829
"YKR021W",97.197645252541,0.324510516818894,0.172498315124364,1.88012523624809,0.0600910118424775,0.159697587632829
"YLR074C",151.844720544948,-0.401579663120225,0.213606082502879,-1.87952328469681,0.0601730772041194,0.159836596272663
"YFL045C",460.94413342022,-0.416874096342925,0.221859416409552,-1.87915803601701,0.0602229176309625,0.159889911317795
"YAL033W",35.8968641009235,-0.36072621517631,0.192067855773403,-1.87857768434816,0.0603021805733447,0.160021250918693
"YMR251W-A",468.14947436379,-0.497766100558152,0.265120944126346,-1.87823449057735,0.0603490937769307,0.160066658111553
"YNL236W",57.7887716006004,-0.316721121040358,0.168784338393805,-1.87623981510332,0.0606223571449654,0.160712083033371
"YDR182W",166.447931445641,0.303093145516905,0.161641373191042,1.87468870403673,0.0608355618105233,0.161197731862023
"YER013W",67.6642108510735,0.288623233365084,0.153962369675214,1.87345346923508,0.061005792402608,0.161409906893797
"YFR020W",65.7649636970249,0.289400462588879,0.154398520346126,1.8737185726524,0.0609692246648501,0.161409906893797
"YNL159C",82.9916996142631,0.376957321278243,0.201081292515002,1.87361649464226,0.0609833029135574,0.161409906893797
"YGL128C",37.6883806559143,0.518511322228951,0.276504368354084,1.87320816305325,0.0610396455383802,0.161419958732959
"YLR057W",60.4549471853711,0.39876675369282,0.212859593487379,1.87075886594053,0.0613785114552467,0.16223621310341
"YCR019W",39.502405435878,0.315195664987429,0.16859579946032,1.86905905584039,0.0616145986025054,0.162780132363038
"YOR371C",33.8196969143567,-0.453440392614606,0.242386520046013,-1.86821612650286,0.0617319518539825,0.163009986926126
"YOR262W",79.148501884393,0.269749737942069,0.144412694163412,1.86730746820253,0.0618586630922755,0.16326431423519
"YNL223W",69.2543361307206,0.285523259915014,0.152930541699972,1.86681697368118,0.061927151336493,0.163364798540424
"YDR319C",69.8589358362985,0.356409737753102,0.191009898058348,1.86587837511242,0.0620583837363476,0.16363062299849
"YLR290C",42.6772023652466,0.41805214126114,0.223888660937319,1.86515231393833,0.0621600574931556,0.163818286945897
"YNR057C",19.986665986634,0.429604397374447,0.230253269977074,1.86347294660132,0.0623957553136472,0.164358804212653
"YER074W-A",73.8528833118329,0.316980010497953,0.170125954058221,1.86282332080901,0.0624871278266043,0.164518805665045
"YPL064C",97.1239160024981,0.363940104839517,0.195354612301187,1.86199708321018,0.0626035013700384,0.164744441870885
"YDR321W",203.303911581314,-0.459758108333608,0.247218911629911,-1.86007841771015,0.0628744321712498,0.165214567119268
"YKL034W",114.193171906801,0.249362436769726,0.134016459792095,1.86049109869956,0.0628160766576714,0.165214567119268
"YPR159W",435.024703852867,0.265292677157352,0.142626926220383,1.86012459584529,0.0628679000857752,0.165214567119268
"YDR386W",37.4528330640908,0.308639769035184,0.16589210233332,1.85914575519786,0.0630064812408172,0.165480592051066
"YOR014W",287.506461915055,-0.180812600698114,0.0973264265926792,-1.85783273545222,0.0631927708681622,0.165888745030743
"YJL084C",77.2956154633787,0.376821640654206,0.202773589001785,1.85748557038834,0.0632421022413045,0.165937142715216
"YGR152C",46.6279479915757,0.324307576365762,0.174462658550806,1.85656311935991,0.0633733351028489,0.166119171711763
"YNL239W",258.960981364996,0.355695478731288,0.19158599933557,1.85666814473729,0.0633583822836654,0.166119171711763
"YLR205C",41.0626597912306,-0.357189744775386,0.192603046933234,-1.85467537477961,0.0636425973138173,0.16674285756173
"YOR182C",414.40018706918,-0.480949282388865,0.259418441582248,-1.85446014427416,0.0636733570767286,0.16674285756173
"YOR098C",142.419336520604,-0.310967124801593,0.167688282995568,-1.85421508606307,0.0637083946299876,0.166753307776639
"YDL075W",1380.68379542574,-0.445271218887451,0.240263107429496,-1.85344488504311,0.0638186189371519,0.166960449250581
"YNL227C",14.8296555129606,-0.510326105015425,0.274019068121095,-1.85305549126801,0.0638744054223729,0.167025039690148
"YCL035C",196.991625808445,0.305787187616984,0.165084936756019,1.85253166206683,0.0639495153194605,0.167140071426191
"YER118C",126.844162699497,0.306768383802213,0.165756638980698,1.84994641498978,0.0643212731681005,0.168029940751881
"YHR037W",138.720362507827,-0.241119286522111,0.130568340888197,-1.8467112861104,0.0647889951092009,0.169169515183042
"YJL048C",94.8309758701583,0.3210109864976,0.173975941649014,1.84534390447694,0.0649875276196488,0.169457392568494
"YMR256C",51.1798959789025,0.407093986013575,0.220642691428074,1.84530008268655,0.0649938984716248,0.169457392568494
"YPR034W",168.526417004796,0.244517704357971,0.132487729785685,1.84545911709693,0.0649707803611787,0.169457392568494
"YIL146C",31.7065904340605,0.443647354120226,0.239959783669926,1.84433669789873,0.065134086446217,0.169691207683342
"YLR390W-A",963.070695434693,0.399856593182583,0.216805702573566,1.8442496599024,0.0651467641487714,0.169691207683342
"YBR006W",79.4914138352456,0.407969747987116,0.221322413773375,1.84391597950387,0.0651953859288242,0.169735539420123
"YDL132W",277.79264436034,0.35468618122416,0.192489120996037,1.84231921375414,0.0654284709117184,0.170259843637035
"YDR486C",112.287866440586,0.345538375218823,0.187506106998024,1.84209754297531,0.0654608831507876,0.170261696563138
"YMR205C",1213.50762790156,-0.38679009063943,0.210135756040423,-1.84075393733888,0.0656576257953077,0.170690759025459
"YMR304W",156.576897952629,0.342226223465658,0.185940435706826,1.84028355936096,0.0657266177995744,0.170787452443887
"YNL014W",25.6757878447863,0.376679054606168,0.20464139683653,1.83908655146221,0.0659024567536507,0.171161554750415
"YAL062W",84.287563189715,0.281596692493701,0.153151522079557,1.83852852558513,0.0659845624528961,0.171291969518852
"YGL179C",71.3870833417685,-0.355107729663455,0.193150940794791,-1.83795702235736,0.0660687385133189,0.171427630219824
"YGL082W",159.13255946352,0.293858333529905,0.159977758934636,1.83637165646383,0.0663027085358748,0.17195164053413
"YNL250W",56.7778854129891,0.310844743528614,0.169293966289017,1.83491335598093,0.0665185284083093,0.172428096564203
"YER048C",245.427540893979,0.22886976159162,0.124765205221055,1.83442222989538,0.0665913422888728,0.1725079633717
"YHR193C",1318.9671062493,-0.371406908182039,0.202490106964998,-1.83427235357138,0.0666135758765416,0.1725079633717
"YLR206W",489.687078862665,0.482198414921433,0.263275783283409,1.8317004654613,0.0669960592905832,0.17341485997577
"YFR041C",95.2631068448881,0.351088880265091,0.191777428128491,1.8307045650663,0.067144651345739,0.173715762224453
"YKR060W",20.3436909292879,-0.441324752873069,0.24097126804917,-1.83027741807972,0.0672084663420722,0.173767192587599
"YPL011C",63.4167296260854,0.354263128067852,0.19335315297389,1.83013846839894,0.0672292359331651,0.173767192587599
"YDL190C",159.678985106541,-0.200100379565807,0.109373460384648,-1.82947747724124,0.0673281103515757,0.173869640932137
"YMR001C",82.4429140833087,-0.305638984324588,0.167023929615221,-1.82944069260083,0.0673336162984258,0.173869640932137
"YEL017W",85.7710314684828,0.340571360725487,0.186154546966183,1.82892972542814,0.0674101364981971,0.173884299463303
"YNL082W",29.9788298066602,0.367023211449342,0.200496460170632,1.8287543461793,0.0674364170139752,0.173884299463303
"YOR229W",56.6068427796011,0.320182436746807,0.174957204780807,1.82913530545126,0.0673793411377047,0.173884299463303
"YOR134W",36.5206592972422,0.364170912123758,0.199027485444235,1.82838440004842,0.0674918809543942,0.173943806432846
"YBR242W",52.3110538587435,-0.386863282755919,0.211734065076904,-1.82693731032755,0.0677091956428395,0.17433657229036
"YDR127W",354.009412629169,-0.306046842486651,0.167532819485152,-1.82697678542289,0.0677032598975509,0.17433657229036
"YDL149W",58.2070814330079,0.280550303409462,0.153680266430016,1.82555126475585,0.0679178824910903,0.174704610943977
"YLR006C",177.728009920643,0.462308220233057,0.253178931765139,1.82534013320063,0.0679497174198415,0.174704610943977
"YPL168W",56.3654875411666,0.283064813382652,0.154962564735811,1.8253607706612,0.0679466051123496,0.174704610943977
"YER116C",61.242694352842,0.373609008959767,0.204657135692466,1.8245266981268,0.0680724838782449,0.174936512397155
"YDL216C",52.6945838862524,0.313650687504143,0.171991047390692,1.8227630306763,0.0683392892243509,0.175538174282156
"YNL298W",111.152988966535,0.406007492238796,0.222771244410644,1.82143873631014,0.0685401913886528,0.175970061160829
"YER029C",104.561253338194,0.401976664590542,0.220853953060083,1.81891864181297,0.0689238433182002,0.176870502848568
"YKR091W",182.338047809317,-0.407346254885002,0.224095637622779,-1.81751508822692,0.0691382801335575,0.177336056636742
"YDL018C",45.0662640045212,0.3988606444442,0.219862901072633,1.81448716251714,0.0696027573750451,0.178212673896419
"YDL105W",17.8187041587292,0.430466790407857,0.23708931770536,1.81434601246025,0.0696244718357487,0.178212673896419
"YDR057W",94.8434266832185,0.305611108083412,0.16831070553354,1.81473363404157,0.0695648536394538,0.178212673896419
"YGL206C",276.335988802758,-0.286239342655552,0.157709111885179,-1.81505228591738,0.0695158747372828,0.178212673896419
"YKR023W",85.6794648816511,0.403815197864138,0.222334830711209,1.81420642782734,0.0696459509418326,0.178212673896419
"YPR129W",130.70152462911,0.386834723506956,0.213522547883971,1.81131756671083,0.0700917079768449,0.17926788740173
"YDR176W",155.272857711307,0.215583757415675,0.11905268018519,1.81041154178714,0.0702319907682169,0.179541181540263
"YEL018W",27.8914768918876,0.434433802581485,0.239589838132684,1.80958572957746,0.0703600545685794,0.179640278050527
"YFR013W",153.644680963218,0.38153195878543,0.210717163461275,1.80974514166522,0.0703353186408263,0.179640278050527
"YIL041W",351.086089439667,0.233758932948784,0.129181715011731,1.80951460120134,0.0703710938406829,0.179640278050527
"YOR141C",112.658386532,0.220329986611918,0.121836735541043,1.80795088725903,0.0706141447225452,0.180175093256432
"YDR367W",61.9611362848681,0.298488924529962,0.165117490685881,1.80760328668046,0.0706682663415819,0.18022756814845
"YDL139C",37.4461627401134,0.351329858644545,0.19422965316508,1.80719226024678,0.0707323072988185,0.180305278833391
"YIL134W",33.994291464307,-0.338976956758188,0.187830385382022,-1.80623333936565,0.0708818993205837,0.180600892433992
"YPL046C",14.7870790473931,0.420022834312368,0.232209464222796,1.80549335932239,0.0709975137416256,0.180809694787232
"YOL121C",945.316551595844,-0.466749623696344,0.258804548106832,-1.80389270381921,0.07124812900126,0.181361943538279
"YIL128W",81.740557738769,-0.28864037295973,0.160011025101107,-1.8036354975795,0.0712884674243111,0.181378663446696
"YJL127C-B",40.8160450844595,0.387626134431738,0.215102584607049,1.80333364704053,0.0713358314195254,0.181413234163954
"YGR279C",679.835408695675,-0.271255715927151,0.150484773748609,-1.80256533982977,0.0714565044827543,0.181465664640424
"YKR083C",40.8109025799971,0.481623017440673,0.266830789602558,1.80255705350981,0.0714578068729281,0.181465664640424
"YLR259C",827.851244396626,-0.342181745131861,0.18980692399393,-1.80288490175158,0.0714062926460482,0.181465664640424
"YDR459C",63.821929650478,0.325638059811744,0.180655296168,1.80226538382266,0.0715036620226122,0.181496299018644
"YMR072W",232.835094981062,0.283503635228808,0.157332915925366,1.80176655630196,0.0715821415880955,0.181609675233661
"YPL138C",48.8274422985248,0.302422212751567,0.167821100143098,1.80147801443356,0.0716275695322367,0.181639129347329
"YNL281W",129.451171573194,-0.298192032591719,0.165597724807619,-1.80108346646465,0.0716897252762874,0.181710955384115
"YOR042W",281.395698805837,0.310963240120908,0.17274667397946,1.80007614713114,0.0718486153937206,0.182027789282865
"YHR070W",39.5249585190146,-0.447319803995346,0.248511082753724,-1.79871675804054,0.07206349667652,0.182400113406969
"YOL157C",11.9850996250944,0.447724875723406,0.248375664617353,1.79886662156727,0.0720397816723309,0.182400113406969
"YLR011W",42.6677312644573,0.36251478142678,0.201520433027523,1.79846839643704,0.0721028124888161,0.18241366268367
"YER117W",1245.18210764811,-0.338486222136336,0.188257542612108,-1.7980507256259,0.0721689696755915,0.182495073506404
"YIL043C",574.570125024311,0.222381064292662,0.123696310039435,1.7978362968543,0.0722029535399029,0.182495088688385
"YLR044C",15883.8889210876,-0.385526946711526,0.214485733992055,-1.79749373757755,0.0722572714286073,0.182546474526364
"YPL055C",156.895848094404,0.428086016134844,0.238160100673374,1.79707008871566,0.0723244935568441,0.18263039722323
"YBR118W",2081.39790413895,-0.401772034194625,0.223736987381462,-1.79583304546923,0.0725210734649019,0.183030750759946
"YJL199C",27.5875453792653,0.346414920213868,0.192692838193144,1.79564373846752,0.0725511950042683,0.183030750759946
"YKR095W",261.508548652227,0.318335446104746,0.17729797687994,1.79489594138217,0.0726702807117701,0.183245106902778
"YFR031C-A",1426.04186900658,-0.436280978868105,0.243159878790102,-1.79441444978405,0.0727470422580276,0.183352587502518
"YML127W",133.420905252192,-0.197856160109585,0.110293364234989,-1.79384353456359,0.0728381461003452,0.183496098829716
"YOR143C",27.2105980341262,-0.445281458703938,0.24831701887086,-1.79299683651643,0.0729734299101881,0.183750722947783
"YDL116W",89.1793557087884,-0.25103530212958,0.140075329785086,-1.79200296441437,0.0731324911557504,0.184064953138489
"YDL144C",132.584468946786,0.353572007451422,0.197474341213782,1.79105493298551,0.0732844801934114,0.184361097479538
"YKR003W",105.43334716387,0.271518080421425,0.151630655134128,1.79021895991954,0.0734187182505308,0.184612329458615
"YMR164C",71.7315494828339,0.480856775776855,0.268444921104222,1.78985681459111,0.073476932865034,0.184672253822226
"YPL047W",28.6054088567213,-0.340840131545271,0.190466075497998,-1.7893065514972,0.0735654595375895,0.184808270896349
"YOL054W",73.1132253750672,0.35655246846439,0.199279965794921,1.78791287860741,0.0737900647786024,0.18528585223276
"YKR017C",66.2804433491063,0.362120767576001,0.202353856755818,1.78758820830505,0.0738424692996603,0.185302033146625
"YNL094W",198.364507694329,0.401815211195085,0.224751796352308,1.78744552153493,0.0738655097685579,0.185302033146625
"YOL127W",2019.3459224192,-0.41773896681628,0.234177687695529,-1.78398574578888,0.0744259814007002,0.186620889870757
"YOR063W",6058.46462061538,-0.467109435088464,0.262224416121158,-1.78170631226373,0.0747971369980634,0.187464033045543
"YIL166C",19.3948143339517,0.379491208408923,0.212661921671214,1.78028296962486,0.0750296628082769,0.187959103984727
"YDR468C",97.3667908019514,0.312516799406669,0.175532162664011,1.77993149595697,0.0750871724475506,0.188015479354683
"YPL239W",82.865715186077,-0.352957495513609,0.19829576413576,-1.77928509003913,0.0751930341458383,0.18819281751971
"YOR327C",263.933232636715,0.358768708527116,0.201728111314375,1.77864150581375,0.075298554765608,0.188369137236181
"YNL073W",162.935675495149,-0.205306050805322,0.115502649990816,-1.77758401351193,0.0754722013112477,0.188715639312249
"YPR127W",101.59303590187,0.320249771107502,0.18023722121735,1.77693306648307,0.0755792531291272,0.188895378574473
"YBR165W",45.1820303640812,0.315738713985102,0.177717299705594,1.77601815672239,0.0757299245373915,0.18900809697506
"YIL062C",283.473152158527,0.236539721804566,0.133190782151691,1.77607850812392,0.0757199780548138,0.18900809697506
"YNL095C",42.9795270399942,-0.286312038594441,0.161159066913301,-1.77630237615955,0.0756830917934825,0.18900809697506
"YDR485C",101.374286058175,0.312545487892679,0.175937754191526,1.77520815263785,0.0758635240962255,0.189253594018034
"YGL077C",244.62527813031,-0.364896516122664,0.205842204705503,-1.77285400051483,0.076252902613171,0.190048417603407
"YGR054W",200.681418691557,-0.325795984442671,0.18370484740672,-1.77304076853236,0.0762219516309275,0.190048417603407
"YNL080C",155.206162908244,0.385498326483,0.21756345105024,1.7716873227681,0.076446475201515,0.190354204129503
"YPR184W",117.039718539971,-0.411282672199408,0.232152411019993,-1.7718254984566,0.0764235284991064,0.190354204129503
"YBR210W",44.0764586430664,0.430237769654244,0.242551031621329,1.77133159183054,0.0765055769454221,0.190413092573615
"YGR241C",253.399676962816,0.453545321818398,0.256091546139901,1.77091758096496,0.07657440832443,0.190496131130391
"YOR257W",78.4184034467346,0.480785997319787,0.271429012878342,1.77027230611297,0.0766817891690311,0.190674948901327
"YHR147C",68.6599815879623,-0.292533182632701,0.165421553989774,-1.76840343904818,0.07699348206095,0.191361403123259
"YBR275C",83.3142517031574,0.335111127467857,0.189407870721538,1.76758184504095,0.0771308353117904,0.191580103857774
"YGL108C",17.9903320708935,0.480852115303105,0.271559965807877,1.76745048698776,0.0771528141210883,0.191580103857774
"YKL153W",101.592359926223,-0.493436788883933,0.279549026204355,-1.76580539985614,0.0774285022807445,0.192175825207892
"YER152C",166.828990305211,0.39251968235099,0.222372432376382,1.76530801050232,0.0775120139653163,0.192294238802639
"YLR072W",159.425676501713,0.233117415403145,0.132096751845749,1.76474657146894,0.07760636773227,0.192439428019401
"YGL236C",47.2734138973579,-0.345607824255378,0.196061178901211,-1.76354474893335,0.0778086569172671,0.192852005677269
"YOL113W",154.369773576678,0.203824257619988,0.115590396565691,1.76315663290127,0.0778740757498962,0.192925120319508
"YDR026C",99.7148839807172,0.262708318829985,0.149034984253046,1.76232836687111,0.0780138337760171,0.193182250443056
"YIL150C",11.2725039100434,-0.517878980143824,0.292929731852803,-1.7619128997105,0.0780840147799169,0.193266932434532
"YPL227C",78.3228618161167,-0.233659555107443,0.132688071441225,-1.76067440029661,0.0782935280117809,0.193696240880366
"YNR027W",74.3595537516666,-0.318418878497105,0.180976444437773,-1.75953011922925,0.0784875090880732,0.194086745539614
"YDR142C",56.5131738229886,0.277637919133407,0.157828965065514,1.7584544089771,0.0786702223917518,0.194293065065211
"YGR046W",86.1706258836735,0.459195985030008,0.260914024632249,1.75874565425846,0.0786207191863756,0.194293065065211
"YIR026C",117.021603672044,-0.299896446821127,0.170493175649244,-1.7584000369353,0.0786794668621921,0.194293065065211
"YHR183W",934.165356094481,-0.367663527239467,0.209191767668583,-1.75766962214705,0.0788037395242004,0.194510516996544
"YML125C",247.362550211659,-0.363650671517783,0.207124352639883,-1.75590013034524,0.0791054627226206,0.195165567424527
"YMR160W",66.446744701178,0.278476516725763,0.158979868985944,1.7513048206393,0.0798934178043259,0.197019075769988
"YDR510C-A",17.4168043685375,0.408945066095329,0.232686861076497,1.75063143117266,0.0800094175341467,0.19721458539509
"YDR143C",134.225507164751,-0.313319896257227,0.179053130910246,-1.7495876704389,0.0801894887796688,0.197556227984722
"YJR014W",233.060862524134,0.215571788889435,0.123207593658805,1.74940182846245,0.0802215850371771,0.197556227984722
"YPL053C",168.783754099049,0.217313769133711,0.124286556992237,1.74831583266439,0.0804093531530243,0.197927880744681
"YMR173W-A",16.0452057370853,-0.395158153179406,0.225858193717526,-1.74764101104507,0.0805262091980651,0.198124722676504
"YNL293W",109.664565650401,0.247844242163244,0.141884139386136,1.74668489631684,0.0806920117188984,0.198441755925917
"YMR031C",456.387800959802,0.198163392773701,0.113523713627475,1.74546283876812,0.0809043356386369,0.198872854331862
"YLR172C",186.750378505966,-0.216528058825284,0.124096323789897,-1.74482598467845,0.0810151642253399,0.199054184379826
"YBR208C",135.213068009282,-0.229099076273879,0.13140036143252,-1.74357938321615,0.0812324608981538,0.199496820980331
"YBL060W",54.3067411439864,0.372154150461053,0.213225365294669,1.74333096073347,0.0812758202123363,0.199512079689423
"YNL244C",445.57956435555,-0.233804287165932,0.134160651021509,-1.74278444208388,0.0813712749353077,0.199655147408651
"YHR194W",88.0658635023464,0.266368152532382,0.152882553756174,1.74210168626491,0.0814906525920655,0.199856755740632
"YDR476C",285.412281622629,0.369194368850225,0.211977788008904,1.74183615624731,0.081537118026327,0.199879443596258
"YHR204W",120.199342320327,0.394214815588599,0.226331988930889,1.74109631913,0.0816666964667649,0.200105760366329
"YNR024W",14.6626128100365,-0.39739890665547,0.227874546455223,-1.74005384039257,0.0818495644506242,0.200462385163841
"ICR1",23.0643682277305,0.388000453575526,0.222718630949701,1.73958361380117,0.0819321585921628,0.200573210482455
"YDR336W",38.5253803033586,-0.400965931036124,0.230538889750566,-1.73936582543656,0.0819704354809452,0.200575493835151
"YDR229W",138.65223884741,0.296090102639828,0.170282060911489,1.73837458120853,0.0821448325818716,0.200771929460878
"YER059W",114.533694192829,0.219726791601071,0.126435617633896,1.73760426949246,0.08228056702258,0.200771929460878
"YER141W",204.031355760476,-0.267908485015729,0.154131018227839,-1.73839925182216,0.0821404884457598,0.200771929460878
"YKR094C",1113.20636078693,-0.436734977332005,0.251388405209044,-1.73754504631667,0.0822910100941402,0.200771929460878
"YML063W",1925.61614916789,-0.392043029931666,0.225560801639575,-1.73816794984104,0.0821812246749165,0.200771929460878
"YMR132C",11.3695989059351,-0.443307682953344,0.254535823668279,-1.73742388006071,0.0823123791980738,0.200771929460878
"YOR130C",64.0775808098395,0.378451371655326,0.217799721389815,1.73790773932255,0.082227071771311,0.200771929460878
"YDR276C",694.791529178524,0.391103109473778,0.225267041053474,1.73617942694519,0.0825321137495004,0.20121651518319
"YNL128W",7.55782290792405,0.477749176672431,0.272954542891495,1.73453956955397,0.0828223911848018,0.201832605741184
"YEL077C",23.8523727746886,0.355987312453923,0.205106453312593,1.73385280489421,0.0829442035840592,0.202037785691602
"YHR019C",932.68926589705,-0.258998151940274,0.149419212222544,-1.73341864023488,0.083021286842439,0.20213387653252
"YML032C",171.221530902522,0.436304918277214,0.251780574080533,1.73253433688051,0.0831784689607794,0.20234766481372
"YPL096W",76.2948376043121,0.304055809332132,0.175400350296231,1.73250075319234,0.0831844431034618,0.20234766481372
"YBR220C",68.1330109186702,-0.26874621625374,0.155271557191123,-1.73136610558035,0.0833864879045544,0.202747318485904
"YGL216W",71.4847760566488,0.363973610016912,0.210148263081604,1.73111850685536,0.0834306301858354,0.202762857343042
"YEL041W",26.3623092698379,0.356057351714491,0.205761333013163,1.72884318494636,0.0838371647822826,0.203245903965458
"YHR077C",186.203398741451,-0.252662972267626,0.146047076021013,-1.72976938713336,0.0836714859517729,0.203245903965458
"YJL143W",263.514356368787,-0.338085497480926,0.195572128331798,-1.72896444567314,0.0838154585929756,0.203245903965458
"YLR410W",212.529827878867,-0.228402920729503,0.132061404694383,-1.72933056704916,0.0837499489065546,0.203245903965458
"YNL113W",17.9995674151315,-0.424670593756573,0.245384651600456,-1.72873554273924,0.083856437011256,0.203245903965458
"YPL243W",174.9418289334,-0.294670576046662,0.170426631639359,-1.72883106116367,0.0838393352415383,0.203245903965458
"YBR127C",816.731240413025,-0.215440778508444,0.124676255075995,-1.72805813105779,0.0839778029243251,0.203393920453105
"YGL031C",945.715586649722,-0.45465695995832,0.263171055271328,-1.72797200041847,0.0839932443800012,0.203393920453105
"YBL018C",37.2307602161664,-0.468368562309103,0.271303179212561,-1.72749877223859,0.0840781254894796,0.203400549240163
"YDR219C",62.3506474261665,0.26782926768234,0.154965019049582,1.72717007126296,0.0841371241654712,0.203400549240163
"YNL098C",614.022827401654,-0.263680753608154,0.15264614739899,-1.72747250469201,0.0840828390309918,0.203400549240163
"YNR071C",14.9989585916158,0.43699089567638,0.252503418755557,1.7271124929221,0.0841474623741654,0.203400549240163
"YOR036W",141.249807629356,0.315068018226111,0.182449276599889,1.72664787862175,0.0842309216398697,0.203510697313423
"YMR258C",116.812439322815,-0.21646971323602,0.125422724537431,-1.726076818169,0.0843335937250922,0.203667145637352
"YFL025C",53.9536715313144,-0.271881549527753,0.157732760779597,-1.72349776449346,0.0847985490905533,0.204606022985338
"YOR208W",152.84973741737,0.338762443158584,0.19646930790074,1.72362653795693,0.0847752845539341,0.204606022985338
"YDR113C",62.062984618055,0.317873284080079,0.184448442312287,1.72200718987818,0.0850682160605298,0.20516452108716
"YJR112W",38.0517851664887,0.363863984371875,0.211126227054029,1.72167697315338,0.0851280508801946,0.205216679208943
"YDL061C",621.389685349991,-0.429693077689666,0.249756464680458,-1.7207998586945,0.0852871480845759,0.20550797324462
"YBR195C",34.4368941933747,-0.396136335320879,0.230584220144551,-1.71970906182726,0.0854853397995038,0.205893165947594
"YGL195W",526.893691706934,-0.213213127882171,0.124054693997611,-1.71869099092447,0.085670653341161,0.206247009903799
"YDR530C",147.638755399688,0.253651385012364,0.147622819841107,1.71832394417904,0.0857375443065833,0.206299683996378
"YLR094C",90.06166308062,0.394322716364873,0.229392439807345,1.71813313499638,0.0857723342331413,0.206299683996378
"YOR017W",57.4745304721735,0.410481875718116,0.238682040067381,1.71793888733623,0.0858077628091434,0.206299683996378
"YER150W",110.643031626938,-0.439383750266799,0.255962072541361,-1.71695861318371,0.0859867341883847,0.206545057838021
"YNR032W",90.2327114869998,0.263997025128629,0.153791416979899,1.71697462041408,0.085983809283435,0.206545057838021
"YOR324C",51.2191491860612,0.273241991743783,0.159096588479707,1.71643653253542,0.0860821749221235,0.206681878188076
"YDR236C",71.2992074664624,0.249142673795615,0.145162765595783,1.7159189324862,0.0861768810306953,0.206703333712947
"YMR156C",27.6815858824068,0.390130626560401,0.22714186434791,1.71575678739365,0.0862065662850495,0.206703333712947
"YPL085W",240.683337047203,0.336820619881052,0.196223041177355,1.71612745861109,0.0861387165530032,0.206703333712947
"YOL025W",42.1455703211441,0.283599991011604,0.165334765832948,1.71442883093508,0.086449997315589,0.207194527256594
"YKR090W",109.438912173234,0.240601622373398,0.140464339097221,1.71247247185865,0.0868096334560374,0.207963666945752
"YDL135C",94.3426816553516,0.258278838145511,0.150943992642364,1.71069646407764,0.0871371607887284,0.208655234327356
"YIL050W",110.789466993193,0.29535901779164,0.172630409304971,1.71043115733746,0.0871861735669638,0.208679562490269
"YMR276W",742.280593357981,0.286838799521943,0.167959496925387,1.70784070610306,0.0876659037030243,0.209734329081935
"YAL001C",78.2277511688037,0.296041790415718,0.173362078860472,1.70651478984046,0.0879122750342595,0.210146671588597
"YKL035W",803.845556836975,-0.273187522384432,0.160095585326709,-1.70649202855585,0.0879165092272534,0.210146671588597
"YOR093C",60.9189161108452,-0.322698903542612,0.189112525482315,-1.70601816717019,0.0880046971725786,0.210263891687687
"YKR051W",98.3126218290972,0.232721128025746,0.136435467323689,1.70558873810081,0.0880846776468558,0.210361406687978
"YDL137W",506.558449646666,0.388244838802421,0.227737687901486,1.70492249730821,0.0882088799207225,0.210470854755309
"YKL160W",214.494115026437,0.235691956162985,0.138217374675096,1.70509365625923,0.0881769585714657,0.210470854755309
"YGL032C",34.8652498275494,0.485142547242397,0.284496983952217,1.70373206854205,0.088431154140774,0.210907517269137
"YPL038W",32.0383219666976,-0.322461181786534,0.189215493265953,-1.70338561035839,0.088495928797465,0.210968323822097
"YDR422C",79.5853121681084,-0.285154576157085,0.167592720423194,-1.70133598309968,0.0888799147880404,0.211789717092531
"YAR035W",50.9610338396546,0.47445658449222,0.279224156928659,1.70090000980863,0.0889617647980294,0.211890748882579
"YBR234C",341.581185241692,0.195311787983563,0.11494039861233,1.69934723964935,0.0892537766767225,0.212397888582489
"YMR142C",1661.03345883162,-0.408621097413166,0.240459063083073,-1.69948388975252,0.0892280474985475,0.212397888582489
"YJL073W",76.3370881364245,0.413018043304314,0.242868411906791,1.69898702536548,0.0893216282974425,0.212465219479878
"YDR005C",87.4167444753974,-0.32787258416184,0.193151629412197,-1.69811622826435,0.0894858272622955,0.212573364982658
"YGL211W",94.2179015930875,-0.289299637980065,0.170368823288646,-1.69821397119903,0.0894673845884171,0.212573364982658
"YHR075C",34.9580922701667,0.402221871577132,0.236303679869382,1.6983050302391,0.0894502058226915,0.212573364982658
"YHL017W",115.391890507525,-0.260349430314828,0.153466532123857,-1.69679916264827,0.0897346371227896,0.213049381883592
"YLR418C",75.6357560366859,-0.282862790819213,0.16676258162774,-1.69663574948305,0.0897655466770749,0.213049381883592
"YGL222C",28.9175787278127,0.474497106699424,0.27926382059666,1.69615435202485,0.0898566526919157,0.213171414137933
"YOL146W",25.6928659534454,0.376269824500649,0.221695483455687,1.69542721716247,0.0899944064131107,0.213403954456873
"YDR240C",23.461722017328,0.337982799525645,0.199083890452265,1.69507622765989,0.0900609612199783,0.213467529881952
"YHR133C",153.105009651299,-0.274908970286714,0.162214456820823,-1.69484730427446,0.0901043911286441,0.213476261469761
"YIL135C",182.745547379511,0.403922684521526,0.238305029880665,1.69440240061908,0.0901888436687903,0.213582133750032
"YCR051W",314.410792308053,-0.297853808828939,0.175885414999914,-1.69364307635154,0.0903331273094691,0.213735342193462
"YPL236C",42.6398123857581,0.280168199365194,0.165361598814615,1.69379033201316,0.0903051318934585,0.213735342193462
"YIL037C",16.2548287928355,-0.378690990837458,0.223643219512719,-1.69316011158396,0.0904249948619016,0.2138584973154
"YDR237W",61.0128614943573,-0.292950690653877,0.173148827080292,-1.69172818840314,0.0906978112253859,0.214409306378322
"YPR052C",102.245969324657,0.354064791471188,0.209271117118951,1.69082173333849,0.0908708550135451,0.214723872537506
"YPL186C",29.1645508487742,0.367500869877508,0.217268183638369,1.69011797571408,0.0910053865353621,0.214947199244252
"YDR358W",136.866951581483,0.229239069334993,0.135718078669496,1.68920400706288,0.0911803413697508,0.215265764174475
"YBL032W",196.137567584022,-0.285749927430062,0.169292099486477,-1.6881632504713,0.091379895544368,0.215642099722672
"YDR441C",56.7851353108078,-0.322109550983058,0.190863016437208,-1.68680377492868,0.0916410893705473,0.215900384024572
"YGR197C",52.3567066339753,0.314013651511547,0.186035742468827,1.68677344131386,0.0916469241545092,0.215900384024572
"YIL034C",223.998052246506,0.364862380153055,0.21624171893454,1.68715386808499,0.0915737692496875,0.215900384024572
"YJL036W",122.722299302525,0.319837909690506,0.189546217059503,1.6867567491002,0.0916501350914215,0.215900384024572
"YGR274C",116.557040528884,0.259185693825589,0.153730585692146,1.68508278188228,0.0919726011230471,0.216565033157337
"YDR477W",189.909277522256,-0.209262205678185,0.124259220149113,-1.68404364363576,0.0921732344826223,0.216850259268043
"YER145C",508.218660617983,0.326010556088666,0.193614241174867,1.68382830077575,0.0922148561102608,0.216850259268043
"YMR127C",19.5040926735258,-0.415939756788916,0.246981783139238,-1.6838793641406,0.0922049851800765,0.216850259268043
"YDR478W",11.3851207778788,-0.429071361047269,0.254939714255426,-1.68225113127349,0.0925201529534381,0.217377839681941
"YOR021C",159.19450977539,-0.266145781781375,0.15817425141191,-1.68239370929407,0.0924925204249079,0.217377839681941
"YGL115W",135.18853852834,-0.255297162401133,0.151828317076075,-1.68177097857058,0.0926132583599666,0.217501447595706
"YJR085C",253.679633860417,0.353983307914368,0.210720734064277,1.68015577170763,0.0929270120424882,0.218115531691414
"YMR240C",38.4549659523798,0.295040707118414,0.175519579710395,1.68000697677545,0.0929559583022986,0.218115531691414
"YGR170W",131.617806570373,0.304155279184394,0.181060339765033,1.6792647884798,0.0931004501832449,0.21816863784215
"YLR005W",105.765428363877,0.195802077006884,0.116569082805331,1.6793836059961,0.0930773062517347,0.21816863784215
"YOR362C",591.10531169859,0.225967980193138,0.134538751040945,1.67959827217183,0.0930355040966989,0.21816863784215
"YGL147C",1662.64698137977,-0.488675736241982,0.291407643450226,-1.6784263460458,0.0932638979396552,0.21825104618064
"YIR024C",40.9590706647665,0.430055424680744,0.255785216934334,1.67843427269097,0.0932623516251103,0.21825104618064
"YNL331C",29.0947330865565,0.302948101581894,0.18032776356951,1.67825075515235,0.0932981571459224,0.21825104618064
"YOR375C",1041.58776708482,0.363494559486619,0.216541569236712,1.67869964070598,0.0932105960200256,0.21825104618064
"YLR125W",9.32829755289665,-0.450317643809632,0.268433157404549,-1.67800276289085,0.0933465596468467,0.218269208473319
"YGR060W",521.467304640437,-0.273360880568162,0.163043724517478,-1.67667867737776,0.0936053323689082,0.218779042712535
"YDR145W",198.355308888463,0.257668222592923,0.153666029796842,1.6764330279259,0.0936534041058865,0.21879618679979
"YMR109W",375.137939205923,0.408890483716365,0.243936043882693,1.6760781011199,0.0937228955671851,0.218863335691892
"YBR138C",36.8355409604175,0.301794342719968,0.180028090928925,1.67531253441793,0.0938729274222988,0.218903928287804
"YDR063W",92.3323118886653,0.326221312977675,0.194678729547287,1.67546893329166,0.0938422615243701,0.218903928287804
"YLR450W",269.375945961089,0.167580931188713,0.100037067499732,1.67515764675677,0.0939033049292684,0.218903928287804
"YOL034W",32.3319215400626,0.389611557624802,0.23199648254048,1.6754000979504,0.0938557574189463,0.218903928287804
"YDR154C",89.5471862973528,-0.312348553996095,0.186488276282074,-1.67476983513849,0.0939793994752915,0.218986270968239
"YMR084W",11.8324234677263,0.408986217802911,0.243865037043726,1.67311306976177,0.0943050390831615,0.219649767959957
"YLR426W",63.770284272437,0.320565777839415,0.191643361099107,1.67198665089728,0.0945269544231183,0.219975854508912
"YMR116C",3729.33838838484,-0.464921756839521,0.278156693619012,-1.67211971993271,0.0945007167632529,0.219975854508912
"YLR389C",219.097171286383,0.233341289168152,0.139589775890051,1.67138869154365,0.0946449281115449,0.220155006014338
"YJL151C",258.642319663889,0.32354924544456,0.193673807242476,1.67080223756323,0.0947607464420896,0.220328990969898
"YGR168C",33.6107154505256,-0.38273008448178,0.229097520242515,-1.67039548278958,0.0948411427992339,0.22036086938145
"YLR167W",6092.05320173245,-0.394909166955579,0.236441919422256,-1.6703177519814,0.0948565127555227,0.22036086938145
"YDR171W",564.677431535449,-0.269208962991707,0.161237145815923,-1.66974970445486,0.0949688951658456,0.220431260127812
"YLR135W",36.8422612294361,0.332234150836808,0.198909459227338,1.66981070832357,0.0949568210622258,0.220431260127812
"YCR045C",45.5178827067041,-0.35485786314584,0.212760494218626,-1.66913701198525,0.095090229671549,0.220568568477981
"YOR276W",68.5376674963444,-0.343342133468975,0.205836500111963,-1.66903630434754,0.0951101851787383,0.220568568477981
"YFL049W",99.2065567798251,0.262657806737155,0.157552558710367,1.66646274049822,0.0956212834243954,0.22165814124835
"YDR056C",197.141764625855,0.265101300060418,0.159220685250446,1.66470000272308,0.0959726224554728,0.222376598450537
"YGR053C",18.7320999152658,0.411359182828478,0.246851839396575,1.66307984856465,0.0962964530691118,0.222996670488601
"YJR131W",62.0492884966412,0.261769715931605,0.157401689106878,1.66294588368606,0.0963232685782079,0.222996670488601
"YNL194C",18.2286482901352,-0.436009966240014,0.262502115559171,-1.66156267639602,0.0966004921632769,0.22354211262773
"YDR096W",289.614087852438,0.291542710105136,0.175483383628495,1.66122910369093,0.0966674425167433,0.223600703599237
"YLR355C",1134.8857707163,-0.401917636918155,0.242028494571922,-1.66081147663318,0.0967513154778173,0.223630776509546
"YOL006C",110.581878557354,0.350340678523516,0.210797473790339,1.66074974998589,0.0967637171119318,0.223630776509546
"YNL138W",377.650225707454,0.240836767942925,0.145088163754735,1.65993884527466,0.0969267558213914,0.223911228179223
"YBR076W",11.1127942809461,-0.408419757754163,0.246253398165711,-1.65725619365638,0.097467689835277,0.224967323637848
"YKR004C",20.9894840610924,-0.381812865915779,0.230114139607645,-1.65738719488106,0.0974412186254362,0.224967323637848
"YNL169C",102.823007022214,-0.239664075884872,0.144634013402273,-1.65700618502175,0.0975182246358066,0.224987278573418
"YPR169W",160.397106230559,-0.247544623397815,0.149407287158202,-1.65658771459806,0.0976028578514025,0.225085852090976
"YLR265C",27.7443712286544,-0.352866418908025,0.212951322026454,-1.6562173949522,0.0976778018002919,0.225162005780845
"YBL091C-A",74.4384272416808,0.327191832038612,0.19775452223916,1.65531786123929,0.0978600377035005,0.225460441485438
"YGR169C-A",107.155023536616,0.449033244803666,0.271125119280009,1.65516407023991,0.097891221289153,0.225460441485438
"YBR001C",124.982101854265,0.209178985603565,0.126502825303542,1.65351133643693,0.0982268408546051,0.226093984531347
"YFL041W-A",10.8870247708895,0.47657929982742,0.288440018214353,1.65339506822478,0.0982504859236946,0.226093984531347
"YGL018C",37.8048406495771,0.40837133782307,0.247061617221918,1.65184273388984,0.0985666145906575,0.226724319899966
"YPR021C",44.4864272491282,-0.283069713114599,0.171338410524983,-1.65150101862189,0.098636312930775,0.226787515732531
"YDL130W-A",73.9108886881977,0.301273043382394,0.182780578889162,1.64909850857915,0.09912745514504,0.227624438471146
"YER033C",63.5426777090588,0.423005938532912,0.256245549676633,1.6493508558032,0.0990757765518222,0.227624438471146
"YLR194C",506.41103480886,-0.345619009185506,0.209585265558085,-1.64922327792079,0.0991019007431179,0.227624438471146
"YNL154C",358.540853713963,-0.278939108442882,0.169165740599801,-1.64877906920334,0.0991929044974996,0.22767738891285
"YHL027W",254.23113564314,0.224848738740475,0.136452618824934,1.64784986668342,0.0993834831778143,0.228017380669817
"YDR152W",182.291062434587,-0.227695264670875,0.138266142247942,-1.64676523380481,0.0996063099129114,0.228431037806254
"YBL092W",2486.45025717621,-0.401062049691447,0.243840046149159,-1.64492209654724,0.0999858774840708,0.2291946487034
"YCL052C",147.840163981318,0.357660523011337,0.217407694135578,1.64473426094254,0.100024624196755,0.2291946487034
"YKR026C",124.50585353868,-0.264310115026099,0.160911496794605,-1.6422535257955,0.100537474102139,0.230173390197182
"YLR019W",243.599316008497,0.338183959957022,0.205899323973015,1.642260396434,0.100536050825471,0.230173390197182
"YDL004W",162.89616448574,0.332364075771142,0.20253488907175,1.64116672309504,0.100762811320114,0.230590992586423
"YNL021W",74.2954773990463,-0.224486567564403,0.136826255254743,-1.64054722548205,0.100891437673664,0.2307870152237
"YBL058W",358.08714485781,-0.163036253203747,0.0994149865384023,-1.64002744170421,0.100999461337343,0.230935762810927
"YEL062W",39.0571491472194,0.284178583911161,0.173241822762186,1.63970195243068,0.101067152798869,0.230992203269245
"YPR189W",91.0769248322981,-0.245447933900228,0.149737663887266,-1.63881789973278,0.101251190166794,0.231314394889771
"YFR040W",258.411362214491,-0.15319603111583,0.0935786808886244,-1.63701139692392,0.101628088238482,0.231872096769436
"YHR049C-A",12.5501283571475,-0.447733860794919,0.272688355491251,-1.63696572410345,0.101637631604514,0.231872096769436
"YLR034C",104.46029677752,-0.237464962603641,0.145092325623839,-1.63670585417619,0.101691945178544,0.231872096769436
"YOR349W",49.860229937683,0.248881243617934,0.152006798801557,1.63661392749999,0.101711163654588,0.231872096769436
"YPR166C",32.6962906604058,-0.385608625389935,0.235622764881684,-1.63693368397221,0.101644326836968,0.231872096769436
"YLR441C",1629.61608518103,-0.402839199504423,0.24628403069033,-1.63582224344043,0.101876795293027,0.23215115295666
"YGL225W",306.445996027477,-0.408048763436524,0.249680837629043,-1.63453703699573,0.102146136007969,0.232666198684817
"YNL178W",2615.66532582556,-0.434112300886531,0.26570926935697,-1.63413625374285,0.102230243974385,0.232759067565248
"YPL059W",82.959319699458,-0.207987180243808,0.127308363064036,-1.63391173950407,0.102277384383192,0.232767725221238
"YER120W",361.784795758494,0.2832325004308,0.173487423193573,1.63244396521248,0.102585993750394,0.233271195636783
"YIL044C",81.3104522733565,-0.264102384990775,0.161799514845816,-1.63265025576684,0.102542575092706,0.233271195636783
"YNL070W",57.1152283261768,-0.305283511855508,0.18711563058652,-1.63204981288578,0.102668992965841,0.233271195636783
"YNL108C",16.2850947425127,-0.40562953245507,0.247967838226647,-1.63203395155799,0.102672334106378,0.233271195636783
"YJR135W-A",50.7590347911932,-0.412860879310074,0.253195769112334,-1.63154459747002,0.102775457563102,0.233406757958317
"YDL179W",27.2783643918082,-0.388790200163776,0.237955560441715,-1.63127519296215,0.102832265356619,0.23343706560879
"YGR056W",105.172425099202,0.381270717142585,0.2336193977117,1.63094621493314,0.102901668944031,0.233495928981154
"YDL013W",104.621327674461,0.266246441993944,0.163343229672891,1.62935370901621,0.103238162324158,0.233883749631686
"YDL106C",103.374586673449,0.278711482544928,0.171035896969766,1.6293130535936,0.10324676417366,0.233883749631686
"YDR520C",33.0277596332483,0.33176098903545,0.203321909121646,1.62966938093211,0.103171392038905,0.233883749631686
"YLL004W",17.5302048369548,-0.368361628948887,0.225846202795581,-1.62979779447015,0.103144240093787,0.233883749631686
"YJR031C",64.0062898842101,-0.255002066174303,0.156614960902501,-1.62811952220983,0.1034995448228,0.234357527505589
"YJR113C",105.61405905205,0.259479028473679,0.159787046450058,1.62410473617682,0.104353457345696,0.236178492252644
"YPR080W",1556.54496425969,-0.41647861111303,0.25650261038156,-1.62392561447267,0.104391685088024,0.236178492252644
"YML057W",210.547597299721,0.214073800414366,0.131873585504272,1.6234597716957,0.10449115625968,0.236304000113997
"YPL250C",85.6511752440432,0.363476502213204,0.224126235043068,1.62265859215551,0.10466240775417,0.236591663319718
"YMR119W",96.6143649616547,0.290218195408736,0.178797290127486,1.6223663853545,0.104724922160991,0.236633385328853
"YJR063W",60.7125275766543,-0.420170919908533,0.258794670866013,-1.62174683851789,0.10485756540514,0.23683346669092
"YLL027W",184.119815354058,0.297416773308695,0.183653861807238,1.61941428042446,0.105358156294633,0.237864084681997
"YDR305C",51.3067809393701,0.393533263372226,0.242825112045462,1.61912563304621,0.105420234617214,0.237904235348343
"YMR039C",310.456213360859,0.288062494860669,0.178004227225996,1.61803582963292,0.105654876286706,0.23833361635275
"YML073C",1174.53088206735,-0.359543490378219,0.22228289287833,-1.6175904480534,0.10575088897778,0.238450052350821
"YLR438C-A",195.399842918128,0.283860476641091,0.175560833658012,1.61700578791846,0.105877031548589,0.238634299810102
"YHR047C",139.025804725284,-0.26400957585784,0.163396875009673,-1.61614007343759,0.106064031776022,0.238955501119552
"YGL091C",62.716063012124,0.238080709124421,0.147312945685771,1.61593220792748,0.106108971113795,0.238956513145574
"YGR081C",28.5052139091415,-0.307606920193829,0.19056972316043,-1.6136262217077,0.106608525649251,0.239730323504168
"YJR046W",79.491013872298,-0.250530752700642,0.155232440509806,-1.6138241696878,0.106565570419026,0.239730323504168
"YKL038W",163.937155887026,0.185308176101037,0.114835226150108,1.61352212919176,0.106631119503157,0.239730323504168
"YPL065W",34.3162408248332,0.347510091716518,0.215042023481628,1.61358458458209,0.106617562761308,0.239730323504168
"YDR529C",146.333776174828,0.422220524443955,0.261758814852212,1.61293351567159,0.106758952726606,0.239917295018662
"YGL123W",2708.80521056782,-0.445736471159906,0.276533654432852,-1.61243957275011,0.106866319384465,0.240058135263054
"snR31",15.2845962168539,-0.449662734773902,0.279441405670078,-1.61184816725632,0.10699498367827,0.24024667948829
"YAL009W",46.9769173819139,0.331249150920799,0.205430659580571,1.61127350164195,0.107120123644309,0.240427155910399
"YGR029W",80.3074046612495,0.314572548267346,0.195510989891856,1.60917985082101,0.107577020921479,0.241198381642032
"YGR186W",325.663890256012,0.207895912170154,0.129158442002582,1.60941923719821,0.107524701637191,0.241198381642032
"YML038C",137.160717301669,0.237758129295966,0.147770386997675,1.60867112015154,0.1076882739113,0.241198381642032
"YOR299W",146.979673066441,-0.232358169684516,0.144411335209349,-1.60899880856407,0.107616602146169,0.241198381642032
"YPR196W",18.6857473924403,0.354525816953456,0.2199308654372,1.60883387427383,0.107652671728156,0.241198381642032
"YJL184W",91.307527396442,0.305345274854033,0.190059745620243,1.60666352417352,0.108128199263526,0.24208276708812
"YKR103W",12.3465857281304,-0.409203309402101,0.253794647262431,-1.60593212280501,0.108288824625712,0.242341365443624
"YGL104C",51.5251629929733,0.279294301009929,0.174015453124785,1.60518782776451,0.108452475408246,0.24260651620895
"YNR017W",299.849849979678,-0.237555311514993,0.148060238392799,-1.60455753179908,0.108591213789409,0.242815740742263
"YDR307W",69.1635768026951,0.226082062806636,0.141002552618001,1.6034808681113,0.108828529718409,0.243245124060582
"YDR490C",108.916860206713,0.226092768229203,0.141062708241381,1.60242174909428,0.109062378575629,0.243666404047297
"YGR083C",129.345414820752,-0.305168373459911,0.190424605059833,-1.60180838271551,0.109197988799321,0.243867940890292
"YDL195W",594.429442614073,0.409613145827252,0.255762897190477,1.60152850400787,0.109259911947678,0.243904815906475
"YGR033C",105.78441530044,0.234397714421618,0.146447984635454,1.60001590170885,0.109595055782356,0.24434829581031
"YKL068W-A",29.4185606975008,-0.351477682566819,0.219688379394347,-1.60021384953515,0.109551150776827,0.24434829581031
"YLR354C",841.356054333973,-0.217828993517419,0.136136077100263,-1.60012968150602,0.109569817621831,0.24434829581031
"YBR176W",35.3216330916796,-0.318684805276798,0.199377577967168,-1.59919412022127,0.109777476403392,0.244551980822323
"YDR424C",75.8544163196216,0.290399968385061,0.181646923029632,1.59930946207719,0.10975185813051,0.244551980822323
"YDL238C",45.1750452092396,-0.311444062174029,0.19493382584092,-1.59886638171428,0.109850295325335,0.244612743031663
"YCR020W-B",13.2872429731311,-0.454430603888104,0.284795443208864,-1.59835034189213,0.109965029537471,0.244731355712842
"YHL031C",29.8779996506187,0.332639910649924,0.208070087364279,1.59801221928874,0.110040257688794,0.244731355712842
"YJL160C",28.3254847546965,0.37502140403193,0.234889688422697,1.59820367146906,0.109997656923681,0.244731355712842
"YIL066C",17.8490690207065,0.363324760899665,0.227055125019401,1.59734767585207,0.11018822898523,0.244857665651498
"YNL054W",112.688463435399,0.260194907699143,0.162816782846694,1.5975106378856,0.110151928324464,0.244857665651498
"YIL073C",36.342319366441,0.305603673553037,0.191198303311347,1.59691941561352,0.110283671289632,0.244968403017625
"YGL135W",610.24849906992,-0.4514426300617,0.282972600364123,-1.59617553324896,0.110449608534548,0.245235571491963
"YER099C",117.954083859977,-0.298622131760935,0.187220009281954,-1.59532213759871,0.1106402176462,0.245557276437082
"YPR180W",64.7393525202871,0.24410768699811,0.153297175781101,1.59272795447578,0.111221233540301,0.246744834921503
"YBR162C",1286.80113106376,0.208604748659456,0.131054355694401,1.59174790413184,0.111441359920916,0.247018530926402
"YGR094W",952.21060985343,-0.318752661203613,0.200271021906762,-1.5916573839793,0.111461708732273,0.247018530926402
"YPR002W",23.6481609143922,0.359527261433733,0.225515268721845,1.59156456834787,0.11148257660875,0.247018530926402
"YDL109C",27.1262881810189,0.294672082783831,0.185013279471754,1.59099033319627,0.111611751300768,0.247202769582032
"YLL045C",1386.28229625704,-0.382771655336226,0.240911567437598,-1.58898968909034,0.112062720591233,0.248099287838215
"YBL042C",82.0638454086196,0.268332243967772,0.168903438016874,1.58851983756405,0.112168838896129,0.248231905113765
"YDR408C",198.236768872815,-0.33694133351641,0.212279338674238,-1.5877365372128,0.112345927346836,0.248460595012853
"YKL138C-A",35.2731889711006,0.298992625976518,0.188370107939838,1.58765357396631,0.112364696571629,0.248460595012853
"YPL070W",150.822223017906,0.323033388665078,0.203443380300394,1.58716280794291,0.112475775805321,0.248603864959004
"YLR230W",19.3375877972678,0.459213540832752,0.28842626383101,1.5867508448156,0.11256908573431,0.248707757909904
"YBR233W-A",27.1040254733438,0.391872107081961,0.246431462527056,1.58651643336954,0.11262220732162,0.248722810659712
"YPR173C",263.269005618181,0.179085301981936,0.113014104846948,1.58458215294358,0.113061302530495,0.249589911998063
"YBR201W",51.9355172657652,0.3137669471701,0.19816480854435,1.58325783634837,0.113362708867456,0.250049736889982
"YPR161C",95.5365428738655,-0.274064325947891,0.173001463902385,-1.58335302485882,0.113341023453848,0.250049736889982
"YLR433C",67.4672233698705,-0.263253650626172,0.166402095120715,-1.58115083274708,0.113843554250915,0.251007278276546
"YDL185W",997.986825723053,-0.264282802477965,0.167192461250786,-1.58074732136672,0.113935823724538,0.251107636120021
"YCR061W",91.0395315681193,0.336723413742971,0.213233568807465,1.57933305650316,0.114259683430837,0.251471571128668
"YDR207C",114.603014050435,0.350237898467182,0.221566317169346,1.57977645452464,0.114158069577074,0.251471571128668
"YDR471W",891.404333032311,-0.415584565375837,0.263213798124446,-1.57920853002478,0.114288234057918,0.251471571128668
"YHR116W",43.638610505824,0.415480714827283,0.263009570686372,1.57948303084731,0.114225305734048,0.251471571128668
"YAR018C",54.5611441973326,0.246763460672618,0.156267580142957,1.57870315517183,0.114404160784462,0.25150930657337
"YGR266W",124.446635818755,0.25082443010325,0.158902606856399,1.57852144346849,0.114445865809964,0.25150930657337
"YHR150W",40.898286975369,0.273035356634069,0.172854159750508,1.57863523269452,0.114419748411345,0.25150930657337
"YOR059C",111.615672163981,0.191216217748956,0.121178053613934,1.57789762468181,0.114589130790319,0.251721153977425
"YFR049W",83.002669498323,0.279966594723046,0.177551192431791,1.57727819822864,0.11473152663762,0.251930919693647
"YML046W",41.721191544478,-0.349667193039568,0.221812129670606,-1.57620898565,0.114977648377115,0.252368185301791
"YHR009C",249.625145359719,0.153056505116305,0.0971353503495299,1.5756900070146,0.115097261549673,0.252424414774721
"YLR147C",58.827800600648,0.39434188793244,0.250098771891644,1.57573049036914,0.1150879275077,0.252424414774721
"YKR009C",71.67331646865,0.274131362790373,0.173970062555944,1.57537757500742,0.115169317446205,0.252479348572884
"YDR416W",51.6207480685786,-0.248949695446918,0.158107602613901,-1.57444158522346,0.115385396249337,0.252643686610349
"YLR045C",115.647894740461,0.271437347025722,0.172295904500801,1.57458917114115,0.115351304008749,0.252643686610349
"YOR286W",84.2978768248766,-0.291533597682574,0.18521704274246,-1.57476756155191,0.115310106526752,0.252643686610349
"YGL080W",103.006501648804,0.339869334908216,0.215826202140469,1.57367283974915,0.11556310403748,0.252929678804118
"YBL091C",507.40800251226,0.224406560166773,0.142627231883711,1.57340208548552,0.115625744423363,0.252963695844351
"YAL041W",117.975803858185,0.39682428840018,0.252147844763958,1.57275030374237,0.115776646944434,0.252984691106002
"YHR036W",43.8264927628276,0.342557296366102,0.217480930028413,1.57305656836739,0.115705720343019,0.252984691106002
"YJR080C",93.8507746961149,0.246550537524319,0.156738640957038,1.57290161241124,0.115741601703791,0.252984691106002
"YGL076C",1083.17314208248,-0.39230291080058,0.249517374158466,-1.57243510639574,0.11584967792083,0.253041325788035
"YDR147W",44.3996045998701,0.27598516830953,0.175434538943747,1.5719968177182,0.115951289237947,0.253160314836184
"YGL009C",547.146577369177,-0.244431625775439,0.155588017142354,-1.57104155931418,0.116172995709615,0.253541308393475
"YBL090W",42.0467857676561,-0.284655033346131,0.181247988052602,-1.57011117076185,0.116389250206004,0.253910098641936
"YDR418W",276.025842388563,-0.370319465374511,0.236197294179383,-1.56809672990267,0.116858559599103,0.254623660692407
"YOR045W",159.000327520367,-0.275029788853756,0.175424683866427,-1.56811062794678,0.116855316653049,0.254623660692407
"YPL037C",1011.23712411275,-0.279740438180605,0.17838943403956,-1.56820538304577,0.116833208542364,0.254623660692407
"YML007W",283.394026002128,0.235039332408611,0.149928902615954,1.56743556224035,0.1170129170136,0.254856600681285
"YGL130W",98.2485933896929,0.31241341768323,0.199342159503234,1.56641765910863,0.117250871458096,0.255271354114889
"YKL173W",83.9246228287874,-0.255247745729027,0.163082629208411,-1.56510464102519,0.117558375554538,0.255837129296363
"YGR146C",151.799539944671,0.377862105070951,0.241446507824981,1.56427160773824,0.1177537968715,0.256158624138043
"YGL113W",39.3001131164792,0.433029763027556,0.276360095943322,1.56288084517197,0.118080623858896,0.25676559949236
"YNL164C",28.8241507214388,0.354348632547739,0.226702174320051,1.5604600014223,0.118651215140017,0.25790193302996
"YOR195W",52.5027612538546,-0.305468818444479,0.195650450966464,-1.55978081886324,0.118811685745734,0.258054980759577
"YPL077C",25.8724894364994,0.400448557572644,0.256173225850078,1.55975529854232,0.118817718752269,0.258054980759577
"YHR078W",75.9855355989612,-0.250083583143519,0.160377270259666,-1.55906899896802,0.11898005012882,0.258303091852019
"YJL161W",25.5753352346852,0.36769346566432,0.235913907540167,1.55840145269601,0.119138112487605,0.258541738250878
"YLR401C",94.7975339763084,-0.268632800205758,0.172352354948273,-1.55808876028826,0.119212208723379,0.258598050506167
"YFL016C",203.786463230552,-0.214305608967669,0.137610240566891,-1.55743571526829,0.119367072078491,0.258724997632596
"YLR187W",64.4952473868742,0.417398076494329,0.267858413537027,1.55747487500922,0.119357781281388,0.258724997632596
"YDR370C",40.8168280423283,-0.288232374422962,0.185095025554946,-1.55633239817321,0.119629071212561,0.258994639209617
"YJL008C",386.87171896576,-0.256552288746222,0.164857762435056,-1.55630266301577,0.119636138499173,0.258994639209617
"YLR228C",177.450355222763,0.215204907891936,0.138244663352712,1.55645865524234,0.119599066777977,0.258994639209617
"YIL142W",493.385328079871,-0.192479822590428,0.123808385862112,-1.5547418364228,0.120007566442524,0.259380538978992
"YKR074W",100.979682832666,0.301480504203872,0.193830386174796,1.5550048724634,0.119944908895552,0.259380538978992
"YLL038C",27.3451884827329,-0.314542551004494,0.202142236845307,-1.55492027912096,0.119965056993931,0.259380538978992
"YNL049C",99.2470291309045,-0.200720347379695,0.129080361145408,-1.55508189196578,0.119926567008489,0.259380538978992
"YKL210W",514.687700776613,0.16295049666703,0.104897670439395,1.5533658066103,0.120335766975712,0.259985279334896
"YGR070W",109.994813340302,-0.203949042687776,0.13131889718586,-1.5530563553419,0.12040967171441,0.259990704347508
"YPL078C",238.762905420994,0.228278015066025,0.146999383517596,1.55294995603458,0.120435090749693,0.259990704347508
"YNL261W",55.6188967665783,-0.310848714194412,0.200039643129209,-1.55271728363044,0.120490691350025,0.260006228702687
"YIL014W",117.376331390105,0.227833833432886,0.14690865670442,1.55073826823914,0.120964419699332,0.260714244865615
"YKL049C",46.7074278795984,0.394450378491897,0.254076600485039,1.55093058000399,0.120918321090407,0.260714244865615
"YPL017C",48.4514201122107,-0.351692037904801,0.226595959090246,-1.55091627590928,0.12092174941864,0.260714244865615
"YBR263W",368.39165641652,-0.233095841926309,0.150362909482482,-1.55030423744345,0.121068510756941,0.260833923496001
"YDR403W",11.1469499299726,0.397180743165618,0.255129386836855,1.5481322516635,0.121590458499055,0.261853389173387
"YNL219C",147.826439970872,0.199176793968717,0.128794857563012,1.54628436040409,0.122035907374533,0.262707358119686
"YEL052W",180.552268889164,0.195498611785905,0.126523746522602,1.54528877845135,0.122276428539318,0.263119670546745
"YDR186C",230.885630406495,-0.262573156256461,0.169945398518148,-1.54487229190896,0.12237715674707,0.263154344135554
"YFL034W",124.671817252991,0.22607554222084,0.14629404802284,1.5448170053619,0.122390532796614,0.263154344135554
"YDR068W",124.681264935529,0.252333017705881,0.163352684621952,1.54423891246653,0.122530465264377,0.263240612109971
"YGL232W",65.541630832075,-0.293751344860527,0.190209819957735,-1.54444378616176,0.12248085949145,0.263240612109971
"YLR068W",23.5767880806464,-0.443507574165947,0.286216297793141,-1.54401421810182,0.122584888235343,0.263240612109971
"YNR029C",80.773709024432,-0.198466780812841,0.128545426937109,-1.54384163969773,0.122626701079715,0.263240612109971
"YIL151C",114.314115997704,-0.225394479904355,0.146152527435337,-1.5419536877832,0.123084848096238,0.264038930936065
"YPL141C",70.5923331508264,0.374335689430464,0.242577333455518,1.54190407251916,0.123096906174624,0.264038930936065
"YOL138C",91.8794644946905,0.215085815295213,0.139510670578924,1.54116300274058,0.123277119383558,0.264319923436764
"YGL066W",102.412367841234,0.262175035173124,0.170106549342816,1.54073107476053,0.123382250534932,0.264334291034353
"YHR141C",733.528220070881,-0.387165881548386,0.251320330580844,-1.54075355632581,0.123376776801795,0.264334291034353
"YJR032W",40.0057164288658,-0.269392710046185,0.174806816852023,-1.54040418517184,0.123461861895776,0.264399386061489
"YKR087C",64.7226263476035,0.245996434074724,0.159910885325914,1.53770918062524,0.124119737916594,0.265702316600249
"YER060W",86.1239403447241,-0.26751709590528,0.174302180162214,-1.53527392621598,0.124716555998777,0.266873554689017
"YLL018C-A",67.1575217385578,0.402292067673124,0.262076461205378,1.53489953729237,0.12480850721501,0.266963955496542
"YHR203C",1086.06461848477,-0.395188692485768,0.258089196835158,-1.53145647557105,0.125656615485053,0.26867105166012
"YOR002W",181.343615373735,0.168623570886824,0.110176734431338,1.53030572674897,0.125941071434795,0.269172102935251
"YGL011C",427.68750282086,0.167245314873561,0.109389105503826,1.5289501934957,0.126276791644037,0.26978227840896
"YDL131W",178.71920856181,0.19376124318593,0.126877425180177,1.5272544516001,0.126697750910098,0.270574004031068
"YGL223C",56.1517586459349,0.24740055778245,0.162017776102432,1.52635579986357,0.126921279050898,0.270943636638462
"YDR393W",60.1097792192025,0.354784670568343,0.232268612614385,1.52592599655094,0.12702829558304,0.271064352632701
"YKR047W",10.1659718901628,-0.448610334078034,0.29325347343655,-1.5254989747647,0.127134689073653,0.271183643770686
"YHR106W",92.5974778457851,0.203934797126555,0.133724822868589,1.52506236589676,0.127243542890417,0.271308086091478
"YDR532C",32.1381491760408,0.328968327828786,0.21546503021063,1.52465278560242,0.12734572394723,0.271358843457258
"YLR310C",196.329687727013,0.262018278640914,0.171813616388995,1.5245619499869,0.127368394033838,0.271358843457258
"YDR382W",1925.3598527519,-0.418473211060027,0.274923650872344,-1.52258899243071,0.127861565417034,0.27213141534366
"YGR111W",56.9309689846938,0.25191447754649,0.165408447498494,1.52250330271734,0.127883018493278,0.27213141534366
"YHR039C",260.920831434572,-0.15809941952319,0.103843050623706,-1.52254719902717,0.127872028366155,0.27213141534366
"YDL058W",146.901492657065,0.25267203715949,0.165965870015117,1.52177546688111,0.128065350647352,0.272149076507029
"YDR322W",56.6733103409615,-0.240560360642284,0.15806941584409,-1.52205993828341,0.127994062888012,0.272149076507029
"YMR135C",262.511295494821,0.181279778948291,0.119096903509118,1.52212244372735,0.127978403329365,0.272149076507029
"YOR213C",43.7198050747409,-0.261162133445054,0.17157299719524,-1.52166118366686,0.128093998400627,0.272149076507029
"YER113C",75.714434434823,-0.229653527565998,0.151117980238387,-1.51996838050208,0.128518922734288,0.272943904312321
"YGR289C",94.6865447329712,0.305171844962627,0.200934501701979,1.51869513172659,0.128839252584626,0.273516057562066
"YHR134W",49.3741762255403,0.358257961058085,0.235612334885614,1.51842568431169,0.128907120883454,0.273552013538139
"YBL021C",57.6996736963123,0.318701042845575,0.210106125412962,1.5163848224327,0.129422074591449,0.274319637975797
"YLR132C",36.4545177849502,0.290763290574961,0.191535890590767,1.51651051690903,0.129390313053727,0.274319637975797
"YLR318W",15.8389083293309,0.362648872777397,0.238780855387945,1.51663937546037,0.12935775827512,0.274319637975797
"YBR217W",19.4898705608951,-0.321385642596267,0.211973306492614,-1.51513981341398,0.129737001029565,0.274878671609387
"YJL198W",241.007256329301,-0.251237287396989,0.16584240090916,-1.51491384631902,0.129794223398868,0.274891472348313
"YCL057C-A",186.631030484532,0.354795560541463,0.234651384184716,1.5125194300769,0.130401773513693,0.275433581843178
"YEL031W",565.370939702548,-0.22906140296694,0.151457014349619,-1.51240239833944,0.130431525169801,0.275433581843178
"YER068W",172.20366048849,0.388963347941246,0.257051364880218,1.51275544150823,0.130341791011718,0.275433581843178
"YGL103W",80.0421996621657,-0.401309310430243,0.26551636958766,-1.51279512036782,0.130331708699085,0.275433581843178
"YGL203C",211.42325644306,0.28947937067162,0.191261380115401,1.51312817565502,0.130247103926129,0.275433581843178
"YHR025W",380.448556619732,-0.235666892303147,0.155726933018496,-1.51342549458372,0.130171613136366,0.275433581843178
"YKL179C",141.410359116206,0.192771052234566,0.127381984847414,1.51301048873205,0.130276994618781,0.275433581843178
"YOR234C",411.368956738604,-0.37432235745577,0.247562571013754,-1.51228867163616,0.130460441669902,0.275433581843178
"YGR231C",314.345420987079,0.192052531014057,0.127052224246225,1.51152407286047,0.130654980047842,0.275735912706074
"YBR063C",19.8333264823633,-0.355771775390296,0.23555684528548,-1.50898384252537,0.131302911898694,0.276875910044
"YIL152W",59.340548768639,0.287563199808794,0.190504308862662,1.50880036289052,0.131349808004489,0.276875910044
"YKR019C",55.2196929873828,0.268433274983319,0.177778334259638,1.50904952821007,0.131286126254949,0.276875910044
"YDR362C",58.6178008395101,-0.225915226932984,0.149828973403683,-1.50772177076964,0.131625751153932,0.277348728696652
"YOR264W",83.0297249490227,-0.209250786340225,0.138846402265467,-1.50709912056315,0.131785252193017,0.277575917462232
"YCL016C",44.5876651864662,0.305816756265809,0.202925233290778,1.50637866317687,0.131969994865962,0.277856073079216
"YNR060W",69.4115367192025,0.215407126592899,0.143018132944249,1.50587928341695,0.132098165604083,0.278016946496682
"YKL211C",195.153686656487,0.273647969231866,0.181895306518447,1.50466976562924,0.132408999932452,0.278561981448178
"YCR030C",187.919100486333,0.311365568141706,0.206924010437081,1.50430586296562,0.132502630161092,0.278618397154827
"YOL042W",47.4537952462293,-0.327051641132404,0.217452239492283,-1.50416236621942,0.132539565207705,0.278618397154827
"YKL168C",92.7981049020132,0.263708839855795,0.17529864082347,1.50388203941482,0.132611742345165,0.278661059521081
"YOL007C",92.0900622836173,-0.270319519357431,0.179902241881057,-1.50260261270138,0.132941549255929,0.279244842023306
"YAL024C",39.9160320585738,0.289259387983609,0.192636786650883,1.49995835311845,0.133625190882617,0.2805711103325
"YAL055W",66.5762624631667,0.297300363836465,0.19833525598011,1.49921927804416,0.133816755441263,0.280650665861279
"YDL017W",38.6363513736116,0.283075006937423,0.188659599740413,1.49920738806295,0.133819839000323,0.280650665861279
"YNL027W",121.683230634014,0.265021369080194,0.17668698510721,1.49944607354472,0.133757948602918,0.280650665861279
"YLR119W",27.4244253804779,0.298194365046189,0.198889330246257,1.49814621834826,0.13409526519828,0.281118528251351
"YCR060W",52.5836940138905,0.318334743279901,0.212607028805982,1.49732807198023,0.134307913930241,0.281409991862927
"YER032W",53.6995003350837,0.36273832772149,0.24196162686884,1.49720823294051,0.134339083808703,0.281409991862927
"YLR247C",111.439123195642,0.233666134263111,0.156118064092255,1.49639554855113,0.134550608886088,0.281743204805917
"YBR019C",21.2892298304175,0.327963194841291,0.218936288349292,1.49587327219913,0.13468668255636,0.28191822759556
"YGR257C",124.798964364055,-0.340317446800622,0.227627471725958,-1.49556590449421,0.134766813723037,0.281976064085092
"YNL153C",161.041791644929,-0.179532884219497,0.120140740093237,-1.49445176697722,0.135057579734377,0.282474400604882
"YCR014C",35.660797299416,0.407249089577049,0.272206651406313,1.49283290476631,0.135480931703151,0.283234224869704
"YDL079C",123.4861440681,-0.326873864909822,0.219096244544118,-1.49205571780712,0.135684539301759,0.283234224869704
"YER186C",62.4959648995395,-0.286811573619423,0.192268122872152,-1.49214766644042,0.135660438261464,0.283234224869704
"YOR124C",208.94196524334,0.196254234624508,0.131530311267756,1.49207222572363,0.135680212099284,0.283234224869704
"YPL029W",42.942871964965,-0.273496363593286,0.183186915074224,-1.49252509408761,0.135561543763381,0.283234224869704
"YDL103C",102.236097932676,0.223617869266107,0.150042286557615,1.49032385058379,0.13613910422068,0.283970755997801
"YKL082C",76.9961265355437,-0.383086868511562,0.256739792034758,-1.49030857118088,0.136143119846274,0.283970755997801
"YDR466W",113.158176026584,0.359530525801935,0.241238559341646,1.4893292590001,0.136400686610516,0.284287189672131
"YLR221C",110.404858293429,-0.322459746782736,0.216356992456002,-1.48952719742084,0.136348596953786,0.284287189672131
"YDR122W",286.032413794765,0.172892970624826,0.116111137062816,1.48897639937537,0.136493583567878,0.284308967388492
"YGR188C",17.7013701430389,0.380406736433595,0.254454871880526,1.4888874696299,0.136517003704137,0.284308967388492
"YOR296W",36.0849266863991,-0.269890880986288,0.181484821962906,-1.48699219858696,0.137016871418403,0.285239386196992
"YBL106C",47.3006022556994,0.299329360342362,0.201621814172481,1.48348573579363,0.137945403495556,0.287061124438059
"YNL307C",197.240846609714,0.236587698621812,0.159554777478943,1.4824923968808,0.138209325156161,0.287498948649784
"YER161C",159.150638168185,0.366886995128753,0.24746092493116,1.48200282274203,0.138339543886752,0.287658416653405
"YHR160C",10.8959834805551,0.360113646033896,0.241974562175349,1.4813982185904,0.138500489161395,0.287881628206599
"YAL027W",36.9022316578277,-0.241721842165833,0.163201597941567,-1.48102212800102,0.138600677009934,0.287978427938243
"YDR109C",47.1028058418743,0.237671476639854,0.160432665680961,1.48058169402304,0.138718076441037,0.28811090045043
"YPR030W",66.6028142615692,0.281448657693096,0.190186345568514,1.4797462837853,0.138940968780421,0.288462289648102
"YGR206W",21.5470518512077,-0.333904123407314,0.226170925486942,-1.47796881904529,0.139416124366272,0.289113515046812
"YHR003C",55.1367482377526,-0.322746610565577,0.218474622810598,-1.47802831836114,0.139400198675497,0.289113515046812
"YJR145C",1939.81005595875,-0.406835884044648,0.275330507118549,-1.47805531607089,0.139392972883269,0.289113515046812
"YNR015W",108.187881404148,0.229842199307631,0.155491324449875,1.47763397548479,0.139505775299276,0.289187772725748
"YKR078W",58.5381003509427,0.35167609786185,0.237918754784689,1.47643879059415,0.139826135712033,0.289695831149055
"YNR061C",97.1639910694065,-0.285840327008878,0.193681704628172,-1.47631727195334,0.139858739558648,0.289695831149055
"YLL003W",55.2127303191711,0.224433139413027,0.152044275516104,1.47547283050193,0.140085467541568,0.29005360299374
"YLR368W",53.6359616135635,0.284195954339287,0.192633466759429,1.47438241728164,0.140378655811538,0.290548655246155
"YNL151C",135.89090361703,-0.258090841760268,0.175172414148897,-1.47284984938125,0.140791527342521,0.291290945052651
"YKL213C",194.910020736121,0.156554612942785,0.106367496018056,1.4718756709883,0.141054454515918,0.29172255494994
"YDR372C",235.244395045067,-0.179082680654063,0.121707256620925,-1.47144623646186,0.141170477111704,0.291850128008839
"YJR094W-A",778.939043539347,-0.308306292938872,0.209603925679752,-1.47098284418246,0.141295756518479,0.29188833394689
"YPL256C",107.306881169454,-0.290740423514414,0.197582524821854,-1.47097584966993,0.141297648158986,0.29188833394689
"YPL193W",53.0736522305874,-0.229162864910601,0.155808122162683,-1.47029396238804,0.141482155550452,0.292157115517677
"YOR180C",27.8643062255783,0.380678051887816,0.258294288231798,1.46952508063416,0.141690424207528,0.292474738054816
"YGR055W",199.34913775528,-0.316770982309381,0.215760719804866,-1.46876495609349,0.141896552225431,0.292787699578482
"YDR541C",50.0518117223949,0.277137332952319,0.188678034634127,1.46840709688009,0.14199367499514,0.292833006840725
"YPL058C",93.8454395414052,-0.263814881130554,0.179648231177903,-1.46828231695918,0.142027552191415,0.292833006840725
"YOR096W",1089.84639442959,-0.423722610637384,0.288809339628007,-1.46798604932391,0.142108012409803,0.292886467633557
"YBL029W",50.5297561135145,0.255515485409619,0.174181888966032,1.46696549937563,0.14238544085623,0.293069506796413
"YKL072W",47.1574696625666,-0.252228876830372,0.171914684987075,-1.4668565465853,0.142415083362249,0.293069506796413
"YNL077W",74.2499818370383,0.271016908327391,0.18463766883847,1.46707265530034,0.14235629183966,0.293069506796413
"YOR354C",85.4729883581908,-0.197761222240785,0.134773265623859,-1.46731060941085,0.14229157892117,0.293069506796413
"YOL038W",540.062256709811,0.219775169762584,0.149875301940413,1.46639627941583,0.142540359357324,0.293214963656908
"YLR379W",9.79370700598815,-0.39103156152504,0.266085566907468,-1.46538204634646,0.142816712952267,0.293670966794267
"YOL116W",75.399158323591,0.214591004269761,0.146481894200963,1.46515627608564,0.142878285722403,0.293685140686961
"YOR280C",46.405685683904,0.331568670949104,0.226273738064278,1.46463030130589,0.143021810222254,0.293867690399283
"YIR001C",59.0070548790473,0.362073766219393,0.247106305077979,1.46299009378436,0.143470089613212,0.294676042566944
"YGR171C",34.6034164043385,-0.248389313325237,0.169876541755865,-1.46199454885411,0.143742703662287,0.295123112144551
"YBL095W",25.1764594331167,0.343465654544169,0.235204343644319,1.4611935019503,0.143962345812507,0.295348265606943
"YER179W",31.6854752213917,0.376706457256221,0.257684253872757,1.46125802666163,0.14394464400856,0.295348265606943
"YHR211W",45.0432573647917,0.288223818415145,0.197131759393822,1.46089381771406,0.144044583504589,0.295404145858399
"YLR146W-A",22.1866298025108,0.333838333076356,0.228438581540154,1.46038624785952,0.144183950171674,0.295577097851931
"YBR160W",114.129150934583,0.205717812879484,0.140937648426171,1.45949544232535,0.144428794153084,0.295900975966803
"YGR036C",50.339725234315,-0.305783399841187,0.209478700215823,-1.45941062207787,0.144452124182639,0.295900975966803
"YHR188C",229.963128184473,0.205746743278835,0.14106431083623,1.4586245262601,0.144668479323055,0.296118293614378
"YMR185W",28.9815718040992,-0.375322853039404,0.257046057063074,-1.45874820796905,0.144634422271969,0.296118293614378
"YGR057C",25.4564862895192,-0.349412311500535,0.239823401847741,-1.45750891450174,0.144975952428312,0.296634605901891
"YKL114C",85.2517594676399,0.195107706276458,0.13385469760397,1.45713906710068,0.145077996269618,0.296730357183594
"YGR118W",1201.35811865584,-0.327674617674728,0.224919990944221,-1.45692523447746,0.145137019486902,0.2967380782886
"YBL034C",37.8011388709622,0.288959363119591,0.198169081152534,1.45614839343915,0.145351602071896,0.29696695224993
"YJR154W",13.47470362819,0.355526818677092,0.243773640879086,1.45611965411809,0.145359545236467,0.29696695224993
"YPR131C",52.2202730804466,0.227162876565743,0.155981563919116,1.45569691904678,0.145476421974702,0.297092723355941
"YDR144C",110.383453578095,-0.213936873672344,0.146952277989397,-1.45548914477402,0.145533893256463,0.297097126826478
"YDR155C",1087.05498664506,-0.399786738397592,0.274949419579898,-1.45447451192529,0.14581479494226,0.297557470985896
"YGR016W",11.0555491267296,0.401859213755393,0.277491736205307,1.45359950637746,0.146057373861505,0.297939291686344
"YFR011C",43.3681288330872,0.364156956913743,0.25049896340536,1.45268881431508,0.146310174080607,0.298341664763455
"YHR028C",244.613935337871,0.248564917662555,0.171349196821403,1.45076679589365,0.146844808498228,0.299312777982381
"YOR026W",43.6146565493406,0.255865915104119,0.176255812535641,1.45057631580743,0.146897874280685,0.299312777982381
"YDL080C",83.8027594770485,-0.187931147834227,0.129672484572958,-1.44934618299175,0.147240929810046,0.299591036851404
"YGL119W",53.4117678967428,-0.228819506658899,0.157870045268502,-1.44967277557088,0.147149791044088,0.299591036851404
"YGL155W",66.9525521561017,-0.214770853914797,0.14815250250936,-1.44955726761679,0.147182019706278,0.299591036851404
"YKL054C",462.99285568896,-0.334055709701841,0.230497888705817,-1.44912948119356,0.147301426321962,0.299591036851404
"YKR002W",132.139314619053,0.191854732586205,0.13240391256346,1.44868742114773,0.147424894879587,0.299591036851404
"YOR140W",77.0245285815661,0.409547606787777,0.282349852011113,1.44878414107609,0.147397873985233,0.299591036851404
"YOR187W",378.405755902736,-0.28072508157402,0.193793680383034,-1.44873735462367,0.147410944363621,0.299591036851404
"YDL222C",10.7712142852963,0.376212167616468,0.259154058996341,1.44749596490459,0.147758065758488,0.299853592546072
"YGL164C",103.22209106597,0.238234332961506,0.164483455181897,1.44767302236113,0.147708518223637,0.299853592546072
"YMR047C",245.161695255161,-0.160231560599627,0.11067701319656,-1.44763986787515,0.147717795166754,0.299853592546072
"YNL131W",165.104589148744,-0.144956195877906,0.1001543455656,-1.44742685724264,0.147777408205074,0.299853592546072
"YGL238W",151.989940926247,-0.352455531176152,0.243785916628669,-1.44589443146543,0.148206814041961,0.300157917880609
"YJL041W",170.229330779472,-0.195668407234254,0.135315755367806,-1.44593984396707,0.148194075172631,0.300157917880609
"YJL044C",133.391256524027,0.253893382203842,0.175496951861889,1.44599881819888,0.148177533288547,0.300157917880609
"YKL112W",70.0958617160509,0.277955927990123,0.19222499737976,1.44613586539599,0.148139097898898,0.300157917880609
"YOR110W",98.6660659363976,0.262226969074035,0.181252584345977,1.44619107861539,0.14812361530126,0.300157917880609
"YJL156C",72.6633387605206,0.293362306624537,0.20277006369326,1.44544369088425,0.148333298710733,0.300300847107179
"YNL222W",27.1328791812003,0.296812240742117,0.205213341608873,1.44492026471008,0.148480283511034,0.300485155515359
"YBR215W",70.6657500062825,0.300154592769222,0.207588330020712,1.44454062687758,0.148586960273339,0.300566258462043
"YLR263W",25.7816845349205,0.372816249637804,0.257666063270275,1.44437940311688,0.148632281227925,0.300566258462043
"YGL049C",256.956934245838,0.216928195881409,0.150299030463093,1.44306454151493,0.149002290791277,0.301122721163853
"YLR029C",2196.57898819385,-0.347306523828063,0.240731593406876,-1.44280414964355,0.149075649892885,0.301122721163853
"YLR239C",58.6992203322243,-0.214281714452286,0.148481007216581,-1.44288920942665,0.149051683328289,0.301122721163853
"YIL057C",11.8585093004913,-0.433153015422423,0.301096077882267,-1.44247367128733,0.149168793858022,0.301166812854508
"YJR129C",21.3544233796521,-0.333603352561072,0.231190207627236,-1.44232885502179,0.149209623721066,0.301166812854508
"YJL191W",219.50346462108,-0.280291421928687,0.194505608974172,-1.4413624026266,0.149482326184486,0.30160389704616
"YPR174C",37.9056525056329,0.244034509370242,0.169355377710839,1.44035687089603,0.149766459120155,0.302063707072607
"YDR380W",63.8330077793723,0.226646903665768,0.157435499728284,1.43950477066093,0.150007559283397,0.302282149870477
"YJR127C",290.137532426321,0.200813471276339,0.139473400947729,1.43957095294188,0.149988822534304,0.302282149870477
"YLR271W",34.2307588981365,0.254987047816108,0.177072272942225,1.4391787406801,0.150099887116843,0.302282149870477
"YLR403W",88.0698550669524,-0.29517126557579,0.20502989143869,-1.43929311998102,0.150067491318197,0.302282149870477
"YPL246C",209.468389901591,0.143547277496951,0.0998196803793894,1.43811144731619,0.150402435134562,0.302777915707546
"YGR041W",84.5051577149254,-0.199369193311544,0.138720249936899,-1.43717264750865,0.150668942962756,0.30320078405881
"YNL310C",63.1309842619463,0.245152964549465,0.170689721033215,1.43662983691173,0.150823200962087,0.303397532721862
"YMR273C",152.675975048113,0.354822214447596,0.247089796935612,1.43533928050095,0.151190439507785,0.304022407561331
"YGR156W",75.6223582884202,0.376534717782889,0.262351420511464,1.43422685207006,0.151507536646584,0.304457432465023
"YIL102C-A",12.667512313845,0.347475624089509,0.241452835760174,1.4341826447216,0.15152014838559,0.304457432465023
"YDR006C",167.45290414114,0.299195098691933,0.208576478756455,1.43397653233188,0.15157895992695,0.304461702979675
"YAR031W",11.1703481101159,-0.374555708606384,0.260412827719255,-1.43349275666606,0.151717067437129,0.304625184749466
"YOR087W",110.538464567465,0.265029323080062,0.184943254847196,1.43326028765814,0.151783466400168,0.304644618099889
"YMR279C",23.103860512747,-0.335711406999197,0.234468654631033,-1.43222067118109,0.152080677662267,0.305127127278311
"YKR071C",151.138691193872,0.175479978915649,0.122607080593938,1.43116430266594,0.152383131717886,0.305619791059286
"YDL110C",328.704843208362,0.269659168606177,0.18861481576012,1.4297894415913,0.15277746035157,0.306296282026235
"YJL173C",80.1011306594238,0.29845030829037,0.20878093636961,1.42950373075169,0.152859503410578,0.306332191032933
"YJL187C",76.0161109065315,0.212531923063485,0.148643562486652,1.42932988495131,0.152909440357344,0.306332191032933
"YGL110C",85.5383979225365,0.239254322723994,0.167457051189939,1.42793152883924,0.153311567576393,0.307023277200897
"YBR214W",442.542306639944,0.26747191702164,0.187425832219496,1.42707217852269,0.153559090838534,0.307404352178071
"YBR131W",21.3965089078279,-0.287417755301772,0.20160561901539,-1.4261802577747,0.153816316762317,0.307575367583919
"YDR130C",34.4100927614686,-0.280846621977826,0.196997379793081,-1.42638060755311,0.153758508284276,0.307575367583919
"YGR034W",1335.40751643691,-0.35060873705647,0.245839779071693,-1.42629309180514,0.153783757851027,0.307575367583919
"YDR311W",71.3015938067986,0.217852326788789,0.152733289077348,1.42574892819838,0.153940827707015,0.307709782513724
"YHR123W",94.7699979386473,0.202959087870595,0.142421386940082,1.42500706175415,0.154155159808758,0.308023572668466
"YAL012W",853.944030931739,0.231895439419729,0.162849156883657,1.42402625809709,0.154438871095537,0.308066908912805
"YER017C",199.855486790098,0.176519459921533,0.123952317135558,1.42394071170037,0.154463635394188,0.308066908912805
"YJL186W",147.475710662391,-0.158961287023745,0.111619770599266,-1.42415474015176,0.154401683285685,0.308066908912805
"YOR197W",325.901156219539,-0.244904238201255,0.171941928593504,-1.42451520798468,0.154297385897802,0.308066908912805
"YOR278W",35.196107239488,0.290432257818352,0.203628872168257,1.42401705228412,0.154441535884696,0.308066908912805
"YMR211W",31.6490903657981,-0.297174794182919,0.208920729357358,-1.42241439985912,0.154905985256332,0.308834464295382
"YBR229C",135.924835149859,0.180143552443285,0.12676076079815,1.42095125186366,0.155330931750351,0.308917011080717
"YGL095C",114.99656500734,0.230805933437394,0.162309285389009,1.42165498979925,0.155126432681117,0.308917011080717
"YGR275W",99.1717752157867,0.332074943981374,0.23356363086564,1.42139301271722,0.155202536651292,0.308917011080717
"YJL141C",240.209816941138,-0.187387955612641,0.131780363547359,-1.42185986400146,0.155066936763324,0.308917011080717
"YKR066C",372.568523859632,0.190334332386504,0.1339603356026,1.42088567056112,0.155349999428229,0.308917011080717
"YMR277W",131.151352950403,-0.208625280503304,0.146789776371146,-1.42122135425448,0.155252418561426,0.308917011080717
"YNL048W",74.2322779737696,-0.242184758563446,0.170387652070938,-1.42120289024032,0.155257784709552,0.308917011080717
"YOR320C",101.24678679323,0.204621963550173,0.14399896761911,1.42068499443678,0.15540835678643,0.308918684048821
"YIL018W",2593.30717932638,-0.399294943989814,0.281375263850333,-1.41958987206818,0.155727115655829,0.309437786972791
"YDL046W",374.732686128776,0.211122587205549,0.148779058782502,1.41917162577965,0.155848986065645,0.309565423135569
"YPL155C",75.7331784956135,0.277957721140234,0.195820381982462,1.41828203906647,0.156108438335864,0.309966145028439
"YGR166W",79.4395750787606,-0.226453512582699,0.159703893256088,-1.4178825827967,0.156225048242233,0.310083050298978
"YDR175C",88.9791440791322,0.256407272077303,0.180862050766143,1.41731504485399,0.156390838431516,0.310297448546609
"YKL004W",191.336551614657,-0.185029950928975,0.130607914815586,-1.41651007327464,0.156626216976102,0.310631388091745
"YMR141C",19.400907809914,0.344890680144084,0.242560826916046,1.41634398771709,0.15667481480926,0.310631388091745
"YDR041W",104.793215110142,0.18062623575573,0.127575213250392,1.41579244202969,0.156836283093804,0.310674986974631
"YJR134C",159.572605539982,0.181554725662879,0.128225507349561,1.41547874107862,0.156928177185287,0.310674986974631
"YKL212W",301.691468023876,-0.176182967816997,0.12443156214037,-1.41598104721741,0.156781053612718,0.310674986974631
"YMR089C",220.936403072238,0.191111371265657,0.134993883123214,1.41547982597229,0.156927859311277,0.310674986974631
"YKL220C",34.7215158730271,-0.337353572534181,0.238511603726905,-1.41507466699702,0.157046604904631,0.310794883914066
"YNL167C",148.70111517695,0.216702115799403,0.153174499586614,1.41413958229957,0.157320923211483,0.311223086029052
"YOR028C",58.6676192584248,-0.337740805859189,0.23874493017431,-1.41392731589737,0.157383244647977,0.311231740428677
"YMR027W",227.108986973499,0.160062943366022,0.113414218922616,1.41137283122472,0.158134709615592,0.312487684085852
"YNL162W",539.620986696318,-0.385777382539491,0.273409920350563,-1.41142039994364,0.158120691312718,0.312487684085852
"YNL251C",218.055526199397,-0.346217990252592,0.245274316341589,-1.41111697669534,0.158210125023192,0.312521729128195
"YDR025W",1537.10871629668,-0.387899649568232,0.275091249606245,-1.41046254129989,0.158403149627686,0.312787984062611
"YLR240W",69.578607733809,0.199133753158228,0.141248654361047,1.40993413932707,0.15855913095222,0.312980923316564
"YCR092C",54.1017502284653,-0.2633058414789,0.186744836062477,-1.40944344482243,0.158704085344365,0.313143155464894
"YNL288W",179.490069999928,0.357428317111213,0.253577497156696,1.40926127691251,0.158757924470472,0.313143155464894
"snR37",12.940474055911,-0.401338876983574,0.285521264782728,-1.40853140614713,0.158973774034753,0.313399481267939
"YGL257C",80.5143125460721,-0.18826493876726,0.133666347267377,-1.40842730845135,0.15900457763082,0.313399481267939
"YKR057W",1274.39812574987,-0.415337981695642,0.295180602267061,-1.40821591424696,0.159067145284261,0.313407790653619
"YBL045C",295.352726675202,0.23353867409133,0.165926622337208,1.40751600969098,0.159274433332032,0.313701129969324
"YLR313C",20.0740978543168,0.311818049066805,0.221192789444827,1.4063439401362,0.159622018263319,0.314270476573419
"YMR134W",47.0078879750685,0.298879052457549,0.212812627671616,1.40442396702262,0.160192638115658,0.315278365452253
"YER007C-A",149.604972335214,-0.220028579337362,0.156812633305481,-1.40336744744155,0.160507294904285,0.315781934406928
"YDL108W",47.60368097105,-0.22436729558153,0.159978529963666,-1.40281178098596,0.160672972986417,0.315892294219166
"YOL051W",204.06810374748,0.331265783887498,0.236063958439983,1.40278480982102,0.160681018023974,0.315892294219166
"YPL196W",96.2231869316278,0.188517597200524,0.134488985669784,1.40184874508389,0.160960418778729,0.316325799217181
"YPR114W",243.035290918689,0.171802877482265,0.122636204596958,1.4007819818267,0.161279278311211,0.316836504685266
"YDL133W",95.7371589584208,0.213543691111731,0.15259696167095,1.39946235710429,0.161674378883654,0.317496559043549
"YNL135C",746.132299409773,0.172540526424706,0.123386649761857,1.39842317421875,0.161986028102258,0.317992308822086
"YJR074W",87.6758171173614,0.299680690579211,0.214581658671512,1.39710315115509,0.162382554364886,0.318601052280291
"YLR430W",210.478501848735,0.208802023964987,0.149427169677855,1.39699604327548,0.162414760965078,0.318601052280291
"YLR337C",321.000466405345,0.410555134931635,0.294099252018618,1.39678576254137,0.162478004949735,0.318608749392124
"YJR033C",92.9767745695608,0.241505876384866,0.172948032320616,1.39593086631613,0.162735314669024,0.318996852221652
"YDR049W",68.8340870921235,0.239059539982717,0.171186531546726,1.39564657579485,0.162820949512575,0.319041824348284
"YMR052W",12.6794008332409,0.335734990451675,0.240015722593498,1.39546036563139,0.162877058715881,0.319041824348284
"YER035W",103.740747674071,0.287410265766137,0.205987835380554,1.39480238544312,0.163075439375586,0.319313957304511
"YGL148W",689.341651751073,-0.276809414204312,0.198533986478086,-1.39436680655495,0.163206866364615,0.319454839374762
"YIL148W",1497.09551712617,-0.338324635780481,0.242823073067962,-1.39340537994291,0.163497239769792,0.319883882191476
"YMR061W",101.076806271128,-0.223169668770455,0.16014678419947,-1.39324678673024,0.163545176037571,0.319883882191476
"YHL034C",420.882899544032,0.312641618144246,0.224464471792625,1.39272756566105,0.163702189533985,0.320074430282866
"YOL049W",238.988979919092,0.292839889442665,0.210262729290614,1.39246948516501,0.163780275852301,0.320110575546838
"YGL210W",84.8965685966908,0.21774456617669,0.156454516373541,1.39165193106762,0.164027825025209,0.320446006786554
"YOR353C",114.807732106345,0.170680782137116,0.122652547544395,1.39150871335804,0.16407121926327,0.320446006786554
"YBR218C",440.351061050417,-0.292422028072051,0.210214886807306,-1.39127795591662,0.164141155789693,0.32046606606559
"YGL253W",3714.21215213084,-0.184274056146161,0.132532180795622,-1.39041765844898,0.164402087333026,0.32085887030003
"YNL157W",202.11040548196,0.137550816676453,0.098971070775527,1.3898059441694,0.164587812607316,0.321104664552813
"YOR154W",45.9279105849907,0.351109233499057,0.252125122012118,1.38960387001657,0.16464919994012,0.32110778971619
"YNL032W",85.2198000926071,0.288052838935715,0.20729763475594,1.38901019466162,0.164829650038348,0.321343030982202
"YCR037C",118.231820223652,-0.247557957831909,0.178356130980161,-1.38843017560273,0.165006093015268,0.321570292302252
"IRT1",35.7311594827035,-0.343393628723625,0.247535322559335,-1.38693052721643,0.165462948130319,0.322343668628199
"YER064C",251.792173448142,-0.274064369972615,0.197665293465135,-1.38648722899193,0.165598177265213,0.322490141439978
"YMR312W",46.3128236690715,-0.246140795221052,0.177869790468254,-1.38394138418513,0.166376403583535,0.323888243438625
"YLL058W",83.6273923443494,0.276392280872419,0.199864941817064,1.38341609160426,0.166537319285448,0.32401111886505
"YML023C",45.2169871371298,-0.22918387126299,0.16567381812203,-1.38334151290253,0.166560174862484,0.32401111886505
"YMR233W",34.5145055670416,-0.284367709120115,0.205603114639002,-1.38290042943163,0.166695398634718,0.324156765411684
"YNL155W",146.829512423635,0.178749335800999,0.129308118044436,1.38230846979741,0.166877006463582,0.324392472571806
"YDL239C",26.2476333535833,-0.284114703682365,0.205838454391782,-1.38066326774887,0.167382520410552,0.324916054659552
"YDR420W",137.284913061117,0.34357814201503,0.248695750261881,1.38064438037037,0.167388330523735,0.324916054659552
"YER148W",85.6577206667536,-0.302391754829021,0.219024527808048,-1.38075546094545,0.167354162222425,0.324916054659552
"YNL252C",64.5029719472546,-0.254721649131245,0.184468706805251,-1.38116540696698,0.167228108486724,0.324916054659552
"YOL139C",579.072924753313,-0.17233414354331,0.124958725509444,-1.37910363622605,0.167862802893754,0.325719333216168
"YFR032C-A",1171.61173478458,-0.333339020815595,0.241920440716956,-1.37801155069026,0.168199721930882,0.326255220834512
"YDR118W",25.7149127982936,-0.279880934615136,0.203279916977861,-1.37728479487438,0.168424214355918,0.326485525661869
"YPL084W",147.284976115169,0.181052009950302,0.131439480037729,1.37723362759194,0.168440028227339,0.326485525661869
"YIL112W",151.31778927608,0.167439842936676,0.121604683373021,1.37666090467921,0.168617111271679,0.326710860259807
"YBL041W",463.110507888859,0.220604168703177,0.16038625523587,1.37553299830122,0.168966262698259,0.32723529457562
"YDL053C",98.0882317327821,-0.176184157798179,0.128104819083843,-1.37539303510982,0.169009627099753,0.32723529457562
"YPR089W",151.382721145995,0.213928507577376,0.155545992018399,1.37484363945197,0.169179925519427,0.327446983771115
"YDR306C",81.098475042242,0.201372010091378,0.14653845195243,1.37392274936746,0.169465666226717,0.327763807455418
"YOL013C",136.443607059135,0.187593170931176,0.136534824579408,1.37394724080859,0.169458062156362,0.327763807455418
"YLR117C",76.528854467782,0.255766450661248,0.186093921997392,1.37342336440893,0.169620770416195,0.327945701189843
"YGR143W",188.026243981653,-0.173025426227702,0.126265982662967,-1.37022890675154,0.170615457455489,0.329750133858737
"YER058W",48.0685149908789,0.316518049321462,0.231070990136457,1.36920239578923,0.170936017344106,0.329804178595819
"YHR063W-A",11.2959794602921,-0.418260978969657,0.305756953262242,-1.36895977737987,0.171011848331662,0.329804178595819
"YJL172W",143.207625536935,0.240899490071865,0.175959786820137,1.36904337827368,0.170985715819937,0.329804178595819
"YMR097C",40.2965329316262,-0.265901168865429,0.194172818300742,-1.3691843866219,0.170941645288733,0.329804178595819
"YMR269W",41.6391394492108,-0.292330021444963,0.213274609622497,-1.36940304442618,0.170873323141391,0.329804178595819
"YOR381W",50.2870888632662,-0.215061225859895,0.157073338694493,-1.36902616044215,0.170991097637267,0.329804178595819
"YNL240C",80.2942567469763,-0.319215200762342,0.233261816256618,-1.36866922739738,0.171102693598759,0.329860935864657
"YBL033C",194.543542231686,0.292091676288427,0.213613446569745,1.36766655182151,0.171416474281315,0.330258048097766
"YPL119C",39.6285560882577,0.280365517956073,0.204917172506216,1.36761806585854,0.171431658554566,0.330258048097766
"YGL056C",159.242248333714,0.348037424608236,0.254559420264323,1.36664635797834,0.171736179132298,0.33072607318737
"YFR010W",240.396406589235,0.153952910537715,0.112716116634526,1.36581852182624,0.17199593140592,0.331107579778206
"YPR133W-A",73.9870857002851,0.395914942909417,0.289764740762057,1.36541965278785,0.172121190462539,0.331229994258079
"YBR182C",14.2396567028893,-0.324371631048331,0.237558002389908,-1.3650605505811,0.172234019691876,0.331297675105445
"YLR022C",42.9009224309169,-0.258557406381307,0.18932000712745,-1.36491513200138,0.172279725669244,0.331297675105445
"YOL060C",235.443777405424,0.346924561210256,0.254260903295888,1.36440031100444,0.172441610080521,0.33149029625715
"YDR320C-A",32.7190198939832,0.353725479134814,0.259325352184637,1.36416181224843,0.172516644079929,0.331515883847333
"YHR135C",386.730103236217,0.267605793979281,0.196253139218602,1.36342682701618,0.172748031072297,0.331770617056319
"YNR055C",169.256811063678,-0.266983130729528,0.195868271439677,-1.36334836692505,0.172772745467609,0.331770617056319
"YML065W",77.2440104061165,-0.217520093603025,0.15960640715309,-1.36240935418016,0.173068733296992,0.332101524308019
"YMR219W",159.2708956068,0.333198063012942,0.244425912319909,1.36253756084341,0.173028298723226,0.332101524308019
"YDL030W",52.2674273704963,0.291511698458874,0.213766432974694,1.36208376045129,0.173171452715953,0.33215834217964
"YER132C",66.9992190748156,-0.248235137534378,0.182183024056668,-1.36192350065397,0.173222028755385,0.33215834217964
"YLR394W",68.6647603036355,0.315288975859347,0.231506106313787,1.36124210049331,0.173437193619361,0.332452236591573
"YDR540C",10.4136002218835,-0.34697048004209,0.254850381072053,-1.3605437443357,0.17365791984126,0.332576308037725
"YKR102W",23.3755168297598,0.328394793072666,0.24078021398928,1.3606172148207,0.173634688488283,0.332576308037725
"YLR275W",24.4099206764672,0.365592664800524,0.267873065874306,1.36044962816419,0.173687682749175,0.332576308037725
"YDR016C",41.3940782331924,0.334184077547854,0.246040865638383,1.35881479222891,0.174205284746116,0.333448533275619
"YOR071C",66.4886228605522,0.21878748968553,0.160957731951121,1.35859624193154,0.174274566701616,0.33346230771442
"YDR407C",102.593178780463,0.286618473600748,0.210948376885686,1.35765679118346,0.174572613422246,0.333913641983934
"YNL067W",486.596881589675,-0.38742742589362,0.285567014143147,-1.35735788649274,0.174667522591911,0.333976242022483
"YKR046C",245.053466078445,0.166882838661847,0.123009746682474,1.35665923283557,0.174889511559503,0.334281696293982
"YKL096W-A",1941.9338685474,-0.270423779062852,0.199417009494683,-1.3560583109724,0.175080615795166,0.334527921535338
"YMR143W",1144.4628355364,-0.30637982466263,0.226061385703063,-1.35536761880494,0.175300461086654,0.334828867886351
"YIL130W",55.6628510889852,0.27106466850399,0.199787832916839,1.35497454751603,0.175425666452075,0.33494889957842
"YMR115W",76.9766108134303,0.210344495877546,0.155430456336751,1.3533446857571,0.175945539730066,0.335822137132262
"YER034W",47.0571576157038,0.29701732503915,0.21953174752184,1.35278658236354,0.176123820486574,0.336003229168738
"YPL268W",59.0154775088949,-0.25590619190344,0.189127647521934,-1.35265605412222,0.176165535903773,0.336003229168738
"YBR126C",1280.51216197771,-0.258269528071516,0.19101512913561,-1.35214898305226,0.176327660238843,0.336037752015421
"YKL215C",91.6510939887765,0.262606456920962,0.194149571500152,1.35201245243492,0.176371331769032,0.336037752015421
"YOL149W",68.6973816042622,-0.21995292596406,0.162627051777496,-1.35222455219039,0.176303491691428,0.336037752015421
"YGR232W",102.411816497889,0.348337690047026,0.257884245113574,1.35120260478555,0.176630540424525,0.336412281070966
"YOR167C",862.46464981475,-0.343859226549609,0.254821633779756,-1.3495807096864,0.177150515294,0.337283026460146
"YBR035C",169.389860751835,0.265687921632893,0.197009231115609,1.34878584279894,0.177405763282367,0.337361556324614
"YER104W",20.0075638205799,0.287613949727807,0.21322872247591,1.34820083601007,0.177593795810132,0.337361556324614
"YGL154C",41.721384280182,0.249371957197642,0.184890471995239,1.34836064303302,0.177542416007378,0.337361556324614
"YGR167W",368.07842791971,0.140914554702709,0.104491391132518,1.34857139401297,0.177474674060053,0.337361556324614
"YHR178W",38.0580416652424,-0.234516469857034,0.173992909294966,-1.34808376295885,0.177631443173712,0.337361556324614
"YIR014W",15.7700031397321,0.380794765863153,0.281070751758816,1.34811908179866,0.17762008501344,0.337361556324614
"YJR093C",117.105439333899,0.250221970707115,0.185468666188246,1.34876556806238,0.177412277494695,0.337361556324614
"YDR258C",170.122854498324,-0.261923855164137,0.194709677995196,-1.34563620287878,0.17841987020849,0.338619478052932
"YDR376W",70.3239031969345,0.210235247750056,0.156210351240032,1.34578057988161,0.17837329021781,0.338619478052932
"YFL005W",326.77495555071,0.175078043639448,0.130179457581169,1.34489136512939,0.178660319146347,0.338956048793723
"YGL201C",132.585076532441,0.225451466963925,0.167672259483351,1.34396472779957,0.178959793130415,0.339284521321377
"YML024W",1101.56987224872,-0.344733054820446,0.256502468121397,-1.34413680008076,0.178904153982739,0.339284521321377
"YOR123C",272.792230867676,0.264635270744616,0.196894303193922,1.34371334344646,0.17904110077389,0.339318896350234
"YDR031W",18.9257375184129,0.295235827697478,0.219367084899409,1.34334946728084,0.179158841378489,0.339422270562209
"YPR143W",38.8168212017116,-0.393552441314343,0.292623228762577,-1.34199617317919,0.179597236466888,0.340132848047833
"YMR238W",322.34905488037,0.278002445200879,0.207220585286979,1.3417791199959,0.179667624258159,0.34014621427232
"YNL068C",112.247584206886,0.327703546110463,0.244301121944824,1.34070390279283,0.180016606926277,0.340686820225874
"YEL038W",184.190349003798,0.259674182245123,0.194020420572733,1.33861618700683,0.180695653757223,0.341851481623827
"YGL184C",20.8769642392452,0.391263872077323,0.294053109232088,1.33822773582134,0.180822210338649,0.341970454834114
"YDR180W",38.2701508063756,-0.293582426324954,0.219426820397018,-1.33762922053145,0.181017334176809,0.342218972848871
"YBR039W",240.829377783329,0.1687278717129,0.12624118930036,1.33662155355681,0.181346199903565,0.342573261429304
"YGL067W",69.2508965419669,-0.239713621778266,0.179391816893619,-1.3364552618336,0.181400514054818,0.342573261429304
"YGR004W",42.775677891307,-0.227186238082844,0.170007240104248,-1.33666559643266,0.181331816655009,0.342573261429304
"YLR384C",266.667009323667,-0.179635428765253,0.134415970980712,-1.33627359488604,0.181459863855217,0.342573261429304
"YJR072C",270.045925614806,-0.201319085601903,0.150705520202427,-1.33599261160434,0.18155168824874,0.342626183269144
"YOL120C",2203.75115090792,-0.342362485626464,0.256425629733757,-1.33527671264317,0.181785797462061,0.342827078008684
"YPL206C",138.087324126844,0.283430080691033,0.21231800220037,1.33534363072467,0.181763904806299,0.342827078008684
"YDR209C",35.4726372078044,-0.374576546662663,0.280976913916362,-1.33467325999282,0.18198330902541,0.343079098903291
"YER065C",132.841219295875,0.238694823485642,0.178867154824689,1.33433705554203,0.182093418610985,0.343166228547229
"YML064C",58.5616861764155,0.288584913708862,0.216385979857522,1.33377431057029,0.182277832553694,0.343393279076076
"YOR274W",56.8072243290564,-0.210181596720435,0.157598239876376,-1.33348080744641,0.182374069726991,0.343454112378565
"YDR166C",65.1412005455952,-0.228186667319115,0.171085288863316,-1.33314535435626,0.182484108071455,0.343540884841144
"YEL017C-A",289.09007327745,-0.276719597243721,0.207752794328732,-1.33214629433143,0.182812120367234,0.343917302449181
"YGR240C",1539.54807539961,-0.232403766839338,0.17445800996444,-1.33217729986337,0.182801934035872,0.343917302449181
"YOR179C",38.7865534058955,-0.244197756674947,0.183461860037124,-1.33170597190652,0.182956826104755,0.344069017159887
"YBR291C",41.7577056011369,-0.262476733881601,0.197181789504458,-1.33132893815257,0.183080800369524,0.344181651657233
"YBR188C",34.3065321108744,0.224303394878994,0.168396399250658,1.33109005150301,0.183159382038999,0.344208901655515
"YMR247C",74.2408886011929,-0.243896197096869,0.18320379062045,-1.33084579546159,0.183239755808083,0.344239499281292
"YDL231C",136.184993116852,0.224031101920214,0.168363790453576,1.33027054927714,0.183429146915626,0.344316034380021
"YDR275W",64.9596305705122,-0.227204129746684,0.170785710384502,-1.33035931900135,0.183399911367109,0.344316034380021
"YOL059W",521.885150423772,0.280344140620305,0.210755979874348,1.33013797607829,0.183472815191886,0.344316034380021
"YPL016W",64.9276296636247,0.322097721704571,0.241856607325198,1.32975998131635,0.183597365142749,0.344429426539192
"YLL029W",288.534882060654,0.133275290159914,0.100438437876774,1.32687925317512,0.1845486283345,0.346093115497415
"YCL045C",306.848469674197,0.121874410179382,0.0918805417758309,1.32641055429789,0.184703744736145,0.346142293432601
"YHR177W",23.9819374386745,0.340095879164193,0.255915321503634,1.3265414341639,0.184660420196266,0.346142293432601
"YNR023W",53.1262666471508,0.254152986989514,0.191485754174322,1.32605559575715,0.184821282839242,0.346241754492351
"YER095W",179.157943060285,0.291739433193175,0.22016470905834,1.3254525599062,0.185021094129149,0.346368444777943
"YHR017W",84.3638935473324,0.201319246013567,0.151885060006332,1.32526770892218,0.185082375072183,0.346368444777943
"YJR051W",138.943987119311,0.238595000713457,0.180012988141886,1.32560332773316,0.184971123392511,0.346368444777943
"YBR295W",74.8772666434498,-0.25738898565568,0.194383496997022,-1.32466273024517,0.185283039792088,0.346623199833961
"YJL068C",132.077808700344,0.223420731472389,0.168758456197728,1.32422772558581,0.185427425437731,0.346772528560603
"YLR285C-A",25.2146461770885,-0.371062497257297,0.280279672874859,-1.3229815426506,0.18584151595424,0.347425959690296
"YGL086W",97.0998164879144,-0.205989586010407,0.15588449562677,-1.32115931821756,0.186448247778973,0.348438948789444
"YDR475C",160.625507817587,0.171407995442862,0.129893511744978,1.3194910825351,0.18700498941632,0.349357842836541
"YIR004W",177.145633585901,0.187443554716607,0.142145011054148,1.31835934307313,0.187383384143793,0.349943030680221
"YKL071W",13.4729732777936,-0.365077151302464,0.276058609864484,-1.31689789171267,0.187872853290429,0.350735173800102
"YNL020C",104.185305461362,-0.152018414243403,0.115488380648201,-1.31640440057752,0.188038346212998,0.350922153408621
"YJL203W",25.3704279813445,0.37400604476123,0.283394818951477,1.31594309454439,0.188193143069788,0.3510890487766
"YGR262C",126.948886670905,0.286857621124148,0.217976044436454,1.31553693946609,0.188329511164614,0.351221459883729
"YCR077C",304.107210762515,-0.168148347675436,0.12791015456453,-1.31451652584923,0.188672440482627,0.351738867696005
"YDR040C",17.6388547916257,-0.339402899810194,0.259704705161819,-1.3121731015724,0.189461735384949,0.353037629449652
"YJR007W",251.909033271795,-0.22221140337333,0.169333061016644,-1.31205802892386,0.189500555893381,0.353037629449652
"YKL039W",315.307015009265,0.15259731451465,0.11637538110812,1.31119807635324,0.189790852108347,0.353455848361279
"YDR389W",91.5463191153894,-0.183063690061183,0.139646166907747,-1.31062420446241,0.189984757590104,0.353694326868786
"YJL167W",508.290882357326,-0.205006605726352,0.15655326711706,-1.30959287521244,0.19033359999879,0.35409829081867
"YOR151C",516.2518986678,-0.219718348277377,0.167771751294833,-1.30967698380316,0.190305132998441,0.35409829081867
"YAL034C",103.918803097674,0.329210620949743,0.25145732562971,1.30899363878374,0.190536505521947,0.354107810089404
"YDR001C",317.021967605775,-0.233560390414379,0.178432797158055,-1.30913750630512,0.19048777647996,0.354107810089404
"YHR187W",46.0932563570884,-0.237684076283959,0.181441664791286,-1.30927497108285,0.190441224670115,0.354107810089404
"YPL122C",43.0461733912953,-0.220046841527993,0.168276168540195,-1.30754983219593,0.191026042308652,0.354894802227524
"YOR106W",76.2666274942164,0.273182984169448,0.208907645822839,1.30662607923782,0.191339735021456,0.355354673859004
"YBR255W",91.3431671510056,0.208873502208194,0.159866517177245,1.30630580889737,0.191448582483566,0.355415250008453
"YOL164W",81.1968845555944,0.214800357637024,0.164499307913852,1.30614074787841,0.191504698105467,0.355415250008453
"YDL175C",50.9482832358264,-0.241445324174933,0.185064032219464,-1.3051165393277,0.19185316772391,0.35569325641875
"YEL025C",96.6983429439142,0.161138694648379,0.123403089931507,1.30541043598231,0.191753126688652,0.35569325641875
"YNL280C",189.954754921214,-0.303874556227309,0.232879240519591,-1.30512148441997,0.191851484120378,0.35569325641875
"YML052W",218.689499975382,0.192641428484258,0.14765744258668,1.30464079981751,0.192015188559183,0.35587079977618
"YER015W",41.2073942012299,-0.293806252170127,0.225188929874559,-1.30441948176955,0.192090596305247,0.355887751899096
"YFR036W",20.6698851103861,0.311760580876922,0.239163954214022,1.30337499634757,0.192446768496827,0.356424687447054
"YCL001W",128.254111795377,0.200843568530338,0.154156591527641,1.30283247931906,0.19263195963185,0.356644693272204
"YIL038C",129.709143224975,-0.226115122874361,0.173560633209576,-1.30243753005025,0.192766860068147,0.356771469822886
"YKL128C",154.210838540186,0.148552771557174,0.114137679958137,1.3015470749568,0.193071262119639,0.357211763294723
"YLR043C",368.816145015925,0.191769328891198,0.14738618288872,1.30121431512451,0.193185106655738,0.357214431884614
"YOR238W",43.5856731745817,0.224896940709048,0.172775950868324,1.30115407776326,0.193205720466357,0.357214431884614
"YDL102W",59.7579476284769,-0.221106431414428,0.169897874481341,-1.30090758042701,0.193290091085545,0.357247446393827
"YKL222C",33.1875256221053,0.268583185562773,0.206237797843916,1.29992830039185,0.193625544438305,0.357621320212565
"YLR352W",71.5856709921629,0.190490617985117,0.146486925178696,1.2999562358544,0.193615969197939,0.357621320212565
"YKL205W",78.7968351162794,-0.314179792065925,0.241714614699701,-1.29863584455092,0.194068930642711,0.35830502501575
"YPL110C",115.91941926901,-0.190954643310379,0.14707822773333,-1.29846049709539,0.194129142207379,0.35830502501575
"YGR125W",127.322666890896,0.195190327168258,0.150316054944083,1.29810124285788,0.194252547297882,0.358409629521444
"YBL026W",66.7752804946169,-0.287106912461998,0.221410435812228,-1.29741670171849,0.194487848929508,0.3587205482831
"YJL025W",16.7055263166449,0.309724504240799,0.238305153555855,1.29720997925967,0.194558948038986,0.358728496367111
"YBR139W",236.498994384347,0.206524050892757,0.159330815770037,1.29632783980587,0.194862561086768,0.359165001920737
"YMR063W",13.3721827715888,-0.334198057244808,0.257450952634389,-1.29580234644282,0.195043589473697,0.359375341016544
"YLR396C",48.440138265474,-0.29075198390423,0.224643725981538,-1.29479396472491,0.195391314525159,0.359892575553714
"YOR089C",269.272255952883,0.299986370630007,0.231707044444745,1.29445186865501,0.195509384328842,0.359986596924994
"YGL172W",164.53307797111,0.147262223981679,0.113809014205054,1.2938052237919,0.195732707865718,0.360274288535562
"YKL017C",61.6468923460624,0.184533327331121,0.142661631354583,1.29353087987212,0.195827511015693,0.360325303756523
"YOR380W",53.8621527264097,0.256591912570557,0.198374716981055,1.29329148708351,0.195910263834192,0.360354118853919
"YHR127W",57.2328758227102,0.318335316076223,0.24617697037541,1.29238922590602,0.196222385981302,0.360804667958087
"YBR038W",81.8411804386387,-0.239260383758079,0.185118057386526,-1.29197527403611,0.196365707555961,0.360821147890204
"YDL065C",108.788678993459,0.28712568977864,0.222097520085221,1.2921360007635,0.196310050417681,0.360821147890204
"YPL063W",276.416658839201,0.22479679172058,0.174113917780092,1.29084482849895,0.196757489663572,0.361417399789003
"YJL157C",92.0433767335992,-0.185472197605168,0.143858883426645,-1.28889697531439,0.19743390574691,0.362535900091163
"YOL004W",355.508080767127,0.138010571272064,0.107108232072219,1.28842492420073,0.197598087227202,0.362713372008647
"YOL067C",39.9852698223844,-0.299994759277449,0.232940953441388,-1.28769299809047,0.1978528519045,0.363056941434599
"YBR041W",144.832256718483,-0.160794406841852,0.125122189464363,-1.28518700539087,0.198726943440097,0.364287513043263
"YHR158C",149.651990024551,0.147618401096375,0.114807600306343,1.2855257369728,0.198608628961768,0.364287513043263
"YJL005W",242.032318968138,-0.198347251505831,0.154349909622758,-1.2852146016573,0.198717302500387,0.364287513043263
"YHL010C",62.8414376588074,0.291895475501904,0.227011274486433,1.28498313098323,0.198798178918584,0.364293762869914
"YIL082W-A",30.2549493534423,0.310359081423073,0.241269082364594,1.28453076434884,0.198956306381433,0.364459181983177
"YOL068C",132.816039989175,-0.15798893715401,0.123029395169509,-1.2840785283552,0.199114480049437,0.364624572910169
"YDR189W",141.708687234426,0.189804241956163,0.147863850933239,1.28321253898334,0.199417624181366,0.364930855018098
"YNR064C",13.7745095763526,0.336979681433415,0.26235431297548,1.28321440194637,0.199416971679651,0.364930855018098
"YHR021C",884.528718597973,-0.32186352584857,0.251120475026592,-1.28186107252969,0.199891385624849,0.365673239847092
"YER134C",29.8498137412484,-0.274921679032539,0.215082736631418,-1.27979230088996,0.200618192328682,0.36687787231779
"YGL254W",33.0751264376482,0.306478189384217,0.239307626054329,1.27927484322956,0.200800288193759,0.367065076531053
"YMR062C",125.0318903891,0.309813048264502,0.242386496760733,1.27911306225327,0.200857244446986,0.367065076531053
"YDL076C",91.8975923254621,0.179489382534148,0.140424676081712,1.27790251623143,0.20128380076155,0.367719487717784
"YPR097W",96.0606872257699,-0.199036810971823,0.155866990523343,-1.27662935429981,0.201733133352447,0.36841504904318
"YDL202W",60.0641141877462,-0.204787981259247,0.160504584432016,-1.27595424161287,0.201971695034796,0.368600059134178
"YIL170W",11.4031104972968,0.325579409686526,0.253917081720967,1.27603482532994,0.201943208707436,0.368600059134178
"YGL159W",39.5763055614662,-0.264992001940316,0.207705312543492,-1.27565628848049,0.202077046843936,0.368667057947955
"YBR078W",1475.95947668533,-0.221407095480117,0.173620115520464,-1.27527362086479,0.20221241118883,0.368788747197014
"YMR091C",142.592169766503,0.168169329692462,0.131905016446013,1.27475025166025,0.20239765411659,0.369001289972915
"YJR003C",45.2109173009837,-0.30458986279494,0.238656128980348,-1.27441043007592,0.202517997821414,0.36909540763448
"YBL008W",51.771750312613,0.245645408493111,0.192632155411913,1.27411784701305,0.202621654337605,0.369159058835575
"YAR042W",227.390726284415,0.259458933723708,0.203708884153519,1.27358099725131,0.20281195033896,0.369257168317301
"YEL011W",731.644228111612,-0.317201468951298,0.249094972637733,-1.27357802468078,0.202813004382059,0.369257168317301
"YPL213W",37.4311806236966,0.265284459444023,0.208200375285698,1.27331827047078,0.202905125977554,0.369299705735494
"YIL070C",63.258518599141,-0.279806116119376,0.219957262640749,-1.27156153982571,0.203528949083056,0.370058898282023
"YKL198C",173.461299734609,-0.189697966433145,0.149182629052946,-1.27164456860742,0.203499433782284,0.370058898282023
"YMR318C",533.837468192985,-0.288719220919542,0.227049644547396,-1.27173765221409,0.2034663478696,0.370058898282023
"YPL009C",214.690468258996,0.165786425503155,0.130445656646143,1.27065939854405,0.203849845664535,0.370516927602104
"YLR287C-A",664.972439260424,-0.317065512562359,0.249627630539524,-1.27028356232859,0.203983641257677,0.370634687819683
"YML029W",110.087781285962,0.176863514123473,0.13932106845461,1.26951538735789,0.204257306018854,0.371006422261504
"YGR106C",337.139735227612,-0.260229553707946,0.205092668018606,-1.26896276003314,0.204454346382804,0.371238774314415
"YLL049W",28.3828144222077,-0.31438125924616,0.248121842312774,-1.26723318440332,0.2050719234379,0.372108547562487
"YOR372C",61.8509108688883,0.302502892290283,0.238474707494801,1.26732348343355,0.205039646977617,0.372108547562487
"YPL230W",89.2386162580241,-0.333703695429038,0.263520407875645,-1.2660534764035,0.205493937336357,0.372748374682058
"YJL046W",30.5316358349203,-0.236099054056984,0.186647430175548,-1.26469411558429,0.205981000178579,0.373505723146234
"YKL060C",20485.562711441,-0.266599406412029,0.21090253998785,-1.2641030811965,0.206193030851915,0.373637911169242
"YMR125W",141.738085192545,-0.177501408065907,0.140384055788401,-1.26427276466892,0.206132141527011,0.373637911169242
"YHR041C",95.1863838382858,0.257364322288067,0.203623091847744,1.26389857427082,0.206266433605042,0.373644861683872
"YBR097W",45.3428446049206,-0.208660289028811,0.165177753363256,-1.26339901410369,0.206445818287079,0.37371772498143
"YDL015C",222.214651717711,-0.206842142382549,0.163692795572409,-1.26358791770043,0.206377972479569,0.37371772498143
"YDR284C",147.846516089023,0.23082781753074,0.182785484205081,1.26296445255522,0.206601955032202,0.373824903821476
"YDR451C",45.2863587202439,-0.230761045523984,0.182829551186159,-1.26284684370996,0.206644226297889,0.373824903821476
"YML083C",18.6967184128015,0.283963439620743,0.224530684270889,1.26257111176227,0.206743355181469,0.373878303259147
"YKL093W",45.1112003339226,0.22321750321772,0.176807636904045,1.26185572245711,0.207000707023071,0.374146100948544
"YOL003C",55.8515541205074,0.188618559314252,0.149469299198843,1.26177222295315,0.207030760010998,0.374146100948544
"YGR268C",112.987658274013,0.263107853452437,0.208633300924194,1.26141568253973,0.207159121009451,0.37421139175766
"YNL012W",14.3617389138636,-0.330026630604609,0.260920015217834,-1.2612848618441,0.20720623330614,0.37421139175766
"YMR035W",43.0728164275688,0.334600736620234,0.265664426695648,1.26086057250644,0.207359085603048,0.3743615626131
"YDR533C",32.9190704110956,-0.223170520658114,0.177167381914796,-1.26004936900013,0.207651553308555,0.37463772012773
"YLR109W",4386.41101393386,0.283096151023047,0.224667286972967,1.26010326800486,0.207632111525886,0.37463772012773
"YOR047C",129.006991792947,0.34294144335719,0.272012811765182,1.25979432483619,0.207743567593934,0.374677871573882
"YNR062C",12.2637444990259,-0.308842884535939,0.245149006198581,-1.25950118340271,0.207849363055051,0.374742842889788
"YHR035W",17.0920243191884,-0.275996114067627,0.219317471491641,-1.25922687096413,0.207948398470329,0.374795586638972
"YBR186W",11.4801966968829,-0.312261935309516,0.247944075411456,-1.2572055103446,0.208679228483866,0.375734541128678
"YMR287C",44.7984224522177,-0.213488507601299,0.16978468208712,-1.25721352600113,0.208676326723843,0.375734541128678
"YPR094W",25.524828487993,0.248678999423159,0.197749951400697,1.25725725558439,0.208660496625774,0.375734541128678
"YHR210C",47.834858035082,0.243908439914171,0.194085641375051,1.25645591992613,0.208950718098361,0.37609728783723
"YOR211C",82.4099866661708,-0.251867689501225,0.200520199554306,-1.25563882137337,0.209246949490744,0.376504310122207
"YHR040W",60.5494859988846,-0.268665267966766,0.213926098834142,-1.25534787105714,0.209352504200693,0.376568084414575
"YER170W",32.9781718260924,0.232751150580752,0.185532231477213,1.25441727795232,0.20969037570559,0.376801588603445
"YKL135C",122.362785280312,0.199716234071816,0.159178943636986,1.25441064592686,0.209692785018748,0.376801588603445
"YNL326C",34.9574749200085,0.233439389128677,0.186004784604759,1.25466279697592,0.209601196514431,0.376801588603445
"YDR499W",48.4212922883952,0.227417798750763,0.181628700776857,1.25129841291743,0.210825624299677,0.378674018354351
"YLR333C",491.714038129859,-0.345363655682314,0.276104903902913,-1.25116081181706,0.21087581249262,0.378674018354351
"YHR098C",272.027268543612,-0.128355775377733,0.102646779297145,-1.25044120039416,0.211138422076418,0.379018871982768
"YER158C",70.1155086813202,0.30106909255474,0.240826659554538,1.24907607013909,0.211637252145983,0.379787397686628
"YIR036C",132.060111240075,0.33332847534272,0.267095503227487,1.24871799879815,0.211768235335664,0.37989552170603
"YBR235W",122.516581218999,-0.148308444157933,0.118863871419247,-1.24789982396338,0.212067745136798,0.380052005048296
"YGL030W",2900.66646636114,-0.36485226804882,0.292463481644838,-1.24816672398185,0.211970007252229,0.380052005048296
"YIL095W",71.3875320377629,0.196102319982304,0.157075200113375,1.24807825264421,0.212002401549778,0.380052005048296
"YKR030W",71.5274827701893,0.248056955899851,0.198789270676248,1.24755632444405,0.212193581415778,0.380150675711856
"YGL100W",133.073411018056,0.19989889465315,0.160258185700979,1.24732360784242,0.212278864559672,0.380176652734244
"YFL001W",41.0916995627657,-0.218416902631957,0.175086799330131,-1.24682282224664,0.212462470330324,0.380251892084029
"YNL052W",173.553769970594,0.250070675715804,0.200603071394509,1.24695531727606,0.212413881795091,0.380251892084029
"YKL006C-A",29.7622435469153,0.254390908937485,0.204160482677002,1.24618906200747,0.212694993723552,0.380514540060605
"YLR241W",172.265602841233,0.138884965751091,0.111470748414464,1.24603671928485,0.212750914876559,0.380514540060605
"YJR136C",30.904144128587,0.229192995851062,0.183914023499993,1.24540651674767,0.212982359060183,0.380801681262398
"YFR043C",25.88516401267,0.266559386461402,0.213977936752603,1.24446801461012,0.213327364230533,0.381164761570922
"YHR162W",440.100990770822,0.211050159776967,0.169587791675551,1.24452822055738,0.21330521966752,0.381164761570922
"YIL002C",102.354398561896,0.258517975172697,0.207664705932228,1.24414588404744,0.21344587640521,0.381249684792944
"YJL059W",35.640131694357,0.253811922457635,0.203967652699169,1.24394229587858,0.213520801207367,0.381256723166479
"YDR330W",156.698121415207,0.23818871844614,0.191521908614583,1.24349379774982,0.213685925069394,0.3814247602352
"YER045C",107.637894970253,0.312503486753192,0.251269903990843,1.24317451625372,0.213803531284459,0.381507895856755
"YER103W",71.6926314857871,-0.176029338694135,0.141695894355903,-1.24260561367654,0.214013200264127,0.381755197149991
"YBR081C",108.884414067474,0.179238240689928,0.144230588738558,1.24215522903677,0.214179294625519,0.381924631950087
"YOR295W",20.6613027450691,0.294833516736093,0.236824461235371,1.24168170145818,0.214354023951927,0.38210934704474
"YGL075C",23.3996579918597,0.251668397161828,0.202609702317936,1.24012345616479,0.21492973434944,0.383008494754758
"YDR032C",460.245082349323,0.288743100643253,0.233027524293149,1.23925028472317,0.21525282366855,0.383457020206893
"YLR323C",30.1272472821084,0.22477120917463,0.181279134891452,1.23867785921387,0.215464821337913,0.383580230495834
"YPR055W",67.2553208450567,-0.190471866828672,0.153722777354,-1.23882259431945,0.215411204519282,0.383580230495834
"YKL006W",957.50620720558,-0.352842427219321,0.285024945693122,-1.23838359212227,0.215573861611872,0.383647187116422
"YKR044W",90.2257347097369,0.184052842841737,0.148772647287745,1.23664223769213,0.216219931771908,0.384669510946312
"YDR325W",47.842142411723,-0.208458584012929,0.168656952220174,-1.2358898875999,0.216499496411572,0.385039336167733
"YCR031C",2017.4561605232,-0.314973955520279,0.254982014563417,-1.23539576173427,0.216683249387062,0.3852385741337
"YDR266C",87.2160276860273,-0.213777631745314,0.173101307158262,-1.23444272552017,0.217037976501131,0.38574155254387
"YML107C",32.1093027935626,-0.24453361853782,0.198609780271349,-1.23150310665937,0.218134755457313,0.387562610506527
"YDL084W",621.024091062365,-0.29017744853502,0.235769372112506,-1.23084428133274,0.218381110255382,0.38774378286997
"YPR158W",28.6982035558471,0.294164744867642,0.238245386026986,1.23097819668122,0.218331019058529,0.38774378286997
"YBR228W",44.8922029514137,0.195829116312997,0.159092355962421,1.23035604016541,0.218563807385259,0.387939923815672
"YCR027C",36.5969602828631,0.235367407089632,0.191195446696689,1.22967614989512,0.218818401425658,0.388238569956564
"YGL141W",82.4372180767577,0.297007931273267,0.241430964175018,1.22952072602928,0.218876631880185,0.388238569956564
"YCR002C",165.057109652607,0.173979801572426,0.141564115494533,1.22902792458773,0.219061336390489,0.388437912761082
"YJL085W",49.5175372476312,0.207434703527485,0.168734423514435,1.22871976083547,0.219176894612956,0.38851455477432
"YPR128C",57.7110337631893,-0.229193793790558,0.186682050230208,-1.22802454103157,0.219437755599595,0.388848625973416
"YNL152W",71.7487470237344,0.224672943189534,0.183256377996678,1.2256523441,0.220329530960945,0.390300102503706
"YNR028W",85.947348973316,-0.164641370961486,0.134373144737323,-1.22516679660663,0.220512381931278,0.390495220360335
"YKR025W",110.181050742966,-0.181239822410002,0.147972234957615,-1.22496498814259,0.220588412423834,0.39050110848003
"YOR355W",110.655694213153,-0.19283298341516,0.15746176238853,-1.22450969694015,0.220760010519961,0.390676117463826
"YMR112C",33.6055681416871,0.223406467589942,0.182476171682767,1.22411076630833,0.220910445118076,0.390813570727663
"YBL071W-A",20.1558651387721,0.356058290145063,0.291039033824056,1.22232280387866,0.221585578993261,0.391041844646882
"YDR212W",307.997320967672,-0.218803460956806,0.179047831494719,-1.22211722776481,0.221663299109006,0.391041844646882
"YDR497C",882.363303462301,-0.21601331102731,0.176670819079249,-1.22275377235845,0.221422710404307,0.391041844646882
"YGR287C",43.9266431060633,0.297642103566889,0.243471085515854,1.22327765322678,0.221224844560578,0.391041844646882
"YJL004C",52.1476419236038,0.195286766051048,0.159712026305504,1.22257305031513,0.221490997165729,0.391041844646882
"YJR019C",91.7425116593228,0.248068944444144,0.203041313028295,1.22195091386428,0.221726190040666,0.391041844646882
"YJR073C",232.935587851076,-0.307364628075192,0.251646852921644,-1.22184158236336,0.221767540270788,0.391041844646882
"YMR060C",48.107207505954,-0.276067689387873,0.225892958583002,-1.22300333486472,0.22132843672066,0.391041844646882
"YNL306W",165.697298662776,0.190975912553901,0.156264609578362,1.22195581257633,0.221724337429731,0.391041844646882
"YPR199C",64.4343632649432,0.275686032765333,0.225249527048831,1.22282779210332,0.221394746015311,0.391041844646882
"YIL106W",118.106720903451,0.179031022422573,0.14677062946709,1.21974033311691,0.222563326650326,0.392316254492584
"YDR204W",103.053565429357,0.23079183041002,0.189603630305373,1.21758040575467,0.223383464196283,0.393632738254014
"YJL192C",157.459875742896,0.152469723024105,0.125259780762594,1.21727548576989,0.223499418090085,0.393707895887781
"YBL093C",144.912662548228,-0.1767960298703,0.145314121749738,-1.21661287701088,0.223751541022291,0.394022795682205
"YOR244W",57.1689010248189,0.195756961100124,0.160847624903365,1.21636635776034,0.223845393601029,0.394058868905647
"YJL185C",28.523706845133,0.237086097563216,0.195060363130392,1.21528758702566,0.224256424552912,0.394524426287887
"YMR301C",111.71409197279,0.15592281635895,0.128289323724878,1.21528669963833,0.224256762885295,0.394524426287887
"YHL003C",155.592584438596,-0.177825186990425,0.146387293514455,-1.21478465265633,0.224448235828553,0.394731982526246
"YML019W",76.2703399179272,-0.188994154748583,0.15576005949952,-1.21355122506863,0.224919142071686,0.395430674981022
"YDR200C",63.6694926937817,0.254034953187142,0.209806413379383,1.20975930088227,0.226371267478208,0.39785342854236
"YMR193W",38.9102448552047,0.2243883130519,0.185379829538558,1.20956266081473,0.226446753220384,0.397855908258647
"YHR010W",1583.89094760167,-0.321827732504415,0.266667091285851,-1.2070189752076,0.227424836437642,0.399443687543026
"YDL180W",94.8918682398993,0.182624513120947,0.151394081358663,1.20655679900387,0.227602872541592,0.39962570396237
"YPL096C-A",29.7096393953028,0.224134321427981,0.185862988249141,1.20595789721881,0.227833724787798,0.399900305828518
"YCR007C",23.9227477885113,0.290475340283673,0.241113480153414,1.20508828899713,0.228169220269158,0.400358341086457
"YCR004C",382.687164811679,0.250500570319314,0.208134105979877,1.20363912751847,0.228729089417891,0.400686216328602
"YDR411C",120.16537236682,0.174033503209979,0.144574970675912,1.20381462666109,0.228661235060295,0.400686216328602
"YIL083C",89.8407889380342,-0.231314015431007,0.19215752676757,-1.20413222834686,0.228538475127861,0.400686216328602
"YJL066C",42.636404745987,0.236166472013745,0.19619887075785,1.20402427734312,0.22858019526358,0.400686216328602
"YKR029C",57.3067912689348,0.216939324210357,0.180036078546365,1.20390372282635,0.228626792724961,0.400686216328602
"YJR153W",13.7090301573515,-0.285003105140668,0.236882910473513,-1.20233713539682,0.22923293469371,0.40143791726114
"YLR064W",74.6522034039775,-0.173740139377742,0.144648576869666,-1.20121159699772,0.229669131980792,0.402070700087626
"YFR025C",106.897542231065,0.196833928347872,0.163966880237915,1.20082914446924,0.229817484039144,0.402199317945338
"YLL019C",123.982561693675,0.23870249528315,0.199231470290806,1.19809079481507,0.230881672072065,0.403822542950547
"YNL241C",699.839456148424,0.216062127572516,0.180385660826813,1.19786248863282,0.230970555193461,0.403822542950547
"YPL228W",91.2691413021126,0.158217194313725,0.132056451934997,1.1979094109558,0.230952285623995,0.403822542950547
"YPR107C",48.7379923282849,0.247280336860907,0.206349105827861,1.19757173445212,0.231083785480071,0.403889037362011
"YKL003C",59.8184221034107,-0.186708044254552,0.156058704655828,-1.19681037294652,0.231380474266883,0.404276033600334
"YLR248W",317.366004546625,0.174074774405476,0.145497828565875,1.19645357626671,0.231519604538977,0.404346639886567
"YLR284C",51.1723249658515,0.23754255389354,0.198452620962211,1.19632065558399,0.231571451180614,0.404346639886567
"YDR374W-A",19.7631730112887,0.310206773122187,0.259471693874204,1.19481297327945,0.232160110456403,0.405242753741092
"YLR032W",55.2358280625302,0.217929502610808,0.182403222829171,1.19419233770554,0.232402739675178,0.405534475242165
"YFL051C",13.9137224078809,-0.320637676784853,0.269203684328803,-1.19370580310835,0.23259306968775,0.405734776645958
"YGR191W",185.759426739443,-0.184882010411555,0.154941591889349,-1.19332400489722,0.23274250475457,0.405863634102855
"YGR075C",30.8817091085757,-0.251892099952502,0.211510947070566,-1.19248031054316,0.233072966587637,0.406152973295251
"YHL016C",24.4225184129647,0.251344385585152,0.21091959686049,1.19232130152633,0.233135285173945,0.406152973295251
"YLR460C",12.3402876981548,-0.290008204884957,0.243067300033818,-1.19259742402085,0.233027075196976,0.406152973295251
"YOR358W",86.000291678157,0.231559390904685,0.194581213788406,1.19073159475933,0.233758970470169,0.407107467702749
"YCR090C",76.5656493976196,-0.154702225632085,0.129978648709862,-1.19032751141349,0.233917691717167,0.407161597772063
"YDL081C",1436.97678114214,-0.171410308427223,0.144034519399789,-1.19004383088475,0.23402916516082,0.407161597772063
"YKR028W",228.034322917658,-0.13914336092304,0.116905880325028,-1.19016527398599,0.233981438981725,0.407161597772063
"YOL086C",19758.4938552404,-0.342106108967585,0.287612297316562,-1.18988070980656,0.234093281310767,0.407161597772063
"YGR250C",209.990726482809,-0.135046886702773,0.113531267479759,-1.18948268816142,0.23424977939463,0.407301898714327
"YNL196C",18.3651872979924,0.280462794631198,0.236133795060987,1.18897248775159,0.234450493419445,0.407518964451728
"YBR253W",65.1767598538575,0.212705150554605,0.17899361016264,1.18854285576213,0.234619606101968,0.407570636457835
"YHR198C",47.6114542061554,0.216928729948079,0.182506814882627,1.18851140790005,0.234631988070681,0.407570636457835
"YBR259W",28.9067539806086,0.231523689003135,0.194555190167469,1.18805145453614,0.234813138424886,0.407753432421617
"YGR277C",82.1398752985424,-0.173027393920074,0.145755056248717,-1.1872593317112,0.235125344183585,0.408031736222951
"YPR132W",1358.75902821538,-0.329975687341326,0.277985467701325,-1.18729301032784,0.235112064180066,0.408031736222951
"YKL050C",16.9032361956716,-0.291963285377391,0.24517570381367,-1.18690113521353,0.235266619505084,0.408145030155623
"YKR008W",98.6107428919274,0.2740361146597,0.230789379197909,1.18670663328443,0.235343357656792,0.408146326759647
"YBL011W",236.427860171967,0.155982878214219,0.131682179010187,1.18443185279165,0.236242157494569,0.409572830181836
"YPL224C",170.21870524613,0.198589345201248,0.167726520027006,1.18412942645181,0.236361833253322,0.409648082092156
"YKR001C",328.736458538323,0.131437470803545,0.111039798977601,1.18365339965576,0.236550292796547,0.409813157317548
"YPR146C",25.4630412035046,0.277725716849646,0.234926854818429,1.18350344558638,0.236609681780249,0.409813157317548
"YOL031C",92.1812265609831,0.2297250843162,0.194068881635547,1.18316192326059,0.236744980298133,0.409915309213822
"YPR086W",160.81704677189,-0.165869577752229,0.140228974406527,-1.18270934177812,0.236924360594723,0.410093696665889
"YLR047C",27.775373949199,-0.237398977988044,0.200692747985291,-1.18213671069633,0.237151460088344,0.410354539991783
"YNL262W",82.6046618704233,-0.173607167173056,0.147061044642798,-1.18045686025804,0.237818558574064,0.411376321449694
"YKL065C",314.884776206499,0.229975236852554,0.195044352417653,1.17916545982415,0.238332296880364,0.412132249370392
"YDL005C",152.222081822063,0.222280757183565,0.188754504837958,1.17710951592032,0.239151797445341,0.413416254933674
"YFR018C",189.613687638742,0.224984746034365,0.191488943717826,1.17519397012245,0.2399171220913,0.414472455050618
"YOL129W",263.599156714552,0.227132082267553,0.19327086554895,1.17535513055421,0.239852666669314,0.414472455050618
"YPL247C",179.758991534589,-0.21065902706961,0.179313712586491,-1.17496956506558,0.240006892264787,0.414494218120312
"YMR270C",73.2807369065617,0.176029375009827,0.149878061158287,1.17395487888795,0.24041309913699,0.415062280766561
"YOR369C",3892.70785771754,-0.358839988698178,0.306257251988279,-1.17358583837095,0.240560956295465,0.41518409262948
"YJL096W",51.2501558068716,-0.191866190847106,0.163529252570075,-1.17329070023426,0.240679250344949,0.415254819660367
"YGR077C",76.3915567106773,0.164582740490876,0.140308383931526,1.17281397353147,0.240870413281425,0.41545118488585
"YDR368W",163.684855928166,0.150091507730418,0.128030718831986,1.17228960896233,0.241080802026218,0.415680573894965
"YDR469W",61.8085955920932,0.199078730062822,0.170012128606178,1.17151355944133,0.241392410755837,0.41608428696072
"YNL297C",109.536300111017,-0.162635741432173,0.138891314059597,-1.17086585461783,0.241652701970913,0.416399314175737
"YER009W",377.531954326954,-0.272037327582523,0.232410377753413,-1.17065234052905,0.241738549519804,0.41641364639861
"YMR139W",123.472552767427,0.162699766774767,0.139066046410507,1.16983814896603,0.242066108249023,0.41683665304258
"YOL090W",84.7983777818529,0.23100479999891,0.197513237129883,1.16965624498539,0.242139332990662,0.41683665304258
"YDR440W",59.7503819922328,-0.181247358486807,0.155123813707427,-1.168322941487,0.242676524852298,0.417627560071032
"YOR009W",63.7059483187872,-0.281597324686612,0.240869253694315,-1.16805259782534,0.242785549206082,0.417681353230578
"YDL074C",137.558522415499,-0.226804627825075,0.194332065664603,-1.16694263576856,0.243233536304586,0.418318067080349
"YDR313C",43.7377432327793,0.233945840739061,0.200759866425178,1.16545462533211,0.24383501690732,0.419084120258949
"YML076C",72.3170211527985,0.249099143343126,0.213520245778821,1.16551524102138,0.243810494559904,0.419084120258949
"YMR291W",327.949575053954,-0.30310973400803,0.260321781559571,-1.16422735146369,0.244331888698344,0.419803766538325
"YER021W",308.459351508543,0.127813079552742,0.109831677479081,1.16365333208941,0.244564528941949,0.420069102957213
"YGL212W",29.6542824099706,0.243518931376133,0.209275301881067,1.16317441895659,0.24475874319711,0.420268289549769
"YFL010C",257.519735655478,0.209055481254241,0.179848637971009,1.16250617473074,0.245029917985943,0.420599453340524
"YGR080W",104.795112018927,0.192610363264332,0.165935245049563,1.16088410557681,0.245689033466422,0.421192403047608
"YIL154C",361.417294265015,0.25557328985214,0.220136590681136,1.16115337841655,0.24557953051216,0.421192403047608
"YNL065W",38.6970401828529,-0.268884747399657,0.231437116816539,-1.16103901541566,0.245626033383788,0.421192403047608
"YPR073C",69.9214748313446,0.203386501960479,0.175202154648844,1.1610895408338,0.245605487716986,0.421192403047608
"YGR104C",45.1790126542641,0.315314398175672,0.271389486242065,1.16042454875276,0.245875996705666,0.421378423199148
"YBR205W",119.556781125654,-0.18545348624668,0.159912195736383,-1.15999806138734,0.246049595395715,0.421541428028831
"YGR247W",77.7814573123784,0.201615586379343,0.174046339551852,1.15841691307974,0.246693940412467,0.422510572052091
"YNL097C",106.18225265367,0.179085031340608,0.154650848611079,1.15776107524698,0.246961552138484,0.422764144772517
"YOL039W",1171.65006558646,-0.311428904271563,0.269053156456735,-1.1576683117661,0.246999420274839,0.422764144772517
"YBL102W",115.642009613926,0.178028627931812,0.153837680620476,1.15735124377837,0.247128885256044,0.422788349500331
"YJL092W",101.349231565268,-0.145461262384022,0.125683644026226,-1.15724813790776,0.247170995611812,0.422788349500331
"YLR386W",63.6688533251962,-0.183674079815575,0.158795652370721,-1.15680196337383,0.247353279513923,0.422965445485285
"YNL214W",18.5607416929739,0.259252328848103,0.223704238118944,1.15655624091989,0.247453709219774,0.423002505480397
"YLR113W",514.129480753595,-0.147412622607636,0.127512426113702,-1.15614169706741,0.247623202951607,0.423157563809444
"YIR023W",76.9759703858812,0.27918590218859,0.241357889834711,1.15558600928929,0.2478505333854,0.423411327866725
"YPL220W",394.575892885027,-0.323067389388941,0.279730292746095,-1.15525074162183,0.247987761149613,0.423511054096843
"YJR130C",93.7353152963275,0.20342060260688,0.17630048342751,1.15404735698432,0.248480754088272,0.424083295267908
"YKL101W",212.012946705662,0.25497353462387,0.220842833322721,1.15410386553825,0.248457588789582,0.424083295267908
"YER020W",256.63020775534,-0.177886723138728,0.154274299166981,-1.15325583063685,0.248805393746346,0.424367662690259
"YGR001C",70.7170489663801,-0.233961138502616,0.20280878781325,-1.15340980329353,0.24874221958444,0.424367662690259
"YMR257C",40.928611282741,0.286880383406546,0.248676982404503,1.15206038711575,0.249296259586172,0.425069908011852
"YJL034W",577.634000961855,-0.226297679692025,0.196628791675673,-1.15096157169747,0.249748045254366,0.425705093957855
"YCL034W",259.61117141436,0.196141562352121,0.170538504405754,1.15030549187475,0.250018069661967,0.425894110826015
"YOR236W",50.9628294061825,0.262689015293675,0.228130069754445,1.1502588610509,0.250037269385569,0.425894110826015
"YPR135W",66.8610244183305,0.169932855614902,0.147734948320012,1.15011424256152,0.250096820991482,0.425894110826015
"YBL009W",42.8187810933623,-0.202518590569838,0.176022393112731,-1.14981844435851,0.250218656863569,0.425966531224796
"YJL116C",34.2844082328005,0.251114830269172,0.218438499199791,1.14898351932516,0.250562776469484,0.426417196583523
"YFR019W",98.7683442695319,0.212639425150949,0.185192723779127,1.14767696818545,0.251101942588718,0.427199408819768
"YMR231W",76.2647487115722,0.194838279017783,0.169841517258346,1.14652894630151,0.251576357228513,0.427783688529115
"YOR006C",69.533126795206,-0.164672569185024,0.143618975784068,-1.14646048557001,0.251604668043842,0.427783688529115
"YBR170C",125.266911411441,-0.168498223547706,0.147063970305444,-1.14580575381752,0.25187553389997,0.428108700182512
"YOR039W",102.585596019058,-0.197797484547915,0.172977394395011,-1.14362020853915,0.252781177124157,0.429512085521623
"YFL034C-B",61.3491623664223,0.278174137212319,0.243054719582806,1.14337133217332,0.252884449880723,0.429551669927061
"YOL094C",42.0099398743739,-0.226109724642538,0.197987635100051,-1.14237866638595,0.253296654991321,0.430115818513559
"YDR425W",50.7229048784789,0.310782951686589,0.271969596226789,1.14195263596309,0.253473707831689,0.430280431341341
"YKR036C",73.3046973868186,0.211491138403819,0.185156739416199,1.14160781053891,0.253617075993782,0.430387777302561
"YDR470C",63.3427907120644,-0.186613560332522,0.163529676709583,-1.14140873090319,0.253699873091245,0.430392298917586
"YEL006W",70.8331416388744,-0.203927184778396,0.178830326213405,-1.14019682207991,0.254204311179809,0.431111889910563
"YLR026C",94.2129711194408,0.154633249718186,0.135680370014473,1.13953703361454,0.254479231035906,0.431441903375584
"YLR036C",35.5748020928619,0.275567144584422,0.241580823986006,1.1391703474621,0.254632110767561,0.431564868075914
"YDR081C",97.4849671470793,0.28863769922441,0.25331070899969,1.13864334341055,0.254851942518646,0.431801193459826
"YGR027C",1939.76808302704,-0.136289233652952,0.119773452399407,-1.13790275031474,0.255161092716351,0.431921021349108
"YJR142W",86.3885426117955,0.179851172440648,0.158042905649405,1.13789598627293,0.255163917471741,0.431921021349108
"YPL269W",35.3973174295634,0.201865119240912,0.177258896393795,1.13798570328712,0.255126452200853,0.431921021349108
"YFL013C",62.4710708459943,0.23819014779076,0.20925905728654,1.1376628984899,0.25526127136779,0.431949681322118
"YLR382C",90.8505787734933,0.161222791072555,0.142119031815491,1.13426288258998,0.256684293754384,0.434220895040881
"YJL131C",49.5939976432971,0.224548894980556,0.198018675152679,1.13361549183398,0.256955871831514,0.434453335799181
"YJR077C",362.424623393605,0.255755736167933,0.225644127699543,1.13354971609765,0.256983475671941,0.434453335799181
"YBR055C",67.9914266085565,0.205555135494817,0.181464107981024,1.13220520633968,0.257548171783616,0.43472383112816
"YGR068C",64.4697758987057,0.203715462139939,0.179768548417571,1.13260780874652,0.257378987950862,0.43472383112816
"YJL060W",128.564330613464,0.196250593772544,0.173374288366671,1.13238987684562,0.257470558936078,0.43472383112816
"YNL295W",58.3127299662267,0.157587343301562,0.13911632241295,1.13248421059024,0.257430918853711,0.43472383112816
"YOL071W",47.1818521012231,0.209746896927227,0.185205103213736,1.13250914875941,0.257420440267033,0.43472383112816
"YDR188W",534.489270795576,-0.217300329538969,0.192062770483329,-1.1314674071611,0.257858414086048,0.435110757793327
"YOR292C",70.9018347251405,-0.216803149398007,0.191769173226159,-1.13088384638862,0.258103983118747,0.435388345895348
"YLR216C",239.752606975116,-0.247695353546026,0.219128176731804,-1.13060193775704,0.25822267156026,0.435451795588746
"YDR079C-A",21.5726259080794,0.237325493023156,0.209997340362377,1.12992774534628,0.258506671746136,0.435667039275434
"YFR051C",371.952184673779,-0.182887965356591,0.161876966948297,-1.12991381921468,0.258512540340869,0.435667039275434
"YDR351W",121.026618757346,0.200599003913365,0.177490886882305,1.12960863498342,0.258641170855178,0.435747091801493
"YFR034C",79.2105657335539,0.238610357789307,0.211529094273611,1.12865812199275,0.259042081829518,0.436285676232782
"YKL196C",266.682494008744,0.122328474079744,0.108546363792344,1.12700634874788,0.259739796743326,0.437323651507336
"YGR065C",65.7690784501099,-0.192788498996637,0.171389011603784,-1.12548248287308,0.260384636053969,0.438271977513591
"YLR412W",71.1110557952623,0.221633562018332,0.197053030698556,1.12410190594701,0.260969796853975,0.439119291636185
"YER061C",57.1791429849481,-0.208030087263577,0.185290586675171,-1.12340866844083,0.261263969945889,0.439201496894951
"YKL208W",36.552451457144,0.267347981208256,0.238217348143353,1.12343904742601,0.261251073920461,0.439201496894951
"YOL028C",58.1411229171522,0.238879613999953,0.212425049941198,1.12346393146358,0.261240510854652,0.439201496894951
"YER051W",39.7289805411327,0.213881287333559,0.190449523095438,1.12217689792167,0.261787233208013,0.439943438535743
"YNL286W",52.9001346666357,0.240999644716488,0.214765438798462,1.12134725909335,0.26214007650266,0.440398608350262
"YDR432W",522.931138067122,0.271978863576912,0.242719369111062,1.12044320984792,0.262524940272346,0.440769444889894
"YLL002W",31.9116041631836,0.207415115320635,0.185129875782611,1.12058891224576,0.262462886785981,0.440769444889894
"YBL097W",21.1053289439332,-0.279226436530622,0.248580796065166,-1.11985397814702,0.262775992677088,0.440915294179518
"YJL099W",66.4100167060968,-0.19501604687695,0.174154235835604,-1.11998157486082,0.262721613823846,0.440915294179518
"YBL019W",33.0157120608233,0.221958131613369,0.198208652984675,1.11950426535555,0.262925072248928,0.441027658666144
"YLR387C",168.738372517906,0.191639203987497,0.171329856562472,1.11848031728693,0.263361908264575,0.441622481826111
"YGR093W",58.5210824835263,-0.162478674263131,0.145288262026185,-1.11816178996906,0.263497900242839,0.44171261616863
"YDL191W",451.732822961913,-0.30595880450388,0.274170132286272,-1.11621757724962,0.264329012351977,0.442897454131752
"YMR037C",144.055715439101,0.211963653105333,0.1898819923028,1.11612268836366,0.264369621661962,0.442897454131752
"YJL009W",20.1644028303682,-0.304328295407685,0.273299847952081,-1.11427382497071,0.265161732598424,0.44408595752608
"YDR296W",135.067402727483,-0.131281243593505,0.117884448796196,-1.11384869702599,0.265344101683321,0.444114418866038
"YKL070W",18.2373734461803,-0.23953672789597,0.215068339924306,-1.1139169871422,0.2653148011359,0.444114418866038
"YKL077W",201.321666321009,-0.257729191258914,0.231530231672802,-1.11322967836775,0.265609799412109,0.444420633221942
"YMR019W",74.7655940445303,0.204089267172575,0.183388919975761,1.11291497517833,0.265744947832501,0.444475369536879
"YPL172C",68.4991729073722,-0.181503839142138,0.163091497678717,-1.11276813964383,0.265808022147171,0.444475369536879
"YGR255C",145.818046179841,0.140585006817862,0.12638074378951,1.1125634531347,0.265895963983526,0.444484040633526
"YBL037W",79.8057040494454,-0.185768824849276,0.167004945170619,-1.11226132858439,0.266025805854792,0.44456272658559
"YOR317W",302.007020302712,-0.169165774337378,0.152193078490896,-1.11164809727295,0.266289484001285,0.444864951343983
"YBR153W",51.5406914326286,-0.171069403283065,0.153911245926866,-1.11143433061472,0.266381441982855,0.444880200525471
"YPL242C",79.8402685332038,-0.172351013216626,0.155206555842053,-1.11012116595872,0.266946817607127,0.445685843135803
"YDR462W",63.1528992893326,0.161706025094007,0.145738327621534,1.10954356225843,0.267195762785797,0.445962847085927
"YIR009W",30.0523702313435,0.281724981150126,0.253930983247368,1.10871449260552,0.267553367857642,0.446420981287168
"YKL074C",48.2427036328788,-0.199288434363888,0.179871152005514,-1.10756510488882,0.268049680677156,0.447110197179194
"YOR330C",137.760136479213,0.136146247524905,0.122935831231465,1.10727837785869,0.268173589728564,0.447178003859707
"YER087C-B",119.855468026786,-0.180123138204378,0.162919515230511,-1.10583739601265,0.268796905649187,0.447812789464605
"YGR141W",106.311399130043,0.160487193014413,0.145147548730243,1.10582008418093,0.268804400155257,0.447812789464605
"YPL006W",115.866868618117,0.201911940674258,0.182615430682427,1.10586993023754,0.268782821569012,0.447812789464605
"YDR247W",95.5613888057463,-0.270485497275353,0.244881059451147,-1.1043878627693,0.269424923497762,0.448707368715188
"YJL057C",71.4880294332638,0.197610965994172,0.17891355721446,1.1040049644004,0.269590984198304,0.448844753914783
"YKL133C",35.4979519768793,0.28599451967002,0.259446394017233,1.10343926538145,0.269836452927942,0.448975089428741
"YMR184W",44.8956170106494,0.181325860650631,0.164374002562794,1.10345470748169,0.269829750240323,0.448975089428741
"YKL094W",309.133637094322,0.158251407754569,0.143515621602269,1.10272555265994,0.27014636660015,0.44935154382453
"YPR095C",122.741656169365,0.192509203112493,0.174551020912025,1.10250585442467,0.270241814724549,0.449371141450636
"YGL207W",317.856202377841,0.13812173912821,0.125299126562118,1.10225462757094,0.27035098882728,0.449413544101307
"YGR116W",252.861309813771,-0.152126032491129,0.138188259022857,-1.10087600967981,0.270950624546845,0.450131705673091
"YKL194C",45.0218321554614,-0.239967628789917,0.218146727464544,-1.100907179205,0.270937057167193,0.450131705673091
"YDR527W",87.3994861625926,0.233060566661873,0.211823860488673,1.09960326219288,0.27150502000284,0.450902516256023
"YMR033W",130.02891285079,-0.145257428485076,0.132101100601926,-1.09942551622094,0.271582506067443,0.450902516256023
"YDL198C",132.589477470491,-0.230335732748822,0.209958794768705,-1.09751876555233,0.272414682110132,0.45200471350433
"YDL230W",96.8280544349414,0.169640952473439,0.154605698528116,1.09756452503188,0.272394690578021,0.45200471350433
"YHR018C",345.62999183936,0.278018839805488,0.253736235343452,1.09604952006935,0.273057103981737,0.452790893944399
"YPL181W",143.655461536269,-0.124430459731728,0.113510533520842,-1.09615493499604,0.273010977240762,0.452790893944399
"YMR130W",56.1964275260806,-0.186513996379889,0.170192879283369,-1.09577716958198,0.273176301914468,0.452848739994632
"YKR095W-A",35.1457753376747,0.22705617147198,0.207528586210716,1.09492673526901,0.273548735183771,0.453326213104609
"YOR332W",293.687584035846,0.230023824943181,0.210164790718693,1.09463681566708,0.273675779850342,0.453396857981551
"YOR058C",56.3179860912942,0.289670890733782,0.264626178577404,1.09347683711867,0.274184493497963,0.45409957279604
"YDR214W",175.969246431198,-0.153103697472412,0.140188347582162,-1.09230910239249,0.274697260808374,0.454392537432029
"YDR294C",258.881964395799,-0.144726427112225,0.132567800208056,-1.09178204010288,0.274928914980667,0.454392537432029
"YLR097C",41.2229020295769,0.20055480996633,0.183478883899542,1.09242022026733,0.274648439349648,0.454392537432029
"YLR133W",116.193359853455,0.214519550728594,0.196493783096466,1.09162121110138,0.274999629019764,0.454392537432029
"YLR404W",30.457420636111,0.200114834675255,0.18326442259669,1.09153351277985,0.275038193854315,0.454392537432029
"YMR194W",208.321210733058,-0.305740645460247,0.280108617180855,-1.09183028658166,0.274907704166697,0.454392537432029
"YPL001W",27.1378421187569,0.266057997504853,0.243424230086149,1.09244025763277,0.274639636235526,0.454392537432029
"YPL202C",59.4228211252609,0.298165469929058,0.272733350110976,1.09172552099681,0.274953764147653,0.454392537432029
"YNL232W",103.614107168964,-0.157841379395127,0.144752447476595,-1.09049361482634,0.275495764469726,0.455008533507657
"YDL117W",102.93145768941,0.186332133961521,0.17092517025913,1.08965761314308,0.275863994143601,0.455476640807033
"YBL001C",145.981958280589,0.29025447500631,0.266702991412972,1.08862954281208,0.276317283486614,0.455875870853141
"YEL004W",23.6341963749483,-0.244939670158768,0.225240221733243,-1.08814708968706,0.276530178223707,0.455875870853141
"YER142C",60.59828852162,0.185812711034064,0.170679720960583,1.08854983137821,0.276352450479154,0.455875870853141
"YNL308C",202.122455653919,-0.25721604545732,0.236277793578407,-1.08819891492103,0.276507303659067,0.455875870853141
"YOR133W",263.96135712944,-0.290879995392195,0.267343835327194,-1.08829501514329,0.27646489046275,0.455875870853141
"YDR162C",79.1519451452895,0.197203749656409,0.181240080629821,1.08762162285594,0.276762181045101,0.455969480741822
"YJL098W",55.6466332506928,-0.243841149819384,0.224005045040818,-1.0877949328365,0.276685646991645,0.455969480741822
"YLR277C",62.887150609934,-0.173005067874951,0.159107378912642,-1.08744171213602,0.276841645261419,0.455969480741822
"YDR093W",291.198169413524,-0.144218468844635,0.132696468261998,-1.08689919751557,0.27708136102087,0.456084581686513
"YHR102W",101.5911997557,0.175386846434083,0.16130820292535,1.08695553723363,0.277056460148083,0.456084581686513
"YJL054W",134.842883015708,-0.129109017701022,0.118862656195425,-1.08618872975455,0.277395502460808,0.456461778099571
"YFL021W",66.1770138527059,0.277313914756924,0.255433477557376,1.08561240644535,0.277650508551988,0.456741464451065
"YLR075W",1333.07330025259,-0.292032885805901,0.269099722708224,-1.08536344301253,0.277760716901417,0.456782856851656
"YNL010W",274.45822122443,-0.278311221312032,0.256662277001384,-1.08452351967119,0.278132744522248,0.457254658962043
"YGL124C",59.9024746973873,0.164916083186032,0.152286021899688,1.08279081687798,0.278901282528266,0.457498646955625
"YHL043W",17.3712994522931,0.279947055374046,0.258221135885544,1.08339871028448,0.27863148789153,0.457498646955625
"YJL147C",26.847715003042,0.235746036058373,0.217487801541672,1.08304521311776,0.27878835503222,0.457498646955625
"YJR086W",46.4262361959058,0.220485663534343,0.203684283512927,1.08277486937692,0.278908362723252,0.457498646955625
"YLR210W",24.7502950387765,0.224462135704879,0.206941465452362,1.08265273733873,0.278962589607088,0.457498646955625
"YML131W",76.4875684172024,0.184212937198316,0.169997682739889,1.08384532436127,0.27843338527348,0.457498646955625
"YMR303C",44.1037105771856,0.241891231259914,0.223073049651763,1.08363779062335,0.27852542816539,0.457498646955625
"YPL259C",105.191124681767,0.177209796697664,0.163634616935345,1.08275077703484,0.278919059206467,0.457498646955625
"YBR036C",445.826144862139,0.160964745982578,0.148812560692064,1.08173343204956,0.279370993239882,0.457979355988477
"YJL149W",60.8722932094413,0.223621537415712,0.20665789341373,1.08160913721829,0.279426242706058,0.457979355988477
"YDL049C",52.0040987628844,-0.210340682893606,0.194405769817432,-1.08133612375927,0.279547624174359,0.457995758929145
"YDR202C",45.5315975321325,-0.203760896848552,0.188592921297262,-1.08081966651625,0.279777338493116,0.457995758929145
"YGR213C",22.5665496714038,0.219271938939152,0.202787201898929,1.08091042516407,0.279736960787758,0.457995758929145
"YHR120W",34.0157692758192,-0.231076785715995,0.213790777889016,-1.08092106402291,0.279732227914604,0.457995758929145
"YJR076C",214.086370310238,0.106619347201774,0.0986979930206831,1.08017040018396,0.2800663067654,0.458329108359831
"YBR083W",100.836383634876,0.246799346866533,0.228435045066996,1.07974607210086,0.280255271553172,0.458490067676547
"YNL121C",237.226569316152,-0.21722355262549,0.201171446498696,-1.07956622049065,0.280335390476593,0.458490067676547
"YJL118W",24.5978012420386,0.288666126525922,0.267430877883238,1.07893723388515,0.280615708979286,0.458808819764915
"YLR088W",88.2435277465654,0.152872373281169,0.14171153936681,1.07862776577719,0.280753698514449,0.458894739720361
"YGR058W",33.1268274450942,0.246383886931339,0.228335181414314,1.07763583829711,0.281196302114999,0.459478350672241
"YLR131C",93.5850508335904,0.225795906205709,0.209504784332962,1.0773524389572,0.281322843427585,0.459545313883685
"YKR088C",108.753502262655,0.141500018646799,0.131444321509776,1.07655437376226,0.281679397043529,0.459726244192722
"YNL029C",52.9612333818117,-0.185317463761375,0.172038589325602,-1.07652978566281,0.281690387197589,0.459726244192722
"YNR014W",164.138645318232,-0.197698267360968,0.183574591735435,-1.07685838157357,0.281543538566712,0.459726244192722
"YCR020C-A",29.6475915167767,0.272303826097042,0.253121117597143,1.07586780450676,0.28198638256907,0.460069520285077
"YER074W",1132.97815147343,-0.305528538111721,0.284212418761116,-1.07528300912044,0.282248040865593,0.460356582899818
"YFR038W",73.8807332310566,0.222218494464979,0.206686958420049,1.07436413845096,0.282659508834922,0.460769698118481
"YJR138W",63.8403743297577,0.230135792309119,0.214070274395581,1.07433424527267,0.282672901750213,0.460769698118481
"YDL178W",118.089978961083,0.128529583027155,0.119795840139195,1.07294755211784,0.283294648861372,0.461643070095398
"YKL197C",64.9419972949365,0.205696695405702,0.191939264624203,1.07099759924885,0.284170509115526,0.462813167783632
"YNL206C",105.95467670465,0.170214970397526,0.158940461186728,1.07096529237154,0.284185035812776,0.462813167783632
"YDR488C",38.3434852349643,-0.243284432613924,0.22765574299973,-1.06900227124994,0.285068645979957,0.464111457277462
"YLR283W",24.8985031043092,0.240886156410928,0.225377743546413,1.06876321921797,0.285176376693611,0.464146157339814
"YIL074C",284.459372781456,0.240227896040055,0.225028612744943,1.06778448704851,0.28561773726776,0.464723679753148
"YJL159W",4914.92909045095,-0.203197305387137,0.190351978025216,-1.06749230918384,0.285749584710274,0.464797401416984
"YOL075C",50.2181487942921,-0.178165313161016,0.167050936623514,-1.06645325772865,0.28621879765574,0.465419667638202
"YBR171W",110.851003638191,0.225741784748839,0.211900557630796,1.06486635102115,0.286936414070932,0.465754354187914
"YDL183C",19.695010671787,0.217866953058917,0.204195646738003,1.06569469226272,0.286561677780416,0.465754354187914
"YJL139C",58.4465478945886,0.191566812082042,0.17994405081413,1.06493743911362,0.286904241300006,0.465754354187914
"YMR320W",15.2996241977273,0.297058393953916,0.277930594073117,1.06530830695882,0.286736434877588,0.465754354187914
"YOR360C",57.392177056757,-0.213284897849204,0.20038339880179,-1.06484756045562,0.286944918638579,0.465754354187914
"YPL149W",65.7719894543683,0.241009892829068,0.226397899888749,1.06503621522763,0.286859541635739,0.465754354187914
"YDR012W",584.458403128408,-0.214050132082357,0.201144491652775,-1.06423751128664,0.287221117965178,0.465768648407963
"YNL038W",51.1317239064844,0.177468347008965,0.166764512402902,1.06370526859058,0.287462236985185,0.465768648407963
"YNR043W",219.877432044314,-0.192666281265633,0.181058722233652,-1.06432904943779,0.287179662694344,0.465768648407963
"YOL103W",134.559553197225,-0.2035798603976,0.191221058619056,-1.06450120510233,0.287101708768345,0.465768648407963
"YOR131C",95.8324411330494,0.193010345531893,0.181465391444613,1.06348787856206,0.287560759285199,0.465768648407963
"YPL087W",149.494618375498,-0.267064321276353,0.251225255245767,-1.063576663848,0.28752051857644,0.465768648407963
"YPR172W",57.4287012701374,0.214190880667092,0.201363905223155,1.06382618370969,0.287407447478499,0.465768648407963
"YGR048W",126.837013812909,0.17214577875774,0.161997393527447,1.0627435478442,0.287898266399617,0.466174732840622
"YBL031W",36.4775938432139,0.240684719678727,0.226284452509203,1.06188128756598,0.288289581057086,0.466568784682695
"YKL046C",342.739802856572,0.194287433496863,0.182981775880755,1.0618245123859,0.28831535959074,0.466568784682695
"YGR113W",68.492635198269,0.243040056249741,0.228819297067455,1.06116042269639,0.288617002149244,0.466916240525177
"YDR394W",441.854730819394,-0.176558275734898,0.166547640300546,-1.06020822117538,0.289049881793185,0.46733501357953
"YJR125C",223.356057509417,0.183193566283059,0.172776758239941,1.0603811621857,0.288971228713429,0.46733501357953
"YKR086W",69.1743300505997,-0.191958787735326,0.181156320693009,-1.05917271420847,0.289521129144439,0.467956059173873
"YDL203C",62.2404660601162,0.194059983430256,0.183379117229119,1.05785176361796,0.290123029239731,0.468787842974307
"YGR003W",24.8032733973332,0.215919432445725,0.203993137721752,1.05691892383528,0.290548591062741,0.469334280480596
"YLR218C",109.024390630371,0.182593833424536,0.172870647394191,1.0563606805264,0.290803462619139,0.469604749767707
"YLR429W",317.333867876216,0.0976634304456037,0.0924838215163004,1.05597816101711,0.290978192524205,0.469745678403217
"YLR436C",181.173704725927,0.216768700482462,0.205613910170618,1.05393724336962,0.291911650181755,0.471111019569172
"YDL235C",68.4064035809838,0.16638499527954,0.157956385800206,1.05345525342194,0.292132392052876,0.47132564665545
"YBR179C",68.4056385898608,-0.142179758996593,0.135055076578177,-1.05260907923859,0.29252019428856,0.47159715374467
"YGL244W",241.575698504221,0.208684512960032,0.198228213943877,1.05251335195061,0.29256408793097,0.47159715374467
"YOR253W",75.2239858115999,-0.156436151440475,0.148616620498529,-1.05283167019019,0.29241814720164,0.47159715374467
"YDR245W",209.54440010402,-0.13931312625156,0.132407003439153,-1.05222712050871,0.292695359445944,0.471653332380046
"YDR302W",58.0556132217741,-0.191346490856104,0.181972401033425,-1.05169970089079,0.292937348286214,0.471653332380046
"YGL112C",100.352716922927,-0.162082638861529,0.154047037320304,-1.05192762847995,0.292832754866349,0.471653332380046
"YIR010W",68.0974918492199,0.209502879405335,0.199093761552728,1.05167170149287,0.292950198625923,0.471653332380046
"YHR100C",21.8021789826023,-0.252849083569203,0.240534773201854,-1.05098084539119,0.293267387285802,0.471776626942656
"YIR005W",11.5711513174354,0.304187378504501,0.289836844632488,1.05093097734817,0.293290291819313,0.471776626942656
"YML068W",59.993410150543,-0.149839608686814,0.142571972021066,-1.051005301754,0.293256154847753,0.471776626942656
"YBR293W",59.4896909019699,-0.199622941926683,0.190329047939092,-1.04900954174887,0.294173726877366,0.472914422944726
"YLR192C",535.163699203641,0.12811214061709,0.122118147004481,1.04909103544155,0.294136221623724,0.472914422944726
"YBL047C",600.364572339093,0.157696083900138,0.150504519634375,1.04776151215189,0.294748499090595,0.473696645306878
"YHR138C",99.9274914550635,0.206734589915518,0.197540476063577,1.04708897690015,0.295058542822067,0.473769636322069
"YNL139C",79.7669031863081,-0.165011129584288,0.157516690148818,-1.0472140810742,0.295000852336345,0.473769636322069
"YOR267C",343.646989331369,0.194695928113089,0.185898116647744,1.04717584218646,0.295018484998831,0.473769636322069
"YBR062C",64.7368083001474,0.153108445019859,0.146305852398168,1.0466278999749,0.295271228896216,0.473969447221033
"YGR035W-A",16.1340548380796,-0.254195981717776,0.242503653647874,-1.04620515703748,0.295466322439727,0.474140907625867
"YHR071W",256.049139118094,0.248559336502907,0.238133083947969,1.04407693584075,0.296449795801368,0.475577017099506
"YPR101W",36.7686761379083,0.236595178308895,0.226616388610038,1.04355292141668,0.296692284003103,0.475823904861351
"YPR047W",50.9518948714986,0.173383105297151,0.166141869016457,1.04312483420748,0.296890480228182,0.475999632628527
"YJR152W",30.9888943395176,-0.209598903408049,0.201040438481324,-1.04276445523223,0.297057397459483,0.476125121383134
"YCR042C",141.418786829037,0.124605846638515,0.119593008739536,1.04173633254985,0.297533939281822,0.476604469991847
"YMR241W",157.211031130872,-0.274750978273035,0.263750842567488,-1.04189365405551,0.297460986608116,0.476604469991847
"YDR007W",58.040976091284,0.1804688198799,0.173413027479939,1.04082169426273,0.297958309542682,0.477141944112624
"YOR217W",93.6193225697975,-0.196003887925907,0.188367820885878,-1.04013121477451,0.298278943223266,0.477513026543118
"YLR340W",2762.34222469185,-0.237518436257179,0.228568599875381,-1.03918205985062,0.298720072388191,0.478076730869182
"YBR132C",85.0497449537848,0.185940937469224,0.179152637319519,1.03795034688651,0.299293172207461,0.478423698787582
"YNR007C",64.7112037312653,0.184612104730742,0.17776089256978,1.03817425936232,0.299188934158336,0.478423698787582
"YOR034C",60.4596367837984,0.16148414407468,0.155419277885865,1.0384805878398,0.299046368206807,0.478423698787582
"YPL005W",27.1551583212908,0.189511542157834,0.182450232254252,1.03801402617815,0.299263525100274,0.478423698787582
"YBR194W",19.0248686955333,0.238625666939303,0.229706068664059,1.03764337107961,0.299436118134621,0.47850978592712
"YBR279W",153.824587900774,0.162842412056368,0.156936238363298,1.03742518681134,0.299537745204001,0.47852981246005
"YDR126W",32.6476256585542,0.242235992746492,0.233228134728382,1.03695956319982,0.299754702869321,0.478664221510484
"YER078C",88.8354524162037,0.140732762008291,0.135703235953544,1.03686212103775,0.299800119374654,0.478664221510484
"YAL063C",26.227302220504,0.218137200952528,0.210363681451363,1.03661643746621,0.29991464961482,0.47870477951893
"YDR257C",62.7245448609989,-0.146967322018806,0.142069246130933,-1.03428424290797,0.301003300984865,0.480231332971496
"YMR310C",45.4864587561993,-0.27331874621021,0.263956559595929,-1.03418458609176,0.301049878628752,0.480231332971496
"YHR058C",54.8973734747164,-0.173359380311754,0.167890638947958,-1.03295999400915,0.301622620933705,0.481002107195644
"YGL092W",164.412149185426,-0.196745893875549,0.190509114080697,-1.03242107735768,0.301874902225023,0.481261531567408
"YNR037C",68.9573320380072,-0.236034529707561,0.228991472273472,-1.03150915486949,0.302302117329788,0.481799605987624
"YDR235W",45.6956821316889,-0.216330376885312,0.209794576685263,-1.03075061165647,0.302657784009614,0.481937431934669
"YJL047C",43.6316014183127,0.186500087774205,0.18083957344248,1.03093874039375,0.302569548033204,0.481937431934669
"YMR224C",58.0747196097442,0.161849646787693,0.156925142071704,1.03098069355946,0.302549873529443,0.481937431934669
"YJL217W",227.460174521982,-0.230446539860515,0.224173526012478,-1.0282206901474,0.303846028011667,0.483686134099188
"YDR373W",83.0146497905328,0.21256233592267,0.206992276222557,1.02708537587586,0.30438026420728,0.484249525787114
"YGR196C",106.401180781582,0.127356265342174,0.123978006590123,1.02717735428152,0.304336959425821,0.484249525787114
"YOR191W",123.677607090601,-0.154744870931639,0.150707116180215,-1.02665668053029,0.304582154230564,0.484427228419413
"YLR319C",74.3359868557888,0.213191816278424,0.207595246008435,1.0261757414226,0.304808753742704,0.484644113780954
"YGR005C",204.93315858111,0.182766590731011,0.178123490928382,1.0258976351254,0.304939837489743,0.484709046214089
"YGR229C",178.318523700466,-0.12978022890982,0.126528276445329,-1.0256411089454,0.305060782740596,0.484757829615307
"YIL156W",93.6050546405915,0.146458475777436,0.142925213491884,1.02453807355251,0.305581197142772,0.485325524159475
"YLR086W",88.1759186947885,0.132985796041455,0.129761182887904,1.02450087704755,0.305598756787813,0.485325524159475
"YGL144C",38.0401157459797,-0.250387828034416,0.244414679943376,-1.02428846303422,0.30569904555442,0.48534128692663
"YLL010C",137.34515012358,0.262289335018265,0.256125186162511,1.02367392725766,0.305989314256251,0.485515098041454
"YOR265W",50.7182763678171,0.18977228923654,0.185333694950344,1.0237245475165,0.305965397472738,0.485515098041454
"YBR053C",112.275809423348,0.209037626223139,0.204491800310188,1.02263443414369,0.306480722331764,0.485738763635681
"YML074C",791.640774181739,-0.128650088923776,0.125803225673295,-1.02261053675308,0.306492025686339,0.485738763635681
"YMR168C",35.1894537635747,-0.182360098694218,0.178244903406979,-1.02294646290115,0.306333159531206,0.485738763635681
"YPR113W",391.392774658091,-0.153671488583836,0.150229439175661,-1.02301761759499,0.306299516066838,0.485738763635681
"YLR200W",83.7829347960719,0.231826890568232,0.226803681973631,1.02149840131515,0.307018366135393,0.486399691501703
"YMR203W",305.563995841128,-0.227915322745013,0.223221078987588,-1.02115556739518,0.307180739820104,0.486399691501703
"YNL161W",151.894947373222,0.206083887542881,0.201747203525025,1.02115819147653,0.307179496781543,0.486399691501703
"YDR181C",59.5645524709947,0.182611872624207,0.178842593163017,1.02064617871754,0.307422102497308,0.486638406281474
"YLL016W",53.3466118320882,0.191614154818801,0.187711401901483,1.02000464526697,0.307726257668241,0.486976349421368
"YDR110W",42.7139036658539,-0.171478804878869,0.168276451549349,-1.0191256682907,0.308143309619924,0.487492699843479
"YDR079W",21.5583237809993,0.242695466644734,0.237928412796291,1.01813300169838,0.308614753767197,0.488094771049357
"YAL011W",64.3119639153,0.175396303179548,0.172245787064932,1.01782950604734,0.308758987194769,0.488179134596145
"YDR439W",34.7082764027901,-0.208284026117588,0.204791977147362,-1.01721985573827,0.30904885238069,0.488459342003694
"YML116W",54.3144864541523,-0.198747291669598,0.195590251403202,-1.01707427323977,0.309118097834771,0.488459342003694
"YPL004C",1403.34117716883,-0.110516745835258,0.108766929868023,-1.01610712623009,0.309578375917144,0.489042781485583
"YDL147W",337.853922155551,0.111946274191004,0.110213967146285,1.01565161319572,0.309795317373884,0.489241590595451
"YBL002W",402.483785130693,0.132678028371857,0.130689248560673,1.01514237800479,0.310037963252998,0.489381110322493
"YHR124W",28.2452307158984,-0.196492208425955,0.193561439563569,-1.01508027246492,0.310067564554795,0.489381110322493
"YMR028W",57.7940697585949,0.160937944680203,0.158504677535171,1.01489263409402,0.310157009781748,0.489381110322493
"YNL004W",242.495041159753,0.170601903279189,0.168542287426857,1.01203978308856,0.311519032143111,0.491385821333524
"YCL040W",3093.64719852247,-0.227373378348488,0.224780887006027,-1.01156817640518,0.311744568267089,0.491583811168788
"YCR088W",359.620910167354,0.141788398256714,0.140203790839603,1.01135146019276,0.311848244395083,0.491583811168788
"YJR107W",54.1573827122349,0.170100013920483,0.16815436266029,1.01120332128208,0.311919126505908,0.491583811168788
"YNL037C",534.111546713805,-0.233581743183062,0.231287802476452,-1.01002074492678,0.312485351206667,0.492331716436201
"YOR301W",65.2507244259416,0.164068714400128,0.162486364392482,1.00962033413865,0.312677223665985,0.492489550824048
"YLR229C",181.685361268827,0.166778676859251,0.16526319959848,1.00917464561611,0.31289088395716,0.492681600039257
"YOL144W",54.9641536521739,-0.255825858353128,0.253258976797491,-1.00870134952242,0.313117884382125,0.492894536054042
"YKL086W",22.9406629489974,0.267697321749118,0.26612474488365,1.00784860734473,0.31352714684961,0.493394171031133
"YGR252W",80.4638266169446,0.136602432575074,0.135697931793797,1.0062643801351,0.31428841012709,0.49444729080041
"YBR298C",230.005776458413,-0.133974140390587,0.133255332758473,-1.00542168757896,0.314693841140848,0.49478607023925
"YJL006C",15.986869200417,0.251142185416446,0.249093300998451,1.00554310796049,0.314635402929885,0.49478607023925
"YML048W",486.163079608686,0.142347917108164,0.141601000138183,1.00524245690505,0.314780115808512,0.49478607023925
"YDL087C",48.1854882195062,0.182238335250514,0.181620952117625,1.00363417904151,0.315554973754093,0.495838744101699
"YHR038W",25.6021347875396,-0.259284026175681,0.258615778877214,-1.00346935311729,0.315634456541372,0.495838744101699
"YOR221C",83.1189853552162,-0.178144813354474,0.177575136831861,-1.00319721571884,0.31576571612116,0.495899900961038
"YPL271W",120.998149199019,0.216186724389389,0.215649807396735,1.00288629715057,0.315915724822951,0.495990458352549
"YBL103C",95.2264718154685,0.22042572451738,0.219775305751416,1.00262764034521,0.316040554470142,0.49604144303306
"YGL242C",74.7690489878764,-0.168336452898583,0.167992843473,-1.00223311167284,0.316231019219738,0.496195385401465
"YDR375C",87.3611540853181,0.198031430856293,0.197755915689776,1.00124777963761,0.316707032314206,0.496652108192585
"YGL061C",27.0504502509247,0.197706507521226,0.197277318034542,1.00139352818367,0.316636591702264,0.496652108192585
"YDR392W",85.2844024078037,0.13834576539772,0.138218252852324,1.00069966901659,0.316972027478727,0.496777577936459
"YLL063C",27.6937399371989,0.199033992176033,0.198832340907621,1.00087524329373,0.316887126716935,0.496777577936459
"YDR195W",45.270194931536,0.1833369858375,0.18322848099095,0.999848594678584,0.317383784720385,0.49713278149116
"YHR090C",35.2204470639107,0.18881053390447,0.18865031146355,0.999862834970984,0.31737689225831,0.49713278149116
"YDR409W",78.244211123638,0.180029744783748,0.180300602490614,0.998137583715994,0.318212647595927,0.497850314662896
"YDR534C",120.154650291013,0.157143448099871,0.15742865416939,0.998302597538415,0.31813264842947,0.497850314662896
"YOR219C",145.477288135924,0.133236816904946,0.133426688358714,0.998483165832582,0.318045123510461,0.497850314662896
"YPR170W-B",34.2051832500526,-0.289660680346203,0.290641119404072,-0.998688383310447,0.317945669815634,0.497850314662896
"YKR089C",302.949741687403,0.146522954458066,0.146863724762522,0.997606032039749,0.318470434939432,0.498108534088435
"YGL038C",166.584650553752,0.141032161133564,0.141426911529544,0.997106857902207,0.318712644599753,0.49834224574826
"YHR105W",19.7698730669008,0.202327290670861,0.202924617305644,0.996006436861134,0.319247017666259,0.499032518010907
"YMR059W",20.1334247510937,0.207631047859546,0.208377177559819,0.995336231610129,0.319572761717641,0.499396364034172
"YKR099W",49.7610438909734,0.211590267914773,0.212559100966936,0.994229236906678,0.32011127730967,0.500092399776102
"YBR141C",17.4752471850427,0.229962983020366,0.23084732261668,0.993524812919836,0.32045426457038,0.500482656297619
"YPL189W",11.015567677241,-0.242875260023233,0.244761303323123,-0.99196866577233,0.321212810894103,0.501521513753555
"YBR272C",48.1331918764597,0.188264089561381,0.189911581615331,0.990924359753725,0.321722516542712,0.501879650406885
"YMR021C",44.0600300700267,0.171146832012711,0.17257990300084,0.990987746743964,0.321691563529966,0.501879650406885
"YMR071C",191.051407808717,0.201017370171163,0.20285608026563,0.991036369194949,0.321667821626243,0.501879650406885
"YGL097W",192.915090512955,-0.156701564119262,0.158377709649586,-0.989511104454451,0.3224131395591,0.502810967645739
"YDR391C",112.033931387737,-0.218570940042071,0.221142225752513,-0.988943936459159,0.322690572334018,0.503012160847258
"YNR021W",240.789164307847,-0.179803947806255,0.181833327888213,-0.988838376590338,0.322742224599487,0.503012160847258
"YPL129W",145.552614018399,-0.112537722450669,0.113828059920632,-0.988673098195858,0.322823109000279,0.503012160847258
"YMR263W",82.3194597108944,-0.203544276464127,0.205844270579678,-0.988413349117809,0.32295025243741,0.503064328840293
"YBR270C",38.1241682315989,0.207119210821526,0.209450624066548,0.988175493508027,0.323066707972102,0.503099822707497
"YBR276C",161.908780797282,-0.121917837687267,0.123436651814,-0.987758553012247,0.32327091059355,0.503152168499411
"YEL072W",20.764736952701,0.207688648012721,0.210003581135911,0.987724319301121,0.323287680784112,0.503152168499411
"YDR268W",30.1281838079139,-0.194504028463988,0.196874006511401,-0.987049248736844,0.323618495861718,0.503229571879933
"YGL251C",34.4317293622812,-0.218993220363463,0.221497152611763,-0.987200011226246,0.323544596306415,0.503229571879933
"YNR047W",78.3467042172081,0.207900652519086,0.210530573970973,0.987348223397257,0.323471957566217,0.503229571879933
"YGL226W",40.8179043445827,0.190201306790054,0.193133824926252,0.984986789245874,0.324630560128766,0.50451120904271
"YGR201C",36.7090386500045,-0.240645109051274,0.24472718634473,-0.98512083338986,0.32456472113191,0.50451120904271
"YOR216C",103.819869570576,0.148908028097947,0.15120620075145,0.984507352670331,0.32486611805717,0.504731246770339
"YDR065W",17.2909398211992,-0.252681134824132,0.256785121277961,-0.983013469812325,0.325600809294231,0.5054340886472
"YHR032W-A",15.1992896148462,-0.243736187662174,0.248445090381625,-0.983067615847837,0.32557416142881,0.5054340886472
"YKR007W",122.197088618159,0.177371049816841,0.180370083767707,0.983352667469014,0.32543389722044,0.5054340886472
"YGL083W",71.7167603558349,-0.15157800906074,0.154193654748125,-0.982762461708192,0.3257243609701,0.505479786989426
"YKL176C",122.239030311261,-0.147888984982056,0.150588370825524,-0.982070212572188,0.326065259078699,0.505570585020696
"YKR022C",76.5787409395258,0.144177191747029,0.146788227316813,0.98223714410876,0.325983032426041,0.505570585020696
"YNL238W",172.506739947474,-0.134818028281272,0.137236456921578,-0.982358776620192,0.325923127526122,0.505570585020696
"YCR097W",32.6215939276216,-0.246767724838626,0.251688652303382,-0.98061326105335,0.326783492325723,0.506515134943228
"YJR021C",99.7442341117983,0.179829145337269,0.183406209084171,0.980451998545891,0.326863053009352,0.506515134943228
"YGL063W",44.5008284095164,-0.175408917234206,0.179059423286459,-0.979744631982083,0.32721218892939,0.506617661210652
"YHR074W",193.94579301261,-0.186746797008822,0.190597189125482,-0.979901853120781,0.327134568147822,0.506617661210652
"YMR216C",127.526021919278,-0.154342040572205,0.157479149204116,-0.979993165301476,0.327089492403605,0.506617661210652
"YBR028C",70.6151959306755,-0.221523568689741,0.226125145139391,-0.978987244639005,0.327586282004406,0.506630815967064
"YBR032W",18.4095488461029,-0.244340972813748,0.249273322656611,-0.979098335038503,0.32753139423551,0.506630815967064
"YER002W",184.668112429324,-0.227859480992987,0.232764786323413,-0.978581815646953,0.327786647828253,0.506630815967064
"YGL026C",548.973884300635,0.221555693486027,0.226349210939442,0.97892403484501,0.327617515491779,0.506630815967064
"YGR260W",373.723550506392,-0.19495365177084,0.199163959077022,-0.978931117412675,0.327614015727721,0.506630815967064
"YPR005C",38.9667755333217,0.221109878738478,0.225836228136466,0.97871040567337,0.327723089134117,0.506630815967064
"YGL190C",234.934953480628,0.21895100335876,0.224075754403954,0.976957058012403,0.328590412108478,0.507727014797075
"YER167W",152.942293532153,0.173697197662996,0.177823407427529,0.976712661119943,0.328711425230726,0.507767922034578
"YMR207C",82.7204002470131,0.178079636859231,0.182395506246729,0.975662367944982,0.329231806749161,0.508402143454803
"YNR031C",166.14300907449,0.133190713023528,0.136543483745522,0.975501996046472,0.329311312060931,0.508402143454803
"YDR217C",85.8137519513106,0.148645285786184,0.152520563134329,0.974153628229354,0.32998026527767,0.509142201897835
"YKL150W",299.982184771193,-0.135265866840949,0.138865777920878,-0.974247227594748,0.329933800292867,0.509142201897835
"YJL128C",174.501627386515,0.168757310185235,0.173525386129577,0.972304597137647,0.330899037496142,0.510413190807519
"YER143W",156.99167323943,0.148138243515973,0.152652472669628,0.97039967522543,0.331847310508338,0.511728941929453
"YNR011C",66.60403982833,0.191608733445994,0.197606153620788,0.969132849414538,0.332478909717927,0.512555747444026
"YGR263C",41.5557093382604,0.162059525018432,0.167507078535733,0.96728485877862,0.333401650757155,0.513592237049587
"YML051W",134.296420120465,0.131897937003148,0.136381790981709,0.967262872979418,0.33341263867219,0.513592237049587
"YOR382W",1053.20055668002,0.247677421344773,0.256087783171757,0.96721189344774,0.333438117779168,0.513592237049587
"YDL130W",1457.71813011396,-0.275927583264539,0.285773423744613,-0.965769060898731,0.334159753326092,0.514556202727764
"YEL009C",1221.16162995451,-0.205373366865502,0.212756936245045,-0.965331097830843,0.334379000503182,0.51474623436589
"YJL095W",83.8607234318201,-0.152490871459567,0.158121902709225,-0.9644277370588,0.334831521651926,0.515295158393264
"YLR234W",19.7847904010796,0.241972339036169,0.251022031066625,0.963581332684501,0.335255869494712,0.515800422531109
"YBR200W",85.6958502871317,0.163568555262168,0.16987372711049,0.962657902029055,0.335719229663526,0.516365401638832
"YPL167C",55.0158869675628,-0.159334674089529,0.165606485156974,-0.962437314691697,0.335829977226317,0.516387863636573
"YGR288W",37.3523926028464,-0.169521221075259,0.176287588960977,-0.961933673381559,0.336082922337305,0.516481080364425
"YMR192W",70.7708746001607,-0.168758700797181,0.175376243270122,-0.962070187301223,0.33601434847986,0.516481080364425
"YJL214W",12.5768919592768,-0.250964545188536,0.26028786614074,-0.961685281621214,0.336207717923746,0.516525072359394
"YGL150C",212.485556897682,-0.139486583790891,0.145167441307668,-0.960919325168948,0.33659273315821,0.516820917607989
"YIL085C",129.806130772887,-0.17315942684814,0.180198439893381,-0.961062207917763,0.336520890287988,0.516820917607989
"YBR288C",68.3360390494412,-0.179695166622943,0.187074468824411,-0.960663612906635,0.336721332457195,0.516858280883472
"YGR218W",265.110658828522,-0.139774202245491,0.145540508959205,-0.960296997382461,0.336905760821641,0.516858280883472
"YMR190C",84.6174506921095,0.145424008638354,0.15138737887287,0.960422887704357,0.336842423541193,0.516858280883472
"YOR152C",12.8082476658499,-0.269402918811026,0.279994968500844,-0.959594254470879,0.337259461836837,0.517253160915377
"YMR055C",21.9871681499719,0.190246650289623,0.198130935802836,0.959004005811449,0.337556727176775,0.517490969865711
"YNL005C",110.77759254002,-0.14945888319108,0.15587642245026,-0.958797839454519,0.337660597845811,0.517490969865711
"YNL284C",72.2336510942671,0.167349333624088,0.174469625341878,0.958712567915973,0.33770356532849,0.517490969865711
"YLR040C",23.6356322190692,0.240805616359257,0.250871327831111,0.958137643130669,0.337993355909845,0.517787311634848
"YHR042W",727.869392267616,0.157628780360357,0.164650496198275,0.957341521332537,0.338394904391875,0.517959256622617
"YLR179C",474.612884268455,-0.189670222615412,0.198096381901996,-0.957603124404757,0.338262923073375,0.517959256622617
"YMR163C",40.1843245425921,0.188124838131435,0.196509934501831,0.957433874784474,0.338348307393341,0.517959256622617
"YJL216C",25.2436348492191,-0.231998656675976,0.242539564758759,-0.95687793981691,0.338628867013912,0.518169699353766
"YFL038C",874.298196143602,0.162174839359908,0.16959265396986,0.956294549738896,0.338923442731148,0.518472745915408
"YOR136W",483.655526809012,-0.104352667132497,0.10926949637923,-0.955046702375422,0.339554079911415,0.519289568110539
"YKL183W",99.7782800178216,-0.198846327409261,0.208466043996955,-0.954237611860967,0.339963380006592,0.519767524627215
"YOR079C",105.090856743128,-0.198525314730757,0.208355686329387,-0.953119390291161,0.340529582694021,0.520485028073302
"YGL248W",112.425167316331,0.145306980905085,0.152464613409788,0.952908736897711,0.340636312967385,0.520500038960975
"YGR132C",278.219624772508,-0.112379410288773,0.11817758365565,-0.950990997061461,0.341608946098,0.521703098436303
"YNL179C",12.4566084732918,0.274666487931843,0.288206006143939,0.950973338260066,0.341617910482308,0.521703098436303
"YNL168C",89.9686383001669,0.200614815896657,0.211093438174796,0.950660509349173,0.34177674115231,0.521797292987225
"YOR304C-A",18.9609256181694,-0.21872326266122,0.230446972894636,-0.950096688540824,0.342063125674424,0.522086117646301
"YPL184C",215.045847545362,0.0899309489037509,0.0948328351039354,0.94828830465108,0.342982703135292,0.523340937085129
"YER147C-A",16.6378048621366,-0.238612011046443,0.251420490851055,-0.94748015897259,0.343394161865331,0.523671221856528
"YOL040C",1689.33423322657,-0.151338980413541,0.159707515299694,-0.94758671770887,0.343339890584634,0.523671221856528
"YDL121C",83.2256598187282,0.173579671966905,0.183357242894979,0.946823367603217,0.343728792329785,0.524032740165562
"YBR297W",90.8670464059434,0.174936348780546,0.185115632238852,0.945208434856802,0.344552474043028,0.525139426244354
"YIL137C",142.553875421459,-0.106279560061364,0.11252385450903,-0.944511600209292,0.344908276815304,0.525383537939591
"YNL107W",29.5798721114873,0.203295547887948,0.214868172261882,0.94458016436974,0.344873257662275,0.525383537939591
"YOR346W",82.9020209256407,-0.169416920676548,0.17951939830412,-0.94353367259849,0.345408000304434,0.525995568368334
"YCL029C",78.7625223136566,0.138012791645566,0.146313828661373,0.943202656189409,0.345577255032782,0.526057248561244
"YIR003W",182.698274819821,0.118275972379379,0.1254247351164,0.943071382819123,0.345644392137895,0.526057248561244
"YJL134W",114.188067746353,-0.19912904560874,0.211457562941429,-0.941891073157712,0.346248410933662,0.526827256409264
"YMR293C",26.0780208256238,0.180622829844168,0.191898111455208,0.941683759639574,0.346354572177452,0.526839537571536
"YIL027C",72.3064132541265,-0.170078423148673,0.180884756709144,-0.940483327865437,0.346969697550207,0.527574343203075
"YNL003C",102.713376834351,0.192120054090541,0.204350983754849,0.940357722076666,0.347034100639818,0.527574343203075
"YBR050C",38.7927637328603,-0.22740887077039,0.24253539860091,-0.938376974733514,0.34805071447991,0.528970115300395
"YKL100C",228.882867629553,0.143850535159927,0.153442290346937,0.937505895720505,0.348498392497649,0.529500669336597
"YDR378C",110.094003836581,0.124823724513588,0.133173588682474,0.937252065778824,0.348628913413951,0.529549178152243
"YDL176W",53.2223918942014,0.173149161019688,0.184654037385865,0.936774096329177,0.348874772538322,0.529771112494684
"YPL097W",39.0116211099966,0.161405375429927,0.172342592052237,0.936584564433228,0.3489722949183,0.529771112494684
"YAL010C",52.2156633723633,0.169268584172283,0.180836614552955,0.935677026972992,0.349439502216979,0.529865364768969
"YDL027C",78.3980078673981,0.195926333324893,0.209357673030255,0.935619130649729,0.349469321160038,0.529865364768969
"YHR045W",100.810408276275,0.13667318483994,0.146164434668719,0.935038175465366,0.349768625950269,0.529865364768969
"YIL008W",70.3928047325107,-0.15143892728948,0.161873903278359,-0.935475350415056,0.349543380770325,0.529865364768969
"YKL159C",46.7618182430446,0.20863800822623,0.223240342514608,0.934931494226524,0.34982360518912,0.529865364768969
"YLR364W",12.4364710344439,0.233716138386494,0.249703538058965,0.935173750410188,0.349698763965332,0.529865364768969
"YOR080W",52.1668338400213,-0.173179421839543,0.185127095470122,-0.935075579917926,0.349749350491607,0.529865364768969
"YPL166W",15.3316368207812,-0.229173098145891,0.24526475485804,-0.934932943969279,0.349822858012998,0.529865364768969
"YJL124C",152.042428219325,-0.124333904203577,0.133059642702077,-0.93435702792541,0.350119756389512,0.530164423898526
"YPL076W",34.1372409146409,-0.177621964685704,0.190272972786021,-0.933164832236932,0.350734869336654,0.530946162121524
"YML067C",140.887648632054,0.112775753893466,0.12094249221142,0.932495211718252,0.3510806601069,0.531319871917205
"YER008C",190.405920153161,0.134238334688001,0.144053769879601,0.931729347664272,0.351476415636825,0.531627550189997
"YGR251W",24.7667116274673,-0.218951082554344,0.234680734899825,-0.931335798988592,0.351679889373498,0.531627550189997
"YOR329C",242.771814351097,0.241557445689256,0.259304270424273,0.931392271227319,0.351650687340449,0.531627550189997
"YPR084W",61.1074237430015,0.251052411979484,0.269175386391032,0.931534064897494,0.351577372004806,0.531627550189997
"RUF20",20.075959913609,-0.249786969070166,0.268549287859286,-0.930311581517242,0.352209783077405,0.531979399580637
"YAL040C",153.472772484951,0.254927524045787,0.273824679722607,0.930495144138338,0.352114777147753,0.531979399580637
"YBR004C",75.158710476364,-0.173585566582504,0.186555182212092,-0.930454954462964,0.352135576604529,0.531979399580637
"YLR242C",22.8999453925358,-0.245399665985967,0.264415522129792,-0.929015400759616,0.352881105058944,0.532843524113462
"YLL017W",13.3236802553311,-0.22276076287081,0.239623268343813,-0.928050169561851,0.353381546069741,0.533429209522256
"YOR083W",32.8404566082956,-0.232219932145195,0.250552067045158,-0.927884251527612,0.353467614352953,0.533429209522256
"YLR038C",58.9246998802676,0.212393784733673,0.229331958431445,0.926689390755398,0.354087827474658,0.534065071992808
"YPR109W",61.7745753775954,-0.20337128635331,0.219469951382798,-0.926844478835647,0.354007287520463,0.534065071992808
"YKL015W",91.7900397359879,0.133437646122207,0.144076134752138,0.926070329866929,0.354409431950943,0.53440007271435
"YNL257C",74.9217492199793,0.13847473763811,0.149744396844714,0.924680558470603,0.355132095188629,0.535339456429449
"YGR181W",67.5977937820826,-0.20445027485001,0.221429362030458,-0.924028135211952,0.355471667421383,0.53552598359831
"YHR060W",51.5512016160358,0.206948794733319,0.223959531384717,0.924044709438348,0.355463038358986,0.53552598359831
"YJR115W",222.824105086143,-0.237096033804597,0.256633717708454,-0.92386817614982,0.355554953921351,0.53552598359831
"YNL063W",46.7434423553748,-0.162089899711607,0.175486607572348,-0.923532514996851,0.35572976391968,0.535639069810093
"YOR057W",48.2260244373832,-0.177534710339857,0.192495654003457,-0.922261281754157,0.35639230466635,0.536486285976168
"YHR108W",296.605178143218,-0.120135468630277,0.130352307392687,-0.921561565985573,0.356757313850481,0.536885271137835
"YKL087C",84.0522739142122,-0.128677004281396,0.139693297752456,-0.921196022534374,0.356948094504323,0.537021909126811
"YML005W",31.5750941047821,-0.170959949374551,0.185858102326541,-0.919715787129438,0.357721300505308,0.538034473540748
"YBR163W",68.1852650776626,-0.162855137889847,0.177155549774554,-0.919370453977141,0.357901837999675,0.538083735272257
"YGL126W",291.425255619434,0.245886167921413,0.267553605298078,0.919269896755659,0.357954419312563,0.538083735272257
"YHR068W",538.313622860842,-0.114319020351782,0.124497180645024,-0.91826389943495,0.358480722275245,0.53872410725807
"YBR008C",61.1071141001867,0.167966924127795,0.183383496468476,0.91568356944119,0.359832885209267,0.540604874533978
"YPR100W",11.0438942669836,-0.225497868124577,0.246054229562052,-0.914848931749468,0.360270942725109,0.54111164244311
"YPR164W",62.4891121824317,-0.154747669729265,0.169285305798135,-0.914050614418156,0.360690250680049,0.541589973833532
"YDR117C",86.7431873413907,0.128579403522952,0.14068531647312,0.913776405348693,0.360834346794406,0.541654912418321
"YAL007C",150.744943792524,0.189422099087542,0.207816677885538,0.911497325656263,0.362033394070491,0.543302978360606
"YGL093W",93.4828724083946,0.129614568302134,0.142233342610928,0.911072794287929,0.362257019913959,0.543486718982647
"YMR104C",229.744318923479,-0.161568676991222,0.177392996249638,-0.91079656010148,0.362402575298119,0.543553262196648
"YFL024C",123.224754807345,0.173745635898815,0.19088050390453,0.909976289439723,0.362835014300929,0.54404993350371
"YHR166C",40.4100808504431,0.162025024882886,0.178045033651984,0.909435830610543,0.363120115599267,0.544325464941016
"YAL028W",74.2605675590013,0.170980525402274,0.188709939758197,0.905975486020949,0.364948827710827,0.546761549131061
"YJR096W",110.41957709589,0.1484570787354,0.163888421565789,0.906076438157092,0.364895395507101,0.546761549131061
"YGL025C",90.3276176487855,0.207189507978347,0.22879336284794,0.905249371652015,0.36533329135969,0.546879907439491
"YIL040W",71.0998122052436,0.152370241134294,0.168351241815888,0.905373408108666,0.365267598527624,0.546879907439491
"YMR225C",61.2598374929562,-0.18586218536684,0.20542724132332,-0.905439738628136,0.365232471240799,0.546879907439491
"YDL192W",790.964809170329,-0.227058661274242,0.251183244282514,-0.904031689668443,0.365978598060057,0.547693243293554
"YBR087W",63.0760330831672,-0.161756881861183,0.179070912803221,-0.903329406551958,0.366351093948354,0.548017934576863
"YBR125C",91.1363370227044,-0.131191277340055,0.1452380541728,-0.903237935565983,0.366399628200617,0.548017934576863
"YBL006C",118.802960327647,-0.161434605272594,0.178972730404847,-0.90232873179862,0.366882267220201,0.548434360489758
"YER046W",40.9015708794668,0.207537835140802,0.230076660991563,0.90248667177835,0.366798398400933,0.548434360489758
"YEL002C",290.364885195246,0.147188481189953,0.163305828386542,0.901302741203636,0.367427376717452,0.549051539506104
"YFL050C",62.0864254014686,0.138114965857814,0.15322993891829,0.901166899129615,0.367499587511533,0.549051539506104
"YPR011C",83.9280461278131,0.187840534693841,0.208561651579326,0.900941817325962,0.367619255731103,0.549077592472679
"YMR170C",35.5958285049498,0.176189356804863,0.196082227756925,0.899035927205029,0.368633524357896,0.5504394382336
"YKL079W",99.7997035079787,-0.105534519136114,0.117436421889604,-0.898638076772968,0.368845470204995,0.55060284059784
"YLR204W",139.021746374001,0.16243110517299,0.181048401335186,0.897163514506516,0.369631670954738,0.551623146623479
"YGL059W",53.0967932499809,0.144945454789454,0.161687702588424,0.896489499983613,0.369991385723933,0.552006592423124
"YCR033W",186.848375963764,0.16373332125196,0.182907090832948,0.894946478129849,0.370815699526039,0.552009734521718
"YDL220C",36.5678582669457,0.18883943829151,0.210905295274467,0.895600906760142,0.370465951249304,0.552009734521718
"YDR331W",67.7807437652873,-0.150883982980578,0.168532509707272,-0.895484148865797,0.370528335506154,0.552009734521718
"YGL166W",33.0970864709087,0.215416982227338,0.241151478203974,0.895117064835558,0.370724512610532,0.552009734521718
"YIL164C",42.0218123299576,-0.234132524715932,0.2618849175783,-0.895101987076691,0.370732571847241,0.552009734521718
"YLR455W",38.9541793979445,-0.199767591296654,0.223025248576209,-0.895057313201365,0.370756451189473,0.552009734521718
"YOL065C",53.822609594864,-0.177289191580183,0.198042268158237,-0.895782742369183,0.370368808673142,0.552009734521718
"YPR195C",14.4370373047423,0.232904994306222,0.259937805730158,0.895583751186602,0.370475117138946,0.552009734521718
"YDL123W",79.1195952907306,0.210711191609565,0.235343675718451,0.894722988997058,0.37093518643737,0.552034604143839
"YDR524W-C",391.061375923896,-0.274526600448212,0.307453316095725,-0.893973045902204,0.371336312915599,0.5524784866121
"YOR164C",99.9215103548205,0.146853154105224,0.164286732081659,0.893727782370251,0.371467556843725,0.552520700029811
"YLR016C",62.7576587579918,0.13089356957544,0.14658694834224,0.893000751541311,0.371856770200593,0.552946487471591
"YDR303C",79.2684399812183,-0.164961947747219,0.184948080183864,-0.891721153993979,0.372542412107454,0.553700486531002
"YER026C",277.07367569838,-0.170348900455022,0.191058951615366,-0.891669667238338,0.372570016444431,0.553700486531002
"YNL260C",25.2613680398364,0.234114966669961,0.262454204720891,0.8908898007634,0.372988292476791,0.554168774244218
"YBR251W",67.933719658007,-0.140168931834552,0.157508873226059,-0.890168229922627,0.373375560971823,0.554437417190949
"YNL099C",80.5144950410384,-0.118233270955859,0.132808956336008,-0.89031785789445,0.373295234893129,0.554437417190949
"YMR152W",130.440484762261,0.146730458063116,0.164947473708797,0.88949680631873,0.373736138838041,0.554819458733863
"YGL070C",65.3382635035494,-0.182803921499533,0.205548853614475,-0.889076544887927,0.373961943482867,0.555001270640089
"YKL052C",66.8778275654275,0.177935719748829,0.200241997607968,0.888182470085975,0.374442606714291,0.555561116205099
"YPL140C",52.0360534555289,-0.141343140599246,0.159204824122765,-0.887704242543255,0.374699863201867,0.555789275133175
"YKR062W",101.82469096159,0.167061191409011,0.188458832000083,0.886599246158066,0.375294699875871,0.556383835203592
"YOR015W",68.8254981721892,0.16166672919143,0.182279536250353,0.886574770441356,0.375307882134167,0.556383835203592
"YBR248C",172.881015189801,-0.135187005975456,0.152670222582227,-0.88567213153589,0.375794229856007,0.556852038420487
"YNL138W-A",29.5126327930923,0.222420930222788,0.251400333279735,0.885603800351038,0.375831062981617,0.556852038420487
"YPL133C",45.9632854410648,-0.145680635176631,0.164690951278757,-0.884734480061681,0.376299854462934,0.557392862195371
"YDR050C",7197.26635931035,-0.238669217033876,0.269961168052997,-0.884157699077916,0.376611089638698,0.557700072359925
"YDR014W",21.4820532047755,0.205065994321875,0.231536421469811,0.883959585518483,0.37671802977502,0.557704668666381
"YGL189C",1741.78421295055,-0.185887838160782,0.210443021443475,-0.883342043380269,0.377051494327113,0.55804452356873
"YGL105W",702.254740437844,-0.0954718169733249,0.108130636453328,-0.882938157253135,0.377269685889213,0.558213631655913
"YJR135C",15.278911139208,0.199816731478633,0.226054139902708,0.882685710670916,0.377406104729639,0.558261687827841
"YDL209C",38.4753337680447,0.18019911965992,0.204181237414009,0.881641831096725,0.377970526385729,0.558715247291713
"YKL010C",124.735487870584,-0.115028954852956,0.130499679835928,-0.881541501731464,0.378024801463058,0.558715247291713
"YNL129W",26.7988938775288,0.198151083962412,0.224854283561757,0.881608204572937,0.377988716758133,0.558715247291713
"YCR086W",20.6921656988307,0.186818723411934,0.212881577528025,0.878070177705103,0.379905635774509,0.560806646476456
"YDR504C",9.50197256908583,0.267022826102177,0.302564839020233,0.877654739232923,0.380131113622636,0.560806646476456
"YEL073C",12.0174211409493,-0.232754126014921,0.265694701492273,-0.878106903220189,0.37988570707952,0.560806646476456
"YFL031W",318.387276020356,-0.15676004039055,0.178575712426089,-0.877903285480283,0.379996206092229,0.560806646476456
"YOR027W",475.379877291999,-0.11083285176049,0.126297828089101,-0.877581759402742,0.380170731673948,0.560806646476456
"YPL103C",44.5221909253888,-0.152289882121149,0.173473848643098,-0.878410781031807,0.379720835801747,0.560806646476456
"YPL118W",124.462624531408,-0.107924470571723,0.122937293006155,-0.87800381257606,0.379941649708483,0.560806646476456
"YDL100C",458.311140395181,0.134715036403325,0.153550171677293,0.877377775860395,0.380281480254425,0.560811265748817
"YDL193W",79.5123632124345,-0.196086537549473,0.223640733964704,-0.877133388515357,0.380414191331813,0.560811265748817
"YGR019W",210.533050958315,0.168380153636704,0.192068348105129,0.876896738216899,0.380542728030141,0.560811265748817
"YMR298W",105.845540955224,0.203400515018949,0.232057744932672,0.87680691631802,0.380591521812407,0.560811265748817
"YDR163W",55.3395434975158,0.174769000784712,0.199415986536552,0.876074594461315,0.380989483029321,0.561243695378629
"YGR222W",42.1732013207726,0.162060930948998,0.18495181869601,0.875856078014985,0.381108279570601,0.561264757217904
"YDL120W",78.2939633909914,-0.166096102176167,0.189946534974314,-0.874849311248705,0.38165590236631,0.561490943257818
"YDR002W",609.777028435853,-0.215222273220331,0.246041776299323,-0.874804977148892,0.381680028641649,0.561490943257818
"YDR514C",52.2827187635989,-0.20323374673692,0.232132204205381,-0.874899049102286,0.381628836523595,0.561490943257818
"YFL047W",67.840997245418,0.172538355811575,0.197004670142849,0.875265381551377,0.381429525715462,0.561490943257818
"YLR377C",16.888891632317,0.203732660797218,0.232642216345171,0.873927517950729,0.382157727690271,0.562039746830352
"YMR268C",25.0719278928029,-0.239764688076959,0.27395034360221,-0.873491009894334,0.382395504281012,0.562235492333237
"YJR004C",61.5687569533976,0.175111848820529,0.200416306593003,0.873210884533595,0.38254814316984,0.562305987127862
"YER153C",25.8791597069973,-0.222015094591662,0.254763408140421,-0.872733996555581,0.382808082906091,0.562534121282794
"YGR101W",63.5468109543238,0.12636055028513,0.144844444254923,0.872223932931603,0.383086225620637,0.562788872485898
"YPR157W",48.6199549126962,0.169784456876333,0.194650055588895,0.87172567835157,0.383358048252629,0.56303420212329
"YJR102C",33.6963905000442,0.158190522094186,0.18159889541196,0.871012082253988,0.383747556053135,0.563452193428483
"YMR086W",147.949789970443,0.142289465463828,0.163378856962387,0.870650123468396,0.383945219455214,0.563588350285311
"YOL036W",114.784366128843,0.0997110780123892,0.114541285585738,0.870389474811721,0.384087596622463,0.56364330094515
"YGL117W",74.6018500714867,0.195642471907809,0.225193038122931,0.869538318019821,0.384552758935691,0.564084807858501
"YOL057W",148.911611366555,0.11504305151453,0.132284011832245,0.869454646973618,0.38459850425951,0.564084807858501
"YDR494W",102.253796095983,0.213859188139769,0.245908408587766,0.869225791979754,0.384723642747337,0.564114301172794
"YGR198W",121.181657403036,-0.137748627558846,0.158548612358885,-0.868541217662323,0.385098118322428,0.564509277704629
"YKL013C",215.711986092547,0.114870018808966,0.132318045030941,0.868254226004012,0.385255174646818,0.564585414195923
"YPL209C",13.0123877796559,0.241375144743898,0.277333762446734,0.867613244579132,0.38560609336933,0.564945533957085
"YLR185W",784.865090487255,-0.243491065655593,0.281434524691482,-0.865348303193941,0.386847646360736,0.566301092560238
"YOR007C",637.025670393015,-0.0938661293936556,0.10846652609786,-0.865414732615643,0.38681119764888,0.566301092560238
"YPL169C",153.923221207099,0.166115615905002,0.191837103083086,0.865721381811384,0.386642971529203,0.566301092560238
"YBR102C",56.837882200583,0.130431026356678,0.150848749149659,0.864443862896714,0.387344106063613,0.566441806433763
"YGR149W",67.0720807433684,-0.142938764512586,0.165502349813036,-0.86382867892798,0.387682010882613,0.566441806433763
"YIL092W",25.8348551136073,-0.174780092416166,0.202196362936214,-0.864027919485152,0.387572553473192,0.566441806433763
"YJR056C",34.8309753936594,-0.188175349803885,0.217660847837443,-0.864088179590208,0.387539451901383,0.566441806433763
"YMR096W",44.5813196546008,-0.173515262171631,0.200909982674821,-0.864523889761106,0.387300162558057,0.566441806433763
"YMR236W",180.129600806287,0.201651368365079,0.233476269842305,0.863945095723307,0.387618052334691,0.566441806433763
"YMR243C",295.564195510961,-0.162896561333994,0.188525064196568,-0.864127163264305,0.387518038637042,0.566441806433763
"YLR422W",105.333297708704,-0.124205928018294,0.143835709471681,-0.863303030406489,0.387970878476661,0.566709705819458
"YDR156W",52.7848223866982,-0.158704661121802,0.183984312016285,-0.862914232941146,0.388184624594202,0.566867759297297
"YOL012C",139.017247954946,-0.14573809976631,0.169266304036594,-0.861184515757326,0.389136426803623,0.568103220538804
"YJL031C",42.7525794828319,0.156309441665293,0.181528854203251,0.86089678612831,0.389294891906228,0.568180126203356
"YDR183W",25.5657294633477,0.182652442921039,0.212352258671793,0.860128225557302,0.389718363794206,0.568489226490679
"YJL083W",52.2780857363451,0.165891257326229,0.192738391439206,0.860282366778208,0.38963341053,0.568489226490679
"YGL143C",50.7095611903949,-0.143257615775959,0.166727866106818,-0.859344559116445,0.390150447261216,0.568709135997058
"YML041C",33.9360612114833,0.146331344992344,0.170342947282726,0.858894824857243,0.390398544855921,0.568709135997058
"YMR161W",76.5329894340279,-0.122098521645416,0.142165760690239,-0.858950779174686,0.390367672225167,0.568709135997058
"YMR197C",136.475038278979,0.148127722630363,0.172379317715352,0.859494824793077,0.390067574001564,0.568709135997058
"YNR036C",293.174808691677,-0.153642904624987,0.178869472541324,-0.859128490215877,0.390269630518426,0.568709135997058
"YDR493W",24.2159262077953,-0.201971644163526,0.235492511351763,-0.857990362270328,0.390897785252227,0.569281996906103
"YBL080C",49.2345487220986,0.152054454695643,0.177722005184811,0.855917036477326,0.392043670819882,0.570641343082273
"YML011C",36.9226751711866,0.178132725852137,0.20784614611498,0.856107910278737,0.391938093618313,0.570641343082273
"YOR132W",210.074273383678,0.118446479281648,0.13856989609041,0.85491821437265,0.392596426263898,0.571291087906637
"YLR015W",44.9910042290459,-0.145059321980542,0.169710810240379,-0.854461153028715,0.392849524837288,0.571504549810692
"YDL237W",107.638570803437,0.130701709575101,0.15314913113081,0.853519076541586,0.393371513332114,0.571644588232355
"YDR443C",67.067960870384,0.154194145836042,0.180542514717042,0.854029062272165,0.393088886811844,0.571644588232355
"YER149C",14.0029134400008,-0.191750013927173,0.224736033283384,-0.853863844309704,0.393180434677853,0.571644588232355
"YOR368W",36.5375401725805,0.152233914014414,0.178192527612895,0.853684209989743,0.393279985354843,0.571644588232355
"YOR075W",38.8268104822093,0.155120306323038,0.181985035286366,0.852231571983014,0.394085576652434,0.572527355206985
"YKL132C",23.5879623389597,0.181241947274586,0.212770336810913,0.851651793878807,0.39440738358562,0.572803258073392
"YLR408C",13.4287496741709,0.234499237696412,0.276261418577506,0.85150518796981,0.394488782650061,0.572803258073392
"YOR148C",40.0032567549048,-0.165563753703895,0.194496288891868,-0.851309908297701,0.394597222320705,0.57280585975257
"YEL039C",78.63230092053,-0.176750713895882,0.207747161413951,-0.851094593608149,0.394716808423949,0.572824636056479
"YPL052W",35.5270068986574,-0.218046630922494,0.256420243878933,-0.850858798932349,0.394847794284999,0.572859941411326
"YMR165C",115.839874181573,0.157860737090129,0.185599534493923,0.850193494629388,0.395217517927168,0.573241503858174
"YBR213W",27.2632071005874,0.160633850558078,0.188922443789168,0.849954491546514,0.395350388059258,0.573279409899102
"YDR419W",40.9825249181922,0.137898997504436,0.162248078881595,0.849670513373253,0.395508296500973,0.573353592579414
"YKL024C",208.31199369088,-0.20611835764378,0.242937609439778,-0.848648816599562,0.396076734697877,0.574022704280167
"YBR284W",21.0908258642559,-0.177270527727693,0.209422750267717,-0.847470713718104,0.396732804142848,0.574776493822773
"YPR165W",620.461635176732,0.109587821602425,0.129337483743933,0.847330590466676,0.396810880486845,0.574776493822773
"YPL054W",51.3329510933498,0.248513706606847,0.293882331434626,0.846536650831391,0.397253436833451,0.575262391273246
"YGL107C",71.006319093489,-0.111672229485684,0.131951945279868,-0.846289344569936,0.39739135060676,0.575306993021268
"YER069W",69.2973675437077,0.208600578523881,0.247277417210713,0.844470630933996,0.398406468141879,0.576621164211812
"YLR078C",78.054705111654,0.193072956869203,0.228949414953928,0.843669014157001,0.398854387121271,0.577113931365395
"YHR129C",38.689472479796,-0.159306808481762,0.188986063269617,-0.843415390940632,0.398996167139416,0.577163591086939
"YJL145W",111.174177801949,0.121509927750536,0.144090072378134,0.843208395810871,0.399111903683611,0.577175561304436
"YDR179W-A",14.489386690949,-0.205327149881067,0.243936876547454,-0.842259348115274,0.399642800404547,0.577530222881181
"YIL109C",452.104766394397,-0.112225304417036,0.133285151213393,-0.84201928650467,0.399777158008698,0.577530222881181
"YLR335W",207.074005443094,-0.110295598388178,0.130896100777314,-0.842509089088685,0.399503054286319,0.577530222881181
"YNL183C",98.2078455478452,0.170160378031692,0.202052116299005,0.842001240463905,0.399787259108589,0.577530222881181
"YPL034W",14.1341468465989,-0.218246266114495,0.259711167475992,-0.841649020889352,0.399984441400987,0.577659702813848
"YJR118C",71.4243039118317,0.164761240136447,0.195845997302714,0.841224149321658,0.40022237408928,0.577847949256324
"YJR050W",50.9552255821738,0.125466871536263,0.149154946311809,0.840920069586339,0.400392714262025,0.577938529508555
"YIL067C",90.8654197278396,-0.135245447348558,0.161300553531965,-0.838733323683709,0.401618974030545,0.579552796753912
"YKL148C",230.176545359167,0.187059755975086,0.223355662979343,0.837713656399791,0.402191541732813,0.580067339056643
"YNR069C",14.6757765640963,-0.20274261880636,0.242091533777813,-0.837863668063891,0.402107275874771,0.580067339056643
"YEL056W",129.350698971213,0.123569234544919,0.147563887700193,0.83731312120873,0.402416585732581,0.580080376266691
"YIL143C",118.381146884963,-0.122332319310357,0.146094167391734,-0.83732834769884,0.402408029223216,0.580080376266691
"YGR182C",40.7607394161792,-0.204074944527269,0.244155501321404,-0.836499374305213,0.40287402859848,0.580538264402246
"YNL009W",20.6696994244837,0.201777500619299,0.241048955298323,0.836363553896925,0.402950409549725,0.580538264402246
"YNL142W",42.2071419021352,0.183911439252765,0.220662628107449,0.834258812580471,0.404135155986968,0.58208901121105
"YNL177C",119.396593524245,-0.112671889610419,0.135146181413396,-0.833605243320198,0.404503469988489,0.582463307589322
"YBR223C",40.4949878752444,0.137651239364328,0.165363731301235,0.832329832886212,0.405222795858408,0.58334270612584
"YER163C",118.202035218431,0.154235948342819,0.185708516991852,0.830831426355611,0.4060688665841,0.584404041378135
"YPL219W",43.737458882375,0.150673693672117,0.181312275322631,0.830380450546326,0.406323715079358,0.584614163860496
"YFR044C",379.796432103144,-0.190787782886358,0.229916192072344,-0.829919136964197,0.406584504258416,0.584832718899827
"YDR487C",370.520004733427,0.135761198307055,0.16374934012335,0.829152266410727,0.407018251476122,0.585299873809438
"YNL124W",72.7501823416388,0.214117273534657,0.258134065849381,0.828762182894777,0.407238991239165,0.585460551912622
"YBR111C",243.973896855595,0.164864219244483,0.199201860543134,0.827726361010256,0.40782548664109,0.585752091045605
"YDR283C",100.268112882692,-0.124229317163846,0.149982541401093,-0.828157852170653,0.407581109766042,0.585752091045605
"YMR077C",35.6470233377684,0.1552686308719,0.187547686449925,0.827757644569913,0.40780776612721,0.585752091045605
"YNL234W",67.2358314226507,0.153036488421098,0.184844954079727,0.827633632263419,0.407878015362235,0.585752091045605
"YER057C",272.893292772935,0.111185523573302,0.134526742474834,0.826575775725441,0.408477552273581,0.586115370694529
"YER121W",21.4821155815076,0.193844277112756,0.234539975872289,0.826417177776761,0.408567482383228,0.586115370694529
"YHR199C-A",14.0570772714707,-0.207382557508419,0.250655001187159,-0.826798050456363,0.408351535230039,0.586115370694529
"YOL140W",25.3608091558891,-0.205920328214687,0.24902734537291,-0.826731586571654,0.408389214019704,0.586115370694529
"YHR001W",68.3478077369902,0.121916532747517,0.147662363894723,0.825587248841905,0.409038270854006,0.586164501802793
"YLR342W-A",13.4864298229432,-0.254119713677823,0.306745979313385,-0.825644436822082,0.409005819842079,0.586164501802793
"YMR221C",101.607293865387,0.144319191854624,0.174741899746446,0.825612434670363,0.409023979102237,0.586164501802793
"YOR281C",110.119484975731,0.132505336333301,0.160402350810079,0.82577830898552,0.408929860794162,0.586164501802793
"YDR405W",174.01175259149,0.159275359755089,0.193294497754514,0.82384798695821,0.410025937393199,0.587423128764703
"YBL063W",44.2851460230435,-0.138065123076506,0.167691184800519,-0.823249408906649,0.410366176743727,0.58759312589295
"YEL058W",401.604292829116,0.204378237708297,0.248474681672454,0.822632715152523,0.410716888682935,0.58759312589295
"YHL029C",75.2758448103424,0.13167039093784,0.159948903916148,0.822964830317231,0.410527993641198,0.58759312589295
"YJR042W",120.493053306914,-0.155648446201378,0.189174283566051,-0.822484854398075,0.410801003114509,0.58759312589295
"YLR268W",140.705684802774,0.158531262911834,0.192605618424439,0.822920528101729,0.410553188148532,0.58759312589295
"YOR037W",42.7010189089429,0.174426807563095,0.211916867586718,0.822523876780767,0.410778803224633,0.58759312589295
"YDL177C",36.6023974852717,0.168351222341531,0.204911881904432,0.821729066320686,0.411231112571946,0.588051732061747
"YLR071C",135.012344031017,0.216631217711907,0.263554997883969,0.821535400788392,0.411341368192605,0.588052831664221
"YLR257W",734.179485326652,-0.116863784033512,0.14229597883294,-0.821273116721252,0.411490716962824,0.588109803301577
"YDR301W",98.9997129481706,-0.0986792699949164,0.120225101332396,-0.820745995968123,0.411790965309106,0.588382355593299
"YBL030C",567.560990605505,0.184630382517387,0.225068065083647,0.820390206457162,0.411993696706211,0.588515464098155
"YIL028W",16.9562488604244,0.237479611726995,0.29140489455968,0.819347505170717,0.412588176173467,0.589207948478514
"YDR322C-A",86.2861142272945,0.137474797649379,0.167896462143613,0.818962893046749,0.412807584913135,0.589207956037323
"YNL259C",35.5907771747564,0.225441599295533,0.275387780486315,0.819092499261921,0.412733641049711,0.589207956037323
"YGR099W",40.2387876863541,-0.155974169493032,0.190569830068802,-0.81862191476134,0.413002159766945,0.589329064853417
"YHR151C",45.0779451589406,0.150437542202098,0.184004005284937,0.817084194080195,0.413880314952774,0.590425277984422
"YMR214W",163.211383834475,0.119136825341583,0.146302259760484,0.814253365100058,0.415499819635695,0.592578207982824
"YHR027C",601.756461876009,-0.113710227576339,0.139702735073377,-0.813966669137129,0.415664045611039,0.592655054148365
"YER175C",41.4706857446553,0.174525046165273,0.214849597188509,0.81209011217274,0.416739926450342,0.594021349544596
"YLR245C",21.7115039726355,-0.212441407896357,0.262421194902862,-0.811909600501917,0.416843505200816,0.594021349544596
"YNL204C",15.7473340679148,0.198790986001657,0.243985980980662,0.811694530201982,0.416966933732923,0.594039628933562
"YKL140W",159.183308817477,0.100867091652928,0.124324564260225,0.811292807072538,0.417197539767507,0.59421055054131
"YLR267W",41.6740312327461,-0.161638106345824,0.199495084261813,-0.810638337595853,0.417573393857547,0.594588202123246
"YDR465C",175.597112674276,-0.187712763306037,0.231681748395892,-0.809905364409073,0.41799456847859,0.595030168910286
"YAR002W",120.641401750764,-0.15401759612487,0.19030843471476,-0.809076853694689,0.418470941153665,0.595077422540729
"YGR124W",1082.46803332631,-0.174913069511106,0.216159499914156,-0.809223283484424,0.418386724491222,0.595077422540729
"YIL149C",195.944740674053,0.175239870809046,0.216425390307702,0.809401698409667,0.418284125595347,0.595077422540729
"YKL042W",45.0632200992422,0.151277439148789,0.186980873461147,0.809148473793153,0.418429748796421,0.595077422540729
"YDR317W",19.5978825718699,0.196924998954175,0.243001074579536,0.80868878164502,0.418694182611497,0.595237282902686
"YCL008C",160.706706526703,0.158918085648016,0.196609551560027,0.808364429115106,0.418880822679041,0.595300087579763
"YOR378W",9.64220338725802,-0.202076501165421,0.250063472680724,-0.808226801127133,0.418960031847236,0.595300087579763
"YLR227C",34.4518723609889,-0.180911821280055,0.224082744384525,-0.807106029228592,0.419605398772925,0.596059401430675
"YKL073W",112.764933014249,-0.131939698226089,0.163498453104356,-0.806823768250094,0.419768023388172,0.596132748180293
"YAL060W",228.917264817936,-0.192700329553127,0.239132251099505,-0.806077353146966,0.420198248793496,0.596543172070172
"YFL044C",59.468443408663,-0.16037156505762,0.19912546385965,-0.805937028953444,0.420279159023186,0.596543172070172
"YGL054C",138.96154230708,-0.139093086722059,0.172728431867023,-0.805267246011038,0.420665478594606,0.596776092322142
"YOR043W",224.27844549413,-0.107077347324455,0.132957596061283,-0.805321184656036,0.42063435997138,0.596776092322142
"YGL064C",27.7891287077189,-0.20605927130547,0.255459210067066,-0.804875434540864,0.420891565507191,0.596939159846613
"YMR278W",94.2284570621695,-0.134028170296456,0.166678225171851,-0.804252358119495,0.421251246061363,0.597291563515201
"YCR100C",12.4013135619184,0.222416641876601,0.276609570560693,0.8026726416171,0.422163969844524,0.597672997492496
"YDR298C",170.911499695243,0.143347986318662,0.178605960385317,0.802727292945834,0.422132374222849,0.597672997492496
"YEL027W",1012.51364265908,-0.137180892875999,0.170760592200329,-0.803371204608696,0.421760213377622,0.597672997492496
"YER031C",297.594855864682,-0.129019785155503,0.16063520619055,-0.80326843601323,0.421819597512145,0.597672997492496
"YJL171C",301.407996706013,0.182798171974696,0.227713926462788,0.802861635852848,0.422054712329042,0.597672997492496
"YOR322C",167.673483379622,0.0800200024653762,0.0996979099524497,0.802631205338419,0.422187926361298,0.597672997492496
"YPL056C",38.3353888443766,-0.220438892559783,0.274730384898321,-0.801822741391617,0.422655501782539,0.598177259571546
"YDR045C",49.3028057959366,-0.213280183285886,0.266357790078532,-0.801366938034361,0.422919249487491,0.598392858007723
"YHR063C",143.301081301489,0.124610044647196,0.155576619373507,0.801067247831261,0.423092715817253,0.598435493683065
"YNL271C",270.917628518877,0.168922323226649,0.210872426632249,0.800929912306433,0.423172222120328,0.598435493683065
"YBL105C",242.80280698056,0.121579281181308,0.151856593972086,0.800513008632138,0.423413629629357,0.598619269475988
"YAL008W",62.8381004472602,0.192162482653553,0.240374882918281,0.799777020208888,0.42383999941302,0.599017896491099
"YJL206C",37.3268242787135,0.17116213021665,0.213870743207077,0.799448892564696,0.424030169886271,0.599017896491099
"YNL024C-A",75.6712888333344,0.141153183173201,0.176633066153747,0.799472984045613,0.424016205670508,0.599017896491099
"YIL020C",33.7701692308821,-0.186760471706224,0.233574143611536,-0.799034744058228,0.424270266049565,0.599041955560519
"YML059C",97.9549971445724,-0.103495127240154,0.12947551202095,-0.799185236568194,0.424183011162302,0.599041955560519
"YNL137C",106.564155433794,-0.153129337772518,0.191691500633754,-0.79851899344042,0.424569375556465,0.599306732224382
"YBL017C",350.117348723207,0.124878715273597,0.156715191225577,0.796870768702042,0.425526089192798,0.600341640413584
"YJL112W",97.9969663915176,-0.100417858226836,0.125992868640842,-0.797031079924668,0.425432981172622,0.600341640413584
"YNL229C",159.400447897701,-0.129502341180097,0.162865825156403,-0.795065986069078,0.426575119193465,0.601663593799396
"YKL080W",332.100529161513,-0.144501101081829,0.182107700038997,-0.793518982340918,0.427475514229379,0.602775265667103
"YMR016C",192.183270477882,0.196592610658443,0.247876130973293,0.792855258504852,0.427862157269321,0.603003843267784
"YOR239W",305.867849534793,0.142892763942562,0.180146788149803,0.793042325178331,0.4277531635947,0.603003843267784
"YGL020C",151.27217900353,0.113666879845447,0.143409454667954,0.792652414270081,0.427980361948632,0.603012204623847
"YER100W",138.240760681309,0.148877366676167,0.187885000070895,0.792223455561018,0.428230394313557,0.603206254355656
"YKL189W",50.5252960853661,0.150603633678021,0.190276828332969,0.791203651981043,0.428825160744033,0.603788671636005
"YMR078C",49.6343012001176,0.153182416766431,0.193419899723723,0.791129032375513,0.428868698992992,0.603788671636005
"YNL091W",334.711227706358,0.127489661314496,0.161270391846118,0.790450145128203,0.429264926916506,0.604029846075073
"YNR048W",37.2802954959078,0.14006577689229,0.177130365198014,0.790632804814073,0.429158297916852,0.604029846075073
"YGR112W",54.9502675806994,-0.158988606137732,0.201475721877311,-0.789681009408281,0.429714084716065,0.604143695693266
"YLR353W",75.7462318391365,0.140251385379013,0.177553200689132,0.78954118830379,0.429795766383163,0.604143695693266
"YNL173C",308.637702841468,0.0977616521448263,0.12376810661399,0.789881118195268,0.429597199460026,0.604143695693266
"YPR103W",474.052957251462,-0.0723535960357408,0.091636730243499,-0.789594246649312,0.429764769327417,0.604143695693266
"YFR045W",57.7359454588603,0.136395093147778,0.172845407883812,0.789137402638672,0.430031703328464,0.604198531270033
"YJR015W",196.23101378968,-0.0978098282662298,0.123955434475029,-0.789089390145888,0.430059762622479,0.604198531270033
"YDL212W",259.340686150593,-0.201534079263513,0.255550975402779,-0.788756273139991,0.4302544709779,0.604314007223405
"YNR074C",60.2546970278817,0.154404362352859,0.19605505506036,0.787352362385882,0.431075625110506,0.605309067312034
"YLR456W",12.3752122633,0.193200939285045,0.245134296782932,0.78715223139979,0.431192756657896,0.60531528907725
"YGL017W",69.1089168033035,0.127618763390516,0.162859941446938,0.783644652717096,0.433248647101504,0.607926437812996
"YKL027W",74.7936263325863,-0.10945861951358,0.139684852976702,-0.783592655662432,0.433279166625982,0.607926437812996
"YDR252W",14.5526529083582,0.180746759519094,0.230529128271567,0.783153173974421,0.433537168831438,0.608128968731599
"YER115C",49.7649053011212,-0.15284538775516,0.195303527076299,-0.782961087909346,0.433649962808048,0.608128968731599
"YEL030W",23.243814529815,0.157072306051852,0.200634030178281,0.782682644638418,0.433813496322798,0.608199501109306
"YFL033C",139.626039713417,-0.130169162559345,0.166508794450221,-0.781547540372512,0.434480527246677,0.608975707683168
"YDL206W",57.7683354583708,0.150884190338556,0.193024686581052,0.781332205805075,0.434607132936904,0.60899423715213
"YNL192W",522.096692979537,0.111571863855114,0.142844157059897,0.781080644515484,0.434755065063281,0.609042632878165
"YMR009W",80.7078168382758,0.138025338432014,0.177119019081584,0.779596882291655,0.435628191611328,0.610106653753441
"YLR315W",15.2150572694448,0.195103499665564,0.250659034988964,0.778469472231304,0.436292296817533,0.610877457301087
"YLR110C",12107.6616845677,-0.135044655945658,0.173541662500124,-0.778170996883222,0.436468212498629,0.610964495525186
"YIL036W",211.61129462709,0.159705131167212,0.205398203391508,0.777400416695916,0.436922566692173,0.611441142705487
"YGR183C",64.5571892467363,-0.141683541474965,0.182408318175231,-0.777182853609321,0.437050896858239,0.611461413656057
"YHR155W",60.2104429192903,-0.130681344871685,0.168230550804937,-0.776488440639586,0.437460643355395,0.611875290484851
"YOL015W",21.6670650535795,-0.168568084843433,0.217306722843647,-0.775990243493056,0.437754746565471,0.612127243895638
"YDL001W",43.2225544131063,0.162943375005197,0.210005310967816,0.775323332970654,0.438148625189501,0.612164065779332
"YGR216C",60.5915537945288,0.131733691283443,0.169731393343539,0.775494665816037,0.438047416236886,0.612164065779332
"YKR065C",122.970892379445,-0.10952195117651,0.141229263439472,-0.775663446843154,0.43794772783024,0.612164065779332
"YOR165W",167.017086406527,-0.126875549292701,0.163684113186378,-0.775173774821895,0.438236982483994,0.612164065779332
"YDL166C",95.6797009495929,-0.161893785332305,0.209065494344454,-0.77448617912334,0.438643338194645,0.612572378950451
"YDR221W",87.6919572584853,0.123829568399617,0.160122503152011,0.773386843621454,0.439293473791968,0.61332083382809
"YBR058C",116.813715252076,0.109835562848058,0.14214653246923,0.772531160756346,0.439799898493507,0.613868309461702
"YBR130C",116.783470489902,0.199960471457467,0.259094409323662,0.771263657042453,0.44055066934517,0.614437196845731
"YDL181W",40.5963523763763,0.190421067636303,0.246973915019778,0.771569785009315,0.440369275614927,0.614437196845731
"YMR261C",306.996751461175,-0.109449015983796,0.14189419634203,-0.771442874580358,0.440444470197827,0.614437196845731
"YDR148C",188.001505358923,-0.138410278453786,0.179560519875775,-0.771010298920192,0.440700827111623,0.61448705670211
"YPL216W",36.8402802067185,-0.148596802273023,0.193058983362442,-0.769639477345573,0.441513780623919,0.61546081384144
"YLR373C",89.66594501493,0.155397885067619,0.202154049447375,0.768207088867654,0.442364162656793,0.616486226681275
"YIL160C",18.4584126396701,-0.189171809203029,0.246051435789559,-0.767851956753325,0.442575142762763,0.616620257270765
"YLR020C",105.038980702476,0.152048761981205,0.197962703321598,0.767642110410403,0.442699837226537,0.616634031572544
"YBR175W",48.4573335828933,-0.162337748937994,0.211827460736831,-0.767006697487025,0.443077533487652,0.616680340078305
"YDR410C",54.9632961850147,0.127880452608269,0.166594090474194,0.767335395003244,0.442882129164758,0.616680340078305
"YER066W",32.5810109598977,-0.150690350767153,0.19650982698596,-0.767105993244941,0.44301849888374,0.616680340078305
"YJR122W",44.6322457406714,0.133917475171666,0.174768287633748,0.76621383103083,0.443549080022291,0.617176712124281
"YBR169C",108.48329584329,0.13710805795014,0.179188579337727,0.765348174654618,0.444064244589651,0.617649241730955
"YFR001W",92.1355311358071,-0.146662207211888,0.191634524296446,-0.764890325075566,0.444336855518776,0.617649241730955
"YPL215W",92.4023173918986,0.11028796593225,0.144176079574781,0.764870497718295,0.444348663200225,0.617649241730955
"YPR183W",429.183771558438,-0.152644492333709,0.199529776303347,-0.765105018970566,0.44420901146428,0.617649241730955
"YOL032W",57.2050271879313,0.137703078425165,0.180147726622155,0.764584270147487,0.44451913874544,0.617726337439006
"YJR067C",23.2671527824801,-0.186069428813353,0.244202826009213,-0.762830661480109,0.445564392630026,0.619018715161891
"YHR001W-A",46.8213140054434,0.155929236455728,0.204841782947432,0.761470683560949,0.446375982830809,0.619185279902964
"YHR005C-A",268.252397425277,0.196018215842371,0.257345200016264,0.761577061942274,0.446312469379444,0.619185279902964
"YJL196C",365.600227860772,-0.161532576078199,0.21214346919525,-0.761471804546358,0.446375313517131,0.619185279902964
"YLR199C",48.3284014059249,-0.115549484798737,0.151639787966352,-0.762038326422331,0.446037129915673,0.619185279902964
"YML119W",79.0814384574842,-0.157636646872686,0.206910542589096,-0.761549985885841,0.446328634711582,0.619185279902964
"YPL237W",307.817196396913,-0.197292598381456,0.258968523291585,-0.761922305551352,0.446106376356191,0.619185279902964
"YLR114C",227.68262931193,0.140814007999602,0.185193141374897,0.760220877573835,0.447122567533509,0.620018086634968
"YOR269W",40.8082858048511,0.164463191198427,0.216250544399848,0.760079213952847,0.447207236571191,0.620018086634968
"YLR262C",44.0269147513767,0.135109290127658,0.177930068334197,0.759626385690423,0.447477942594437,0.620144978585012
"YNL268W",327.358412001921,-0.13043766942508,0.17173836467038,-0.759539850757758,0.447529684787844,0.620144978585012
"YPL195W",116.413327321092,-0.132670418177688,0.17473591446443,-0.759042618741121,0.447827062712907,0.620396996087444
"YDL133C-A",462.372980591902,-0.232813377134965,0.307188050063541,-0.758572407949933,0.448108383415337,0.620484406073232
"YDL200C",22.6965829795796,0.158406708608277,0.208655928815148,0.758550975487974,0.448121208556706,0.620484406073232
"YDR434W",126.460528612651,-0.123804193397645,0.163393939372968,-0.757766288854257,0.448590906975234,0.620494916653099
"YGR049W",77.5287139948227,0.146864361568228,0.193611864262102,0.758290247359021,0.448277244431453,0.620494916653099
"YNL053W",74.7605744236266,0.137053592706044,0.180708772191294,0.758146779956439,0.448363117378113,0.620494916653099
"YOR309C",18.7732857018338,-0.232772802224006,0.306038041254809,-0.757912021214725,0.448503653242128,0.620494916653099
"YNL254C",26.0986574803496,-0.174054404067372,0.229440437747718,-0.757271184853995,0.448887410517915,0.620745180713625
"YCR023C",81.6792654631005,-0.147811018665248,0.195427718161998,-0.756437140702245,0.449387146970097,0.621276284781568
"YFL037W",613.012162102231,-0.169743627216977,0.224502238220445,-0.756146459826689,0.449561389123879,0.621357236485938
"YBR002C",73.3371314515713,-0.165828511927327,0.219347038833368,-0.755708890694292,0.449823752383097,0.621400044765848
"YKL139W",54.4780235677489,0.156706264640213,0.20716885337881,0.755836053442801,0.449747497581698,0.621400044765848
"YBL052C",52.6755336242447,-0.138306818931105,0.183469359092895,-0.753612562351723,0.451081898835845,0.622682183216814
"YBR282W",44.2063565119592,-0.131403123566013,0.174364314974188,-0.753675668331016,0.451043995677395,0.622682183216814
"YIR002C",83.4899917617782,-0.105160201826397,0.139553366106412,-0.753582961030173,0.45109967881151,0.622682183216814
"YDR248C",38.5508004663477,-0.161167299945169,0.214243584031932,-0.75312222698903,0.451376468933688,0.622800786234683
"YOL072W",61.2206607792905,0.144458684654123,0.191760343696279,0.753053920716666,0.451417512718604,0.622800786234683
"YDR254W",43.2147182622279,0.132420511030176,0.175853261201581,0.752695106645727,0.451633151128017,0.622938278045346
"YCL047C",34.5384977574785,0.147789761435288,0.196509154774169,0.752177400302276,0.45194438252016,0.623207516948853
"YDL234C",197.79880404316,-0.113576189700524,0.151119295689367,-0.751670141446115,0.452249450733474,0.623468121121532
"YER039C",11.6677764167775,0.194040248885613,0.258530946797836,0.75077658942582,0.452787120693215,0.623697630282558
"YHL032C",230.834648341575,0.14356938429747,0.191162307293494,0.751092906575051,0.452596744420833,0.623697630282558
"YIL049W",40.3783497536209,-0.191415796301082,0.254622237199532,-0.750986340110094,0.452660876664824,0.623697630282558
"YOR271C",342.251801507552,-0.145985150033014,0.194501088585065,-0.750621589745154,0.452880424148571,0.623697630282558
"YNL041C",95.4531938726066,0.100447033215455,0.133912221140869,0.749955123055676,0.45328173346414,0.624090282090719
"YDR264C",249.553949322492,-0.0943676878059083,0.125876524964047,-0.749740578492547,0.453410963005973,0.624108222015654
"YPR071W",26.3278310987601,0.197632619120513,0.263087291058003,0.749346654414785,0.453648294772909,0.624274914482524
"YER114C",142.374579258343,0.111653040207031,0.149051917597895,0.748970808418131,0.45387480015768,0.624426626958734
"YER184C",33.4001189069544,-0.156804763182991,0.210293757557184,-0.746429446465813,0.455408036760059,0.626215198524905
"YOR030W",54.2542408381158,0.168730216366424,0.22580910670508,0.746464354647601,0.455386956471833,0.626215198524905
"YEL042W",214.510633299918,-0.0941439023233457,0.126165072361784,-0.746185707825935,0.455555240505357,0.626257280971147
"YLR425W",71.5281303059441,0.125472006438102,0.168137452351693,0.745942471024577,0.455702167862202,0.626298962023512
"YBR074W",103.281341230483,-0.120381674634914,0.161520168932931,-0.745279680902721,0.456102661981384,0.626342877020678
"YNL050C",42.5765099994506,0.187242389361196,0.250863973303371,0.745266049133474,0.456110901120551,0.626342877020678
"YOR103C",11.4337842532991,-0.185852577302293,0.249703611302179,-0.745117677072628,0.45620058367248,0.626342877020678
"YPR072W",189.147932942303,0.144925287595829,0.1943798343956,0.745350679476265,0.456059751287299,0.626342877020678
"YBR167C",40.7738029422324,0.190365720885609,0.255943492865377,0.7444725021825,0.456590670833673,0.626468024590335
"YCR067C",173.126869873182,0.096433487970761,0.129549420604743,0.744344903133989,0.456667842270774,0.626468024590335
"YJR106W",40.0952619236374,-0.144671514102912,0.194353060109889,-0.744002552965413,0.456874930612613,0.626468024590335
"YNL118C",247.45771243753,0.137936819984712,0.185314492325279,0.744191222301677,0.456760797605558,0.626468024590335
"YNL245C",44.574597403947,-0.143548790794078,0.192750622482876,-0.744573044172472,0.456529868570095,0.626468024590335
"YCR066W",31.8498110415536,0.152564806963996,0.205171301139994,0.742759581561113,0.457627250035943,0.626545282828836
"YGL060W",43.4116539905985,-0.120898810361589,0.162586431570952,-0.743690314553027,0.457063850287722,0.626545282828836
"YGR276C",106.006045221684,-0.0920216492837445,0.123802491606001,-0.743300075124628,0.457300026115803,0.626545282828836
"YHL008C",94.2973944703033,0.155763199000411,0.209601171954525,0.74278793135538,0.457610083326789,0.626545282828836
"YLR100W",163.607996477322,-0.0913818810599978,0.1230351662222,-0.742753067943762,0.457631194291104,0.626545282828836
"YOR172W",82.7617085659086,-0.125061638738779,0.168299788313586,-0.743150366707078,0.457390648957917,0.626545282828836
"YDL236W",225.441789172002,-0.151527462037454,0.204127507402897,-0.742425152546848,0.457829784806052,0.626657434809711
"YBR052C",320.380924054179,0.173890150640413,0.235076400737778,0.739829505417666,0.459403453313882,0.628651196878691
"YMR228W",17.8953410894429,0.160898856554847,0.217336229677274,0.738971799347011,0.459924121748299,0.629203376951124
"YMR146C",835.083016692186,-0.102081313078849,0.138227214957632,-0.738501694698884,0.460209637722152,0.629433655259912
"YDL111C",83.8689704566499,-0.128481485305164,0.174447802397378,-0.73633340972542,0.461527818721039,0.631075843775636
"YJL097W",122.804843189667,0.0984460698793598,0.13408375647216,0.734340512999921,0.462741232350904,0.632562994632921
"YLR405W",60.2965051085272,-0.136077628529658,0.185258937964292,-0.734160422217628,0.462850971682625,0.632562994632921
"YDL104C",22.5993532816828,-0.156979111465161,0.214189731981856,-0.733488404479881,0.46326059755614,0.632800780639376
"YIL138C",100.965703003672,-0.101367631497447,0.138164887947722,-0.733640598158463,0.463167810781122,0.632800780639376
"YEL020W-A",13.9697879299321,0.192964194921277,0.263761369918359,0.732297520696686,0.463986992275829,0.633631867661704
"YPL039W",48.5953696035409,0.164435265411731,0.224783164542045,0.731315307698034,0.464586582524173,0.634289408931707
"YOL151W",49.8172989265383,-0.117075196643481,0.160152092075679,-0.73105848933764,0.464743427918698,0.634342300216348
"YBR120C",24.0347219189741,-0.167763761642685,0.230018928829704,-0.729687822260554,0.465581026491276,0.634987380955178
"YDL240W",67.2624088687693,-0.127379450035453,0.174575152882245,-0.729511330580363,0.465688939412111,0.634987380955178
"YDR170W-A",21.9892566894418,0.151372604930227,0.207342973211447,0.729820655772956,0.465499816800875,0.634987380955178
"YMR297W",1085.98893456813,0.151339591671052,0.207462595339223,0.729515462382477,0.465686412931153,0.634987380955178
"YFL002C",73.9881520938971,-0.149958658565629,0.205790826431504,-0.728168409219068,0.466510501468078,0.63594616837184
"YOR160W",73.4693635454909,-0.106371363424036,0.146325630581758,-0.726921538262947,0.467274022162767,0.636825367428628
"YLR077W",110.097762034915,0.10121552256283,0.139410669266381,0.726094309335413,0.467780957383559,0.63735452108247
"YKL193C",79.7810718124741,0.114319000446436,0.157628356234511,0.725393754794784,0.468210503307522,0.637616281253728
"YLR316C",47.2773438549345,0.123287883514055,0.169969991075328,0.725512710475485,0.468137550085367,0.637616281253728
"YNL126W",22.1586779562393,-0.174454522702454,0.240294327685996,-0.72503655265692,0.468429606314183,0.637752957037636
"YBR145W",240.543628824986,-0.186238418138404,0.257600042730303,-0.723286325500929,0.469503992248698,0.639053710686204
"YDR238C",402.653159633019,-0.117544413557197,0.162871887356976,-0.721713168217206,0.470470844355637,0.639435767418612
"YDR310C",143.757217594872,0.106060938469597,0.147095683353295,0.720893214517106,0.470975218005591,0.639435767418612
"YDR357C",23.6907816913627,0.14995601878358,0.207826033174574,0.720972287970566,0.470926564987553,0.639435767418612
"YFR005C",49.5657223200972,-0.130658425521588,0.181055743964581,-0.721261008416475,0.470748942056181,0.639435767418612
"YGL140C",145.549542130019,0.138671172374306,0.192176641806923,0.721314095701988,0.470716286394814,0.639435767418612
"YMR283C",35.6570795376525,-0.150551643154476,0.208613705172059,-0.721986567328682,0.470302736175014,0.639435767418612
"YOR163W",120.712103941053,0.148651899239263,0.205948654509686,0.721736474532844,0.470456512429156,0.639435767418612
"YPL143W",40.3695032015481,-0.168934911341636,0.23405653199434,-0.721853224420075,0.470384722178983,0.639435767418612
"YPR017C",41.3553955937581,-0.138358314823675,0.19196779259196,-0.721335830644963,0.470702916907601,0.639435767418612
"YPR031W",30.5578606778644,-0.157106736037557,0.217467704695954,-0.721877575696408,0.470369749186401,0.639435767418612
"YAR003W",72.22925047256,0.147858325831389,0.205489339711041,0.719726489105794,0.471693413486015,0.640087247052397
"YLR393W",18.6665192678608,0.164356714669153,0.228491052120719,0.719895026692436,0.471589630331025,0.640087247052397
"YER019W",234.259906395037,0.110702920937949,0.153878773880329,0.719495467811913,0.471835693714605,0.640118593316783
"YDL170W",55.8319560791162,0.133008457920645,0.185174224318118,0.71841158883553,0.472503543359779,0.640195596577823
"YDR173C",38.2148384319112,-0.128049545434044,0.178079636697739,-0.718689967637511,0.472331966072703,0.640195596577823
"YGR130C",556.771237665744,0.0793020385388629,0.110341240540893,0.718694501692671,0.47232917181609,0.640195596577823
"YIR021W",31.6583051743397,0.142556410463029,0.198172316038757,0.718979677041088,0.472153441677673,0.640195596577823
"YLR018C",74.6864140851306,0.131731100622257,0.183247502265458,0.718557250827408,0.472413761088644,0.640195596577823
"YLR215C",33.9800474573095,-0.15632911510209,0.217508877949297,-0.718242750804567,0.472607622496941,0.640195596577823
"YEL047C",244.269611287135,-0.165235079921237,0.230336023392119,-0.717482079254887,0.473076690180817,0.640563898319468
"YIL165C",39.1962157774429,0.131228021030658,0.183092285420586,0.717221715938162,0.47323730190498,0.640563898319468
"YOR359W",39.3431060062732,-0.217364473179651,0.302514207957882,-0.717259740494788,0.473213843620992,0.640563898319468
"YDR246W-A",9.94065456399314,0.189053897661866,0.262838163556102,0.716600094618133,0.473620886089694,0.640921587096938
"YDR158W",709.566355527325,0.166559576242818,0.2327766896577,0.715578318537163,0.474251765287244,0.641452085459025
"YLR189C",129.517676821554,0.109980738990355,0.153660442451319,0.715754756551403,0.474142793504934,0.641452085459025
"YKR054C",109.912302087759,-0.121192532262421,0.169756801095456,-0.713820020356146,0.475338478273932,0.642760062137283
"YLR220W",192.040020890489,0.123234189292097,0.172788297125125,0.713293113584968,0.475664397892662,0.643038882728791
"YLR203C",165.291195327944,-0.0927315478362436,0.130245927802604,-0.712060757370762,0.476427153478032,0.643745972661763
"YOR279C",33.6145959301083,0.140796085629085,0.197579750542603,0.712154320529283,0.476369219921658,0.643745972661763
"YBR108W",140.264296195225,0.152579612250517,0.215396444721924,0.708404887539819,0.478693858146924,0.646017685325195
"YER076C",45.8712545570042,-0.150631463120347,0.212917545184474,-0.708389643186024,0.478703322235597,0.646017685325195
"YHR079C",86.1606753106578,0.101261831043605,0.142898222124269,0.70842269599123,0.478682802329643,0.646017685325195
"YOR171C",86.6473166967903,-0.092338972630321,0.130343592026906,-0.708379193639115,0.478709809643321,0.646017685325195
"YPL081W",82.1006541925385,-0.160628416227507,0.226780500279404,-0.708466908224751,0.478655355157182,0.646017685325195
"YER177W",1552.63902255269,0.0795000768313838,0.112282372114643,0.708043777509093,0.478918072044967,0.646088621007825
"YIL098C",50.5413454033936,-0.104546865491247,0.147750467861967,-0.707718561546625,0.479120048318273,0.646088621007825
"YLL050C",622.535214652215,0.177791912546319,0.251234902961563,0.7077134063834,0.479123250321014,0.646088621007825
"YJR030C",53.2077010935115,0.134699337084323,0.190421044556779,0.707184285626745,0.479451962780709,0.646369601429515
"YJL130C",687.72313893955,0.0965679356528125,0.136667710548477,0.706594858354093,0.479818285080983,0.64670113153575
"YCR071C",51.5393985038526,0.156567774354138,0.221796315196864,0.705448091536047,0.480531424726525,0.647405751665569
"YLR226W",18.1180801557379,-0.182389268172552,0.257911500936954,-0.705366556653029,0.480582150789541,0.647405751665569
"YJR084W",75.5430064813945,-0.112420522791662,0.159585264518542,-0.704649014735327,0.481028687678714,0.647844804794978
"snR70",12.198128983731,0.17288802471981,0.24575305273164,0.703479321964307,0.481757088770305,0.648316571940769
"YBR281C",76.6468591587178,-0.108891247253859,0.154829130477441,-0.703203147186115,0.481929158210815,0.648316571940769
"YDR105C",99.1944295700765,0.0895589780854328,0.127365746902665,0.703117524274179,0.481982511964158,0.648316571940769
"YML112W",52.2474279771788,0.167021819732283,0.23737653215275,0.703558080592336,0.481708024690264,0.648316571940769
"YOR125C",80.9971527168617,-0.117560690316875,0.167201969485286,-0.703357891014775,0.481832741654399,0.648316571940769
"YBL007C",450.909464557945,0.0941892817468633,0.134090101328498,0.702458335226334,0.482393376500641,0.64838208838462
"YKL018C-A",76.761743237217,0.113418714988431,0.161502091114581,0.70253221765864,0.482347317006224,0.64838208838462
"YML058W",230.884369000528,-0.142387913454672,0.202666069689709,-0.702548775714319,0.48233699477641,0.64838208838462
"YNL181W",74.897596537072,-0.116878539424128,0.166495599865997,-0.702128678634375,0.482598918839725,0.648496070324785
"YDL215C",172.064283290252,-0.122654495002806,0.174864419681361,-0.701536331405574,0.482968369501865,0.648830193245251
"YDR363W",54.9968750915702,0.125784409419292,0.179353047021961,0.701040726617879,0.483277599290109,0.64908326726361
"YIR037W",215.259042356006,0.164487657069428,0.234858519542626,0.700497163625154,0.483616875883933,0.649214256529018
"YJL133W",111.83804620549,0.12360762458792,0.176383657621934,0.700644337639611,0.483525001282712,0.649214256529018
"YLR278C",165.260439757871,0.114750916529731,0.163859497793495,0.700129629288271,0.483846353608904,0.649360011302704
"YOR150W",60.8673994734249,-0.182266676493701,0.26062993273077,-0.699615583404924,0.484167407931429,0.649628565575745
"YML120C",177.197240651969,0.10982640685273,0.157059195215225,0.699335047430204,0.484342669188131,0.649701417634729
"YBL036C",83.2835564421235,-0.104780975232012,0.150015394394411,-0.698320089321031,0.4849770384768,0.650389931000973
"YKL092C",56.980578958663,0.123553330965574,0.177595510100634,0.695276500224573,0.486882038383966,0.652781684513301
"YJL166W",93.3019357364238,0.119106577968109,0.171401056006261,0.695022963326866,0.487040910795468,0.652831727447581
"YHR167W",17.7801890809834,-0.15993871463672,0.230912145429951,-0.693231104622983,0.488164531082586,0.65417457496122
"YBR047W",9.87779071216289,-0.186106223096735,0.268975087916249,-0.692850681464945,0.488403262707204,0.654331235719729
"YHR159W",39.7833854387057,0.144040837383622,0.208163065316498,0.692111326253577,0.488867419372295,0.654626504474844
"YKL055C",7.44740961860519,-0.193290667757094,0.278604797691647,-0.692136540731864,0.488851586168477,0.654626504474844
"YPR024W",203.667008130098,0.0862804127696944,0.124747167986342,0.69167178484219,0.489143469816366,0.654832895409696
"YDR038C",26.6675651510104,0.14495331409872,0.20997791356482,0.690142068774678,0.490104849887285,0.655956428792577
"YER159C",95.2402473318845,-0.166439142393757,0.24145303012983,-0.689187572414752,0.49070523642339,0.6565963689163
"YDL122W",211.115874711051,-0.122980133864532,0.178737384990308,-0.687901982804438,0.491514507865361,0.657515422601458
"YDL095W",352.074107859208,0.0813809579456769,0.118437364964396,0.687097589459559,0.492021233164084,0.658029393258041
"YLR076C",41.8418678299009,-0.210252088177914,0.306294326057415,-0.686876148247924,0.492160778608037,0.658052163779877
"YOL077W-A",51.1236985316797,0.106802854914625,0.155578192570048,0.686442342333663,0.4924342112789,0.658253894668734
"YBL035C",30.3042852653842,0.125023453012234,0.182219915920151,0.686068833012473,0.492669703584207,0.658293655844898
"YCL004W",32.8248158568839,-0.138001107761814,0.201099851068441,-0.686006380046947,0.492709085179015,0.658293655844898
"YBR022W",34.2020619875046,-0.141293137877332,0.20621823807723,-0.685224955624518,0.493201978443588,0.658638491846795
"YLR442C",89.5642338303777,0.101664352139028,0.148332705074454,0.685208374894716,0.493212439807821,0.658638491846795
"YGR006W",22.1971763165205,0.135238575410636,0.197587018500946,0.684152885841255,0.493878629422124,0.65881564216998
"YMR113W",63.6437761389965,0.130338825034445,0.190497754434816,0.684307527635224,0.493780994562817,0.65881564216998
"YMR150C",65.475501470513,0.132166352414568,0.193280644645494,0.684313431469342,0.493777267314586,0.65881564216998
"YOL023W",50.9199435778936,0.121165670555376,0.1770617498167,0.684523830851761,0.493644446393807,0.65881564216998
"YPR201W",9.85778545213125,-0.179156384992874,0.262281180392853,-0.68402654379039,0.493958404583599,0.65881564216998
"YDR511W",39.9213794111398,0.158972846043362,0.232728543460346,0.683661649200843,0.49418884579606,0.658959357192314
"YNL122C",25.0171036665012,-0.158635859750629,0.232312913062382,-0.683395974292762,0.494356663154994,0.659019517946257
"YHL006C",21.5667856050978,0.170388684003212,0.249816107237444,0.682838191177212,0.494709093983248,0.659325693246656
"YKR038C",131.401887760268,0.092537321444803,0.135582213635829,0.682472099247044,0.49494047923964,0.65947043264602
"YMR187C",16.6662050555438,-0.154649108096535,0.226740172004994,-0.682135919431871,0.495153009726421,0.659589983938642
"YCR009C",241.16080922689,0.0888569370229367,0.130577220817356,0.680521969026823,0.496174016185592,0.66077595569267
"YIL126W",235.167103776558,0.103795736966385,0.152534937270942,0.680339735887114,0.496289369812741,0.66077595569267
"YBR114W",93.9828073516911,0.110267622040945,0.162378705870742,0.679146526492349,0.497045025006662,0.66154135655475
"YDL089W",49.2219657492349,0.13639256008924,0.200947860833187,0.679043061134611,0.49711057811487,0.66154135655475
"YBL059C-A",32.3957168612312,0.125404390584528,0.184966538946259,0.678208601967713,0.497639439271074,0.661917144211228
"YOR067C",115.186332847251,-0.0970014994324434,0.142991791259188,-0.678366043719099,0.497539633365263,0.661917144211228
"YGR248W",106.325572235694,0.134877900918409,0.199393502925995,0.676719242539867,0.498584105158478,0.66300946491859
"YML072C",405.778185179595,-0.106838956382601,0.157970758708541,-0.676359712331396,0.498812289544998,0.663148714640144
"YGL122C",365.411371951985,-0.118337733714505,0.175067311650273,-0.675905952350973,0.499100358310279,0.663246751729747
"YIL022W",290.490736893182,0.14797831970495,0.21891963117736,0.675854536551927,0.499133005118532,0.663246751729747
"YLR178C",196.555619942333,0.143965256541946,0.213259320275602,0.675319592383822,0.499472738821038,0.663534029237644
"YMR100W",84.4822254945412,-0.100032805815235,0.148252089492407,-0.674570742437247,0.499948526532404,0.663837709766512
"YPL048W",650.623636220578,0.119733780876656,0.177453506493625,0.674759666476638,0.499828469475524,0.663837709766512
"YER016W",154.855167210795,0.099505997085593,0.147589003560719,0.674181596820031,0.50019586819884,0.663967891678931
"YGL197W",180.417763013594,0.105896928938955,0.157137074067428,0.673833095011172,0.500417431673117,0.663967891678931
"YIL023C",147.608095921607,-0.140740330602736,0.208884344316592,-0.67400513808799,0.500308047079825,0.663967891678931
"YPL178W",173.530563862902,-0.148142095414295,0.219978954875064,-0.67357095688821,0.500584122871235,0.66402502443601
"YIL001W",25.679989257996,0.149982457085724,0.222751811046875,0.672741537899747,0.501111736581575,0.664560774612256
"YCR052W",205.535009674018,0.124141052336882,0.184716065384673,0.672033752414828,0.501562209122892,0.664993983016305
"YKR064W",60.0428616015602,0.138038029469144,0.205399434872051,0.671530871438551,0.501882399714953,0.665254286492846
"YOR138C",168.483719967284,-0.0958823154864441,0.142842962693866,-0.671313934857121,0.502020559335022,0.665273235674415
"YGL001C",216.203484999593,-0.144493817550792,0.215496275530186,-0.670659578711272,0.502437418650704,0.665283026246604
"YHL024W",41.8806597367163,-0.110767603414238,0.165251002517788,-0.670548542759342,0.502508172559576,0.665283026246604
"YJL204C",38.0761219780019,0.134245026194992,0.199897579750082,0.671045908910832,0.502191283842896,0.665283026246604
"YOR251C",121.375432568743,-0.117800838319166,0.1757271354349,-0.670524630635995,0.502523410441719,0.665283026246604
"YOL045W",115.195654290391,-0.0983532321429508,0.146724729780989,-0.670241172389466,0.50270406141802,0.665358184789598
"YCR054C",16.1280857422259,0.169742315076824,0.252849009332256,0.669550905259723,0.503144119601002,0.665612577925365
"YHR043C",148.693100296118,-0.104260478635274,0.155725742911187,-0.669654414302501,0.503078117685468,0.665612577925365
"YHR109W",17.8080703770222,-0.16950477690434,0.252879451140234,-0.669175571688185,0.503383487148501,0.66570851656727
"YML036W",30.0812689848331,-0.142910269240147,0.213523896435375,-0.669048515008374,0.503464530682602,0.66570851656727
"YHL007C",165.047257512749,-0.0963142797264724,0.14406235081522,-0.668434407320535,0.503856338464746,0.666062612329351
"YHR073W",218.879577825494,0.0788103130695884,0.117988036377982,0.667917002550498,0.504186573537915,0.66633515907287
"YBR111W-A",36.9349996731193,0.166074504178728,0.248911303085803,0.66742444485331,0.504501055949482,0.666586758057729
"YDR524C",77.289075852115,-0.111251554871183,0.16700185737673,-0.66615185069972,0.505314045396846,0.667496738275076
"YKL106W",53.4115758524038,0.104800182887545,0.157410360071834,0.665736978542265,0.505579233150674,0.66768282794499
"YOR323C",292.112015990914,-0.132676876876169,0.199481527504113,-0.665217228265458,0.50591156273914,0.667957473813157
"YNL317W",75.0858922975118,0.150437210451212,0.226124703591683,0.664972480944177,0.506068094572882,0.66799993510714
"YFL017W-A",32.5765756857256,0.132121235591563,0.198730246803298,0.664520028358376,0.506357534516239,0.668119951149821
"YNL299W",22.4819774652272,-0.197054495234306,0.295570900417536,-0.664441459254179,0.506407805088609,0.668119951149821
"YCL012C",24.1662920893215,0.1536851379652,0.231173120345557,0.663772920970058,0.506835659561247,0.668277388632366
"YDL107W",32.87595479973,0.127955040263714,0.192745783568312,0.663864996637938,0.506776721236252,0.668277388632366
"YGR184C",219.367358425714,0.0728378467899839,0.109740026916003,0.663671777941949,0.506900406123303,0.668277388632366
"YJL201W",68.9550209239897,0.142531748876385,0.214837304979634,0.663144602449473,0.507237947102698,0.668558285616832
"YGL006W",348.407085497738,0.103028315928816,0.155548033023007,0.662416555306014,0.507704296620272,0.6686806711985
"YMR227C",87.7057765957017,0.131178029667462,0.197900264311089,0.662428203868249,0.507696833379782,0.6686806711985
"YNL330C",188.939518529868,0.0644561683246698,0.0972638191399478,0.6626759642468,0.507538106803258,0.6686806711985
"YOR266W",30.933772902028,-0.129571833627305,0.195837016761945,-0.662013978231157,0.507962263365629,0.668711476086802
"YPL120W",28.298608601829,0.11893897095923,0.17958357090917,0.661991461580365,0.507976693806396,0.668711476086802
"YNL195C",24.1205686591251,-0.177527739064416,0.269717133655808,-0.659625238580285,0.509494353831058,0.670545007210638
"YLR142W",28.2907962809199,0.147465245775031,0.224169321424324,0.65857138876771,0.510171040642666,0.671106700781719
"YPR085C",45.7401506885174,-0.113058495295615,0.171648645884794,-0.65865681168015,0.510116172289292,0.671106700781719
"YHR115C",87.4508920518717,0.104145945482117,0.158237800503889,0.657996749615754,0.510540219769071,0.671427894314319
"YBR185C",45.8140658051541,-0.161063556989546,0.245084919000483,-0.65780205437706,0.510665334140748,0.671428031742951
"YIR011C",134.701372125915,-0.0868340912098305,0.132140402422042,-0.657093183674051,0.511121001511941,0.671481049588778
"YJR100C",62.6576403112752,0.0999489253995714,0.152084950542944,0.657299120479191,0.510988601914137,0.671481049588778
"YOR084W",79.8781531436212,0.128355346331901,0.195356584092983,0.657282696869639,0.510999160220514,0.671481049588778
"YOR157C",288.100590444818,0.131357892304912,0.199976329817326,0.656961399618631,0.511205736691214,0.671481049588778
"YDL194W",85.4076843052153,0.0972149668930032,0.148230981717693,0.655884680424647,0.511898325815749,0.671783627113923
"YER062C",215.334170634782,-0.138036279601438,0.210534438327859,-0.655849117353177,0.511921209764434,0.671783627113923
"YLL009C",66.9338778160147,-0.126461861685686,0.192877276012963,-0.655825516633941,0.511936396532729,0.671783627113923
"YLR367W",479.998649770946,0.0850915676465999,0.129743296183882,0.65588256941264,0.511899684184373,0.671783627113923
"YDL028C",63.3383123572542,0.147556667562417,0.224996791460158,0.655280442484451,0.512287210342177,0.671915654883475
"YOR020W-A",69.644101959004,0.166697660692854,0.254562302300146,0.655383901811204,0.512220613505677,0.671915654883475
"YBR106W",906.808248100147,-0.171015693335618,0.261346682120312,-0.654415235817163,0.512844321164734,0.672482140863229
"YDL092W",113.777695011795,0.119059283970135,0.182237874204673,0.653213805957064,0.513618450976963,0.673332853355448
"YDL019C",266.407859720697,0.125760568957136,0.192798259584969,0.652265191426994,0.514230111073233,0.673970211462747
"YNL287W",342.646472358312,-0.0897650088530669,0.137745311006332,-0.651697449976208,0.514596367951781,0.674285701944137
"YER050C",84.8783528269079,0.100919116366361,0.154953150241194,0.65132444960639,0.514837068782557,0.674436560105149
"YDR472W",72.2575037491682,0.126791989097418,0.194807664812678,0.650603725239665,0.515302325011815,0.674881440536079
"YOL008W",31.9096958151294,-0.161902582918257,0.249401474044232,-0.649781965244782,0.515833069989841,0.675411852490355
"YDR438W",42.4851681449281,0.140326318073785,0.216223224682918,0.648547759807828,0.51663073105144,0.675895405603717
"YER060W-A",18.4445302602093,-0.148588105975294,0.228845299580135,-0.648431749062177,0.516705741092695,0.675895405603717
"YJL052W",1108.71167213036,-0.186134868096947,0.287047365654073,-0.648569764677074,0.516616503815215,0.675895405603717
"YJL105W",15.3980865267887,0.1511287176102,0.23249406335573,0.648532788417133,0.516640410912005,0.675895405603717
"YCR083W",53.1301767604772,-0.133936317492248,0.207144651044924,-0.647213713204162,0.517493637291605,0.676761218868568
"YDR066C",17.7474598281743,-0.1433361418592,0.221865395495107,-0.646218521691987,0.518137846124518,0.67739155381755
"YDR137W",74.9651282559274,-0.0921451862140098,0.14266954260964,-0.64591139290508,0.518336740884692,0.67739155381755
"YOR297C",27.3174167172671,-0.126778732964876,0.19622081650694,-0.645884758386813,0.518353991098516,0.67739155381755
"YDR387C",98.0402799675103,0.0780189366703901,0.12087606044008,0.645394031617524,0.518671870166849,0.677498108647517
"YGL198W",82.9102670230912,0.166456980815826,0.258134075629933,0.645197780388323,0.518799024410104,0.677498108647517
"YMR138W",32.3025183076801,0.133818138204249,0.207357678643886,0.644980088576942,0.518940089178157,0.677498108647517
"YOR184W",262.886948720461,-0.0966020515501894,0.149775052698075,-0.645090990532444,0.51886822199403,0.677498108647517
"YKL058W",106.822874517305,-0.129052232488239,0.200419800167525,-0.644075073302935,0.519526753350122,0.678099196170961
"YMR066W",51.4566567804293,0.146014484724266,0.226623965418403,0.643724635773014,0.519754011726537,0.67823100023888
"YDR371W",52.5723123864306,0.113995421649052,0.177277825063663,0.64298269972201,0.520235325656294,0.678529367192801
"YPL010W",137.653381534882,-0.119823456746991,0.18635735162903,-0.643134872680995,0.520136588225998,0.678529367192801
"YDR141C",129.015685388448,-0.0916181845927576,0.142622747999631,-0.642386923992018,0.520621987707672,0.678574122919321
"YER048W-A",62.8673166231742,0.102329772731811,0.159531294372528,0.64156752723894,0.52115402290862,0.678574122919321
"YGL129C",79.9417367840887,0.130095486845011,0.20240686411984,0.642566030912261,0.520505730669989,0.678574122919321
"YJR109C",164.008900626489,0.151247053540921,0.235596726059787,0.642238858148908,0.520718106301604,0.678574122919321
"YKL048C",33.0497034659893,0.119665836757452,0.186424480157419,0.641818505154477,0.520991032944084,0.678574122919321
"YLR423C",23.5571751059348,0.134755222327475,0.209945868100879,0.641757848767635,0.521030421981981,0.678574122919321
"YOR048C",184.983369217287,-0.105655194437237,0.164605486950155,-0.641724944796766,0.521051789800502,0.678574122919321
"YBL003C",674.526031439745,0.18038143218564,0.28142993226317,0.64100325208232,0.521520570058798,0.678722312039207
"YGR030C",25.7898231217003,0.139725921281722,0.217860395577682,0.64106596566626,0.521479825429433,0.678722312039207
"YDR285W",28.1675464029693,-0.156511313425825,0.244119288269155,-0.640617854965521,0.521770996150992,0.678833887816546
"YOR122C",629.458617322077,0.113417122150324,0.177093458248676,0.640482318401748,0.521859080766062,0.678833887816546
"YLL013C",43.1092763162636,-0.134265768521523,0.209990349930821,-0.639155742913931,0.522721619871506,0.679571364925142
"YOL117W",32.6353222444114,0.12190591991099,0.190635375680467,0.639031731802391,0.522802289279088,0.679571364925142
"YPL152W",28.1586587249669,-0.125792480458909,0.197036480824409,-0.639026641871994,0.522805600422768,0.679571364925142
"YEL036C",257.959506994543,0.125304251198261,0.196238699017779,0.638449918074584,0.523180845296159,0.67989458506791
"YLR039C",71.1369624982339,0.102893034719516,0.161180305212146,0.638208908777174,0.523337698747285,0.679933909040074
"YHR149C",89.1215551667684,-0.13415927725379,0.210417797921556,-0.637204192740269,0.523991847011976,0.680520851906295
"YHR189W",27.1829871749187,-0.133158294648176,0.20921925559712,-0.637125856049821,0.524042867898796,0.680520851906295
"YDR226W",799.681742250856,-0.147840909805831,0.232367794043543,-0.636271112880399,0.524599729750097,0.680983071624278
"YHR076W",79.0417912260665,0.106025234103831,0.16684388976813,0.635444841274669,0.525138330453775,0.680983071624278
"YKL057C",107.536509713392,-0.117482418346825,0.184763246589254,-0.635665327026983,0.524994580322759,0.680983071624278
"YNR004W",20.4174237426239,0.134786486379514,0.211823212165458,0.635412314327407,0.525159538757729,0.680983071624278
"YOL055C",49.5371554165122,0.107624294059148,0.169238433910022,0.635941929409796,0.524814272313247,0.680983071624278
"YOL137W",47.1664915653808,0.121919144199351,0.191778095867364,0.635602831898125,0.525035323236197,0.680983071624278
"YDR353W",911.275949675443,-0.0755375767427666,0.119009724751919,-0.634738440287415,0.525599018436014,0.681388445092886
"YPR171W",81.0181393230496,0.0858579935794973,0.135336895768749,0.634199015878945,0.52595094974706,0.68168015229041
"YDR388W",518.410470884247,-0.106320816840593,0.167969495995528,-0.633031931720667,0.526712790900434,0.682502870911033
"YMR282C",46.5209709999386,0.14759783090954,0.233296589871618,0.631752768520995,0.527548440977258,0.683190982392221
"YNL045W",176.742483322729,-0.0946567997148198,0.149819801851946,-0.631929006861624,0.527433268076979,0.683190982392221
"YNL147W",79.1290689683934,0.154706221634842,0.244945860461007,0.631634967374434,0.527625431942457,0.683190982392221
"YAL023C",555.084083688743,-0.0817044484821336,0.129556965862313,-0.630653984398749,0.528266792668571,0.683856578313544
"YGL200C",478.110062571411,0.117640858179253,0.186616181260313,0.630446146222968,0.52840272697522,0.683867722068411
"YCR046C",112.465769225962,-0.096865773067347,0.153850524888502,-0.629848946289346,0.528793418233727,0.684208491769056
"YDR295C",55.0760381587315,-0.1077721946462,0.171190584019393,-0.629494968912888,0.529025061434443,0.684343353796819
"YNL116W",48.1747531000649,0.0972871212706049,0.154607929132147,0.629104469776366,0.529280664402154,0.684509137612321
"YPL049C",395.761949613759,0.127721705079918,0.203150280496527,0.628664116801531,0.529568974761391,0.684717131305593
"YJL019W",39.6134800225618,0.10966590591247,0.174678064148448,0.62736523558946,0.530419850376637,0.685652230173988
"YNL083W",54.1056374363653,0.102764233473559,0.163821894720849,0.626960500868552,0.530685127188525,0.685830081359377
"YDL156W",23.5104012792263,0.12777036548073,0.204199402407781,0.625546904791616,0.531612173842644,0.686862878448122
"YJR083C",46.7756977085738,0.114784203217304,0.18353300562011,0.625116202217477,0.5318947948025,0.686897557798564
"YLR309C",125.075201684075,0.114060355501293,0.182382697867941,0.625268919867206,0.531794574922972,0.686897557798564
"YLR028C",585.855703229145,0.0612999180035835,0.0981641859442141,0.624482360849454,0.532310850974925,0.687269610717866
"YNL104C",612.170387849327,0.161171780088109,0.258330844535632,0.623990156967187,0.532634049322274,0.687521624347496
"YMR118C",12.8768765021026,0.154692100111112,0.247943674964161,0.622956313440672,0.533313230483512,0.688232907478842
"YGL042C",20.6554283768506,0.15389466046477,0.246899100507797,0.622391823243921,0.533684255748029,0.68854627375034
"YDL125C",392.707316764313,0.119092810850421,0.191615582051038,0.62158131267249,0.534217212014634,0.688918104345408
"YDL184C",662.230083976575,-0.174477213092259,0.280732819933198,-0.621563405726812,0.534228989871276,0.688918104345408
"YML110C",195.961192682079,-0.118930217000609,0.191475470121713,-0.621235231640306,0.534444861583661,0.689031049343698
"YPR033C",426.749085475674,-0.0725704801145473,0.11687293016608,-0.620952447081779,0.534630911535717,0.689105501765859
"YER129W",156.338562350456,0.122191401716916,0.196782555177207,0.620672958051501,0.534814825393485,0.689177165832152
"YDR115W",48.238552694602,-0.178048524662099,0.287523940163295,-0.619884021660559,0.535334146101407,0.689680906382983
"YOR202W",149.871328328129,0.130208584451035,0.210295919791266,0.619435395166775,0.535629569697168,0.689896023703474
"YJR059W",333.005507263394,-0.113604694314991,0.183590340600093,-0.61876685388283,0.536069961012808,0.690151518933187
"YML085C",402.087463345502,0.104009422577285,0.168117904065502,0.618717523834763,0.536102463645397,0.690151518933187
"YML091C",129.521061786883,0.100860024781819,0.16306555232606,0.618549131239581,0.536213421803796,0.690151518933187
"YDR286C",23.5167998440291,0.167522502070814,0.271479502853453,0.617577792054166,0.536853687425787,0.69081005154861
"YIL161W",36.0685505209529,0.147959404657361,0.239492333458376,0.617302185176075,0.53703542578595,0.690878388478164
"YNL006W",90.3879840088721,-0.113940496089333,0.185022807518948,-0.615975049134415,0.537910987428002,0.691839059740373
"YER018C",121.188494275076,0.113856828668673,0.184938027555612,0.615750298388149,0.53805933488777,0.691864181872687
"YOR010C",35.236724858107,0.136711036580196,0.222194310945682,0.614837709396142,0.53866190310126,0.692469428247144
"YPR028W",429.719974267331,-0.156496592558121,0.254630185774962,-0.61464697175093,0.538787886919533,0.692469428247144
"YGL114W",109.964333880597,0.0743109873400134,0.121036508445997,0.613929237064,0.539262089056615,0.692574615878992
"YGL173C",451.120367699531,-0.0677939784663477,0.110493250827353,-0.613547378800349,0.539514465246267,0.692574615878992
"YMR040W",10.8117767425879,0.159334679889527,0.25925892392214,0.614082628117021,0.539160727127632,0.692574615878992
"YMR305C",648.678669091103,0.109014753844974,0.177550746870934,0.613984098088075,0.539225835394327,0.692574615878992
"YNR035C",290.595364676112,-0.0983093670200252,0.160204346188206,-0.613710955061668,0.539406347856288,0.692574615878992
"YLR312W-A",50.9644095422576,-0.106031509098842,0.17302020375939,-0.612910035420936,0.539935827313256,0.692949899283034
"YIR016W",171.361421994655,0.113836112472117,0.186096673889845,0.611855504427142,0.54063336300362,0.6935337662749
"YNL207W",78.0179935694367,-0.145462091566743,0.23759526358201,-0.611831844045262,0.540649018691679,0.6935337662749
"YDL047W",157.529204501991,0.0682281144328069,0.111728797528508,0.610699205706898,0.541398731976025,0.69432965363974
"YDR151C",108.652756506766,0.0884646005854717,0.144896291686368,0.61037868752976,0.541610982805182,0.694436044078929
"YLR369W",72.0374318242297,0.090042441079334,0.147643281269772,0.609805027747491,0.541990970590441,0.694757399293856
"YJL090C",46.581970648485,0.146226080707784,0.240283642659758,0.607904509735634,0.54325080838068,0.69620617795577
"YOR377W",106.928156136954,0.0782445732294269,0.128837253677658,0.607269319528258,0.543672195612107,0.696580000628012
"YDR027C",116.846997210551,0.0777809459863958,0.128148432523674,0.606873326880314,0.543934980687113,0.696662230927199
"YMR176W",57.9094062634843,-0.0917587915169546,0.151211389107535,-0.606781704103568,0.543995791567431,0.696662230927199
"YBR066C",47.7069366411832,-0.136177288633545,0.224551558646231,-0.606260712418741,0.544341642805136,0.69686000242561
"YGL121C",12.7255820646327,-0.150575579735502,0.248889978133238,-0.605893607015007,0.54458540493995,0.69686000242561
"YHR084W",79.2452869613218,-0.139153028357132,0.229549366015967,-0.605767425880484,0.544669203161927,0.69686000242561
"YIL031W",81.3766203177148,0.129276950111974,0.213125648490638,0.60603589667317,0.544490916562901,0.69686000242561
"YEL053C",76.7992638973383,-0.114738864580869,0.189577762739324,-0.604817254128939,0.54530042790855,0.697501452321225
"YKL018W",51.3761311700968,-0.14531384877154,0.240371260545389,-0.604131939878384,0.545755925923496,0.697917875746452
"YDL217C",59.7923248678811,-0.126331982917672,0.209370466477491,-0.603531936720156,0.546154876304945,0.698261804483185
"YCR003W",46.4288743091783,-0.0994094505833963,0.165175614025355,-0.601999117751839,0.547174724663049,0.699399201847986
"YNR019W",209.509659377197,-0.119559530888716,0.198877455316005,-0.601273370386743,0.547657923152542,0.699850274863742
"YDR121W",66.3559002193273,-0.120191818848683,0.200063074341921,-0.600432232202308,0.548218212050691,0.70006657558827
"YHR201C",148.319350097894,-0.108099375201539,0.179886928688345,-0.600803925429757,0.547970589289949,0.70006657558827
"YPL203W",163.794515689959,-0.114083995824412,0.190026967568123,-0.600531770715669,0.548151893877288,0.70006657558827
"YCR107W",28.2715588335126,0.143431295044273,0.239871543197661,0.598060865378767,0.549799321512712,0.701918743961202
"YDR350C",86.5052752801955,0.102613687865198,0.171673296459575,0.597632443724522,0.550085211253666,0.702116841645304
"YEL032W",138.816316688382,-0.0767272229517904,0.128468703728864,-0.597206966852443,0.550369208369392,0.702145610012353
"YPL161C",52.4277561156426,0.116216591714661,0.194400588214892,0.59727593970233,0.55032316549945,0.702145610012353
"YDR116C",82.8181259660924,-0.0927136078203163,0.155513753307794,-0.59624893133241,0.551008941659109,0.7026279738013
"YLR102C",38.0091564884757,-0.108149579897255,0.18150951684265,-0.59640016423907,0.550907930778454,0.7026279738013
"YMR313C",106.146765734975,0.0797822615859297,0.133843094087124,0.596024851664046,0.551158624805161,0.702652023220631
"YMR188C",56.0100671566769,-0.12686441520198,0.212940030818335,-0.595736125371842,0.55135152077368,0.702731138603568
"YPR051W",11.7726611358441,-0.166572714093038,0.280561034472132,-0.595361050497651,0.551602155161207,0.702883790123569
"YGL134W",53.8242686890757,-0.0943197292671646,0.158492604170399,-0.595012544803489,0.551835085527355,0.702983628474277
"YIL016W",118.279923975997,0.127288927399968,0.214029584131273,0.594852193738756,0.551942275419107,0.702983628474277
"YDL088C",119.593475593706,0.0864217531594401,0.145407372198823,0.594277683215889,0.552326402454463,0.703304878036531
"YLR305C",178.452988392163,-0.087543801060629,0.147410483148962,-0.593887534963867,0.552587336681095,0.703304878036531
"YNL329C",92.6857110722764,-0.079983531428028,0.134640629615792,-0.594022097344337,0.552497333467897,0.703304878036531
"YLR033W",101.837400301037,-0.0793507258077701,0.133991910223173,-0.592075856933181,0.553799793121074,0.704681044504451
"YCR094W",62.3421305686099,0.0873294773506708,0.147954695561061,0.590229549534384,0.555036763861485,0.705833424483343
"YDR524C-B",4610.82220731919,-0.172321652245394,0.292136165220578,-0.589939671061097,0.555231096339997,0.705833424483343
"YDR531W",103.538724601223,-0.122284781272863,0.207130836137379,-0.590527572511391,0.554837006026093,0.705833424483343
"YNL022C",55.4406226498879,-0.128176173337082,0.217026456684828,-0.589994670923994,0.555194222265783,0.705833424483343
"YER128W",11.7408868488722,-0.145647405092389,0.24734845669163,-0.588842878396231,0.555966679072003,0.706434121905779
"YGL243W",34.0270325144644,-0.103124635765617,0.175093942116498,-0.589002704892781,0.555859459109392,0.706434121905779
"YBR294W",60.5710834527391,0.116637105666434,0.198482843777038,0.58746623232768,0.556890622772949,0.707440760386355
"YCR059C",155.30272490817,-0.136320599855084,0.232575830077522,-0.586347929837249,0.557641728056658,0.708227411064628
"YGL215W",219.208964388889,0.147139476900478,0.250989507850112,0.58606164780266,0.557834087953038,0.708304228462356
"YBR151W",245.529590598088,0.13743409599158,0.23524199300868,0.584172434557664,0.559104305323327,0.709187085882032
"YDR030C",17.0918483738299,-0.139488133438182,0.238037864129413,-0.584747617177557,0.558717431165124,0.709187085882032
"YDR097C",59.9266228561664,0.0896206059086305,0.153381495453131,0.584045658362113,0.559189593876449,0.709187085882032
"YDR356W",55.2692808969289,0.112653864847573,0.192678641893667,0.5841487741145,0.559120222382379,0.709187085882032
"YPL277C",11.8811466891105,0.146902519910048,0.251596642542084,0.584147281157797,0.559121226744572,0.709187085882032
"YJL188C",191.095019865688,-0.172903865942054,0.296409674198148,-0.583485732904976,0.55956635867177,0.709497382536845
"YEL007W",190.387289109746,0.130664594624627,0.22447397766149,0.58199242678166,0.560571782030224,0.71032341030211
"YGL044C",93.8173408414785,0.143672466379982,0.24671234008643,0.581928882375763,0.560614585043873,0.71032341030211
"YIL039W",178.032521053602,-0.0780140213948632,0.134063587094677,-0.581967786265294,0.560588379500986,0.71032341030211
"YBR198C",232.433172832083,0.086053369777431,0.148048114364907,0.5812159377546,0.561094927426365,0.710764352643162
"YBL089W",54.2986042412586,-0.100275319690872,0.173019658843004,-0.579767808168855,0.562071209196829,0.711833167789712
"YPR119W",40.6302982180075,-0.125829072548991,0.216886857021642,-0.579445327009254,0.562288727167865,0.711940771715842
"YGR243W",139.374598869821,0.0984667015557305,0.170196564045707,0.57847787880139,0.562941528108229,0.712431420233105
"YLR127C",53.0651390053502,0.0986835461421227,0.170489888419746,0.578649145103618,0.562825936836887,0.712431420233105
"YKR052C",81.7795155442223,-0.0798335489472294,0.138068430711436,-0.578225024180532,0.563112206007,0.712479542629822
"YBL014C",40.5018378936156,-0.102735167657865,0.177669008619343,-0.577916223248305,0.563320681742658,0.712575454931657
"YIL076W",247.078942625232,-0.121901781535357,0.211296149458334,-0.577024924496497,0.563922618366746,0.713168915292628
"YHR206W",157.949611876228,-0.11656728597967,0.202146443621389,-0.576492436115498,0.56428238098832,0.713455901197802
"YNL176C",199.946360591554,0.140777369766753,0.244244787712554,0.576249342936818,0.564446657616783,0.713495645577722
"YOL081W",194.905198070506,-0.109880432172602,0.190896328921206,-0.575626631343136,0.564867576371821,0.713859706516012
"YJL102W",39.826012165838,0.116666748602433,0.203347835975264,0.573889459995143,0.566042605909763,0.715176390576649
"YAL039C",302.442383674391,0.101814372876594,0.177597190118117,0.573389465870886,0.566381021220267,0.715435669090794
"YML095C",14.3158691696618,-0.150445639118543,0.262081610662044,-0.573022837553516,0.566629231074077,0.715578526980775
"YMR299C",38.8872619051014,-0.101078294300904,0.176468249581231,-0.572828860403869,0.566760576014935,0.715578526980775
"YDL008W",55.941414702793,-0.112021728609401,0.195857631633251,-0.572375500639111,0.567067609866136,0.715797916002589
"YBR135W",82.6080208280134,0.0966978861587765,0.169053541000694,0.571887743924651,0.567398027724089,0.716046712148986
"YIL004C",43.126947117065,0.107554563468807,0.188516442040452,0.570457589582976,0.56836737906877,0.717101525247443
"YMR137C",32.1166613935428,0.131450032408686,0.230915867225945,0.568928944157655,0.569404361899836,0.718241152598407
"YBR110W",109.73732013809,0.0792681318871332,0.139661394211832,0.567474764273483,0.570391667168785,0.719148742808343
"YMR103C",93.5594374680773,0.121166030382531,0.213506203325991,0.567600032672866,0.570306584961978,0.719148742808343
"YBR122C",74.66623545438,-0.0857593001229998,0.151357496664166,-0.566765146188603,0.570873753413024,0.719277300389537
"YGR137W",33.5962396438273,0.131924499251348,0.232977642491749,0.566811894878736,0.570841988247341,0.719277300389537
"YLR098C",40.9252452446414,-0.102133431339051,0.180276996343813,-0.566678268169276,0.570932788204643,0.719277300389537
"YOR062C",107.161254487787,0.0937543217345339,0.165473574131223,0.566536236101467,0.571029307179479,0.719277300389537
"YGL194C",28.4547153380343,0.121462570549854,0.214339657243881,0.566199242873528,0.571258344570775,0.719397085273067
"YLR168C",40.4388266965229,0.14958584774503,0.264209762987051,0.565730799167115,0.571576794857126,0.719629387055233
"YER027C",152.235677877031,0.105496043661161,0.187035779192014,0.564051814197472,0.572718869989548,0.720888764646362
"YLR182W",114.457552535745,0.0901935503726625,0.15994501065856,0.563697451239213,0.572960052279342,0.720888764646362
"YNL272C",109.439829715557,0.0664398958630309,0.117853518699942,0.563668540629112,0.572979731200022,0.720888764646362
"YBL101C",149.357574275286,-0.117568334668919,0.208846049802123,-0.563173113178779,0.57331700938085,0.721110097737547
"YHR118C",36.5791500086201,0.0948299702214019,0.16837052327127,0.562863141741873,0.573528080280201,0.721110097737547
"YHR181W",89.5419797539207,0.0841201441157184,0.1494466097251,0.562818572903337,0.573558431862745,0.721110097737547
"YGR074W",14.2724069416005,0.142573124639328,0.254056373239724,0.562004053444056,0.57411325739315,0.721628224241658
"YIL033C",380.624951394687,0.0775306678218119,0.138014470996262,0.561807490796032,0.574247187864912,0.721628224241658
"YJR065C",375.44723075767,0.0729133636326038,0.129834338748441,0.561621967833608,0.574373609873969,0.721628224241658
"YKL116C",60.3348186872492,-0.0876362463525662,0.156105295333174,-0.561416364480304,0.574513730771319,0.721635464914115
"YDL016C",28.0134792880479,-0.125751124616156,0.224249716135442,-0.560889794017251,0.574872667958045,0.721917488801183
"YBR204C",72.8902127936601,0.0934727020410321,0.166780214342209,0.560595494568724,0.575073323611036,0.722000659447142
"YDL165W",50.3734538487925,-0.0916497170703385,0.163800562708616,-0.559685349133583,0.57569407730995,0.722611098207931
"YCL011C",460.708269079992,0.0635953675486451,0.113707693616296,0.559261919530342,0.57598298018023,0.722699246304691
"YJR092W",100.835873365023,-0.0975313145589553,0.174355800669976,-0.559188009773422,0.576033415272832,0.722699246304691
"YLR134W",43.2938314393699,-0.123856328693431,0.221748715298009,-0.558838380682395,0.576272026036467,0.722829764559052
"YLR176C",58.8700708157974,0.128655919832041,0.230347984642901,0.558099215592659,0.576776636223616,0.723293792471876
"YNR032C-A",36.9151708273133,0.141906847886633,0.254579789974499,0.557843548758614,0.57695122228023,0.723343841005396
"YLL036C",89.934687167434,-0.0835333744783955,0.149838598385514,-0.557419337408272,0.577240956502508,0.723369383428598
"YPR176C",80.7992003371798,-0.0934126991367356,0.167587303798956,-0.557457427865942,0.577214938110626,0.723369383428598
"YKL157W",272.427239468494,0.101403804289038,0.18207456118342,0.556979972958509,0.577541112449919,0.723576700482509
"YGL012W",610.997120904727,0.0903468591502546,0.162330080347802,0.556585485823454,0.577810672629965,0.723745597643549
"YNL187W",25.3303626809115,0.119050582078927,0.2140970362666,0.556043486896293,0.578181126806517,0.723963512033529
"YOL027C",152.442611570606,-0.0739940273934378,0.133073646992508,-0.55593655213255,0.578254229496153,0.723963512033529
"YDR334W",170.447726061671,0.0641474485862667,0.115462576817953,0.555515481194653,0.578542124043347,0.724155149903709
"YOR078W",65.0134590096659,-0.0893220784374484,0.16111697370509,-0.554225578026356,0.579424475433553,0.725090600548372
"YKL075C",33.8078964208496,0.100877763098451,0.182057570707256,0.553888276695192,0.57965530873085,0.725210496900395
"YMR108W",504.047642795636,-0.0567016022922953,0.102443907170458,-0.5534976825314,0.579922667045671,0.725376023451863
"YIL105C",102.311986130161,0.0673631905606399,0.121820210587299,0.552934241695977,0.580308439238398,0.725520630155827
"YJL140W",193.431041224373,0.0554036501677044,0.100185176622451,0.552969881308495,0.580284034229679,0.725520630155827
"YHR044C",23.8314282708952,0.116948713426041,0.211856852674988,0.552397596142131,0.580675977217545,0.725811187720604
"YDR316W",57.6563829163994,0.113605903482123,0.205842509133772,0.551697573712937,0.581155572574191,0.72607271000139
"YPL068C",19.0560530173154,0.139003956935741,0.251096124881607,0.551798498686207,0.581086416001647,0.72607271000139
"YML062C",99.3308091729276,0.10382644093735,0.18832841639849,0.551101490665791,0.581564103620925,0.726245245419202
"YML097C",34.0104075696001,0.109089838442291,0.197694752473164,0.551177167384433,0.581512230438898,0.726245245419202
"YNL323W",95.9995458753373,-0.0744359069437711,0.135202452565829,-0.550629298711067,0.581887820041046,0.726480586108893
"YJR024C",91.273163015361,-0.132820426192867,0.241587415568231,-0.550053788042368,0.582282481565202,0.726804371017127
"YMR140W",83.0752233467783,0.083677518697377,0.152360348393806,0.549175903365687,0.582884739383303,0.727387066735065
"YIL072W",12.4985241010593,0.139418582532059,0.253965554614238,0.548861328219375,0.583100618997541,0.727487438939789
"YPL105C",280.866305637044,0.118588433287957,0.216162173738755,0.548502525837973,0.583346895397528,0.72762567932655
"YLR454W",120.304440476711,0.094876087976647,0.173039335667711,0.548273742309027,0.583503954179239,0.727652597607776
"YGL263W",13.2821724110852,0.131336614964871,0.239667000351813,0.547904931357873,0.583757182584252,0.727799402892297
"YER007W",13.6167509659657,-0.133298168727361,0.243673576858123,-0.547065787929118,0.584333535492601,0.728348902095791
"YJL142C",9.52646367532509,0.159281431962617,0.291443739311708,0.546697714006173,0.584586424987484,0.728399647377852
"YNL165W",46.5278480053585,-0.0942940098755356,0.172552179580495,-0.546611769843663,0.584645481259713,0.728399647377852
"YOL089C",48.2109615794775,-0.097157439425735,0.177810080607968,-0.546340284458365,0.584832049846589,0.728463112181362
"YBR246W",106.572118252462,-0.0656937587889425,0.120428736362918,-0.545513256611166,0.585400565572525,0.729002188196159
"YLL051C",117.127038725108,-0.0814277237991796,0.149482227131697,-0.544679177159193,0.585974188550736,0.729547372903571
"YMR285C",81.4829337115626,-0.0828443442339425,0.152211511474021,-0.5441702463039,0.586324324557408,0.729814124495444
"YMR005W",89.8589906253432,0.101986212263382,0.187581192931065,0.54352957394943,0.586765234415753,0.73002457124091
"YOR094W",25.5616710839907,-0.116118671731825,0.213704248376277,-0.543660412943608,0.586675178712525,0.73002457124091
"YGR217W",61.5214101498276,-0.0856919267887608,0.157884285813152,-0.542765135022092,0.587291521179426,0.73051013438043
"snR86",137.547062555714,0.0841323999673741,0.155189204931907,0.542089142866424,0.587757097717922,0.730919974957851
"YHR156C",18.9000728429217,0.126592199247713,0.234258187458324,0.541089947486184,0.588445586713996,0.731606769963165
"snR9",15.5381932592027,-0.13410077036543,0.248357569962549,-0.540530098089871,0.588831510039115,0.731680659137272
"YBR265W",177.476674338198,0.0694902402883773,0.128598850348072,0.540410887214636,0.588913701256828,0.731680659137272
"YKL011C",25.4094960013077,-0.10601177647032,0.196093757324977,-0.540514362978845,0.588842358476968,0.731680659137272
"YOL115W",79.3578387564565,-0.100387278158668,0.185853817784636,-0.539957828605826,0.58922611567425,0.731899506772988
"YIL114C",83.0171696577015,-0.105315359504419,0.195482640950825,-0.539009041646617,0.58988061575977,0.732543072195544
"YDR282C",25.2279969642726,0.12048378573512,0.223782061467856,0.538335350644005,0.590345550159216,0.732863699620151
"YGR207C",106.419528953455,0.121725558705609,0.226306242294697,0.538041865296854,0.590548145960903,0.732863699620151
"YLR143W",51.2571184459817,-0.0942378552866571,0.17509036542271,-0.538139991277383,0.59048040507724,0.732863699620151
"YHR016C",179.231996302238,0.0980903720795985,0.182431229147047,0.537837024991533,0.590689568183159,0.732869870804284
"YOR205C",39.2784940396951,-0.117618002844641,0.218689807228218,-0.537248634855757,0.591095880742575,0.73320461327214
"YJR011C",25.9181252846705,0.104870591498971,0.195252948226651,0.536775593677948,0.591422632286198,0.733440535213385
"YJL209W",48.5058647110255,0.100004857353626,0.18644887441502,0.536008863686339,0.591952424577221,0.733781522880691
"YLR163C",90.2501279951193,-0.0727778189797236,0.135782699944204,-0.535982229631403,0.59197083199442,0.733781522880691
"YCR073C",138.881612756016,0.0634990364623077,0.118682739510843,0.535066639896256,0.59260377715819,0.734057861419889
"YKR063C",42.2847197149148,-0.111219215749815,0.207680266446664,-0.535083014520806,0.592592454691382,0.734057861419889
"YML117W",341.390629034257,0.0570584898650712,0.106622494972333,0.535122520722561,0.592565137975249,0.734057861419889
"YDR239C",49.3653642982454,-0.0860060518268053,0.160859557297566,-0.534730583242994,0.592836170212634,0.734085698819582
"YOL001W",39.6673095009207,-0.100536753322435,0.188030063359029,-0.534638867154371,0.592899601839387,0.734085698819582
"YOR311C",118.847739853549,0.0657276327049809,0.123148523712868,0.533735457191271,0.593524574004263,0.734690132974625
"YDL129W",13.5496918403341,-0.122821076970456,0.23040532230255,-0.532704248716496,0.594238324588708,0.735404156996762
"YJL193W",37.0486968124049,0.137085216727987,0.257529722394537,0.532099607600207,0.594657009156826,0.735752774978417
"YLR321C",49.7500024358922,0.108931839220925,0.204644327595432,0.531812981171671,0.59485553109633,0.735828893947118
"YER183C",53.7678192142111,-0.106281242484,0.200319430128818,-0.530729794328021,0.595606036405189,0.736587617207523
"YLR360W",59.7914773147783,0.0967470947282832,0.182452126530801,0.53004321332847,0.596081969800639,0.737006505478644
"YGR278W",45.0532954928934,0.106583167392063,0.201139709296293,0.529585518008123,0.596399337403775,0.737229192450098
"YML001W",173.878856085334,0.120874642374023,0.228712781551051,0.528528363432905,0.597132666230514,0.737965842228276
"YBR126W-B",9.66335585819218,-0.150376877470859,0.285852271740271,-0.528324497860158,0.597274131213913,0.737970866977209
"YBR254C",33.2530004276852,-0.0952323636137396,0.18052161970272,-0.52757152548377,0.597796760620449,0.738446734427882
"YGR215W",38.3366685604552,0.136930691201219,0.259639484932725,0.526708974920067,0.598395702147086,0.738846739363678
"YHL009C",51.2395480368956,0.0966987221778274,0.183478126881055,0.526852268382091,0.59829618256353,0.738846739363678
"YCR013C",112.248138908387,-0.154424611931371,0.293695050973023,-0.525963525867465,0.598913549492235,0.73891188966185
"YDR414C",43.4095154766143,-0.0902255153280647,0.171380879297142,-0.526389648429841,0.598617506481161,0.73891188966185
"YHL004W",125.67298758494,0.129551912862696,0.246300082729565,0.525840884664996,0.598998765143865,0.73891188966185
"YPL148C",15.7653648013873,0.131435412910825,0.249854699974736,0.526112486028388,0.598810053845771,0.73891188966185
"YKL064W",315.083618169284,0.0647220133385341,0.123342425074982,0.524751047019634,0.599756266024984,0.739589959352321
"YPL128C",43.9443954762032,0.112622204274387,0.214443891611001,0.524653851849149,0.599823843406947,0.739589959352321
"YBR089C-A",126.854407300745,0.135214463981834,0.258589546069121,0.523117381188821,0.600892570720184,0.740587712326634
"YGL058W",79.6615924243626,0.0756994480808818,0.144723664346139,0.523094035583354,0.600908815922449,0.740587712326634
"YBL098W",30.7617098241277,0.113764654838219,0.218385329609237,0.520874716668827,0.602454049384632,0.74184342704636
"YFL048C",161.0615146169,0.0951457439510648,0.182554575134474,0.52120742596941,0.602222281613813,0.74184342704636
"YGL106W",308.30949553179,0.0803085341405868,0.154112584853811,0.521151174992665,0.602261463639801,0.74184342704636
"YLR351C",256.200802804472,0.10775493050582,0.206915947055201,0.520837213847622,0.602480176647965,0.74184342704636
"YHL044W",26.8064466815055,0.108214060310413,0.207932950980003,0.520381086713363,0.602797989683471,0.741900274131474
"YJR111C",54.5062195541196,0.0948343502676165,0.182264054352648,0.520374462284596,0.602802605903882,0.741900274131474
"YMR026C",61.7381891340133,0.0808250023140855,0.155458024521828,0.51997865889504,0.60307844960705,0.742069725736418
"YHR172W",30.2142366820465,-0.10005994252544,0.192760180543371,-0.519014485042403,0.603750640184922,0.742556603717247
"YOR308C",22.5087591012136,-0.121858600132652,0.23452592546544,-0.519127882366881,0.603671565799471,0.742556603717247
"YBL064C",154.89547119786,-0.121499744145829,0.234804699903,-0.517617934733068,0.604724866030667,0.743442762532694
"YBL107C",60.8993719423147,0.0884498235083605,0.170841660409836,0.517386469039609,0.604886403326731,0.743442762532694
"YJR034W",36.7433203236196,0.109756643039266,0.212196028497673,0.517543248403059,0.604776986663272,0.743442762532694
"YOR109W",167.040408022949,-0.0960874552952156,0.186037688433097,-0.516375882876779,0.605591906551281,0.744139585927003
"YDR427W",199.587013129039,0.0997810184983834,0.19335416237507,0.515955631561813,0.605885397851929,0.744306694091789
"YOR196C",102.104231198863,0.0641233521072941,0.124330297157288,0.51576253682788,0.606020270942535,0.744306694091789
"YPR156C",158.998689186624,-0.107632873879211,0.208770378936254,-0.515585931788791,0.606143638048312,0.744306694091789
"YJR075W",160.516887631205,-0.0782871934655815,0.151944427204569,-0.515247289226835,0.606380227570174,0.744427017663864
"YPL170W",142.401593644066,0.119001235012274,0.231634438813013,0.513766754590862,0.607415074069066,0.745527048177549
"YDR333C",104.199102142747,-0.0715031187491676,0.139272061853174,-0.513399486792106,0.607671904511766,0.745671875515808
"YML104C",51.6692793971681,0.0821388967827345,0.160200705745903,0.512584397015937,0.608242069928036,0.746201041019526
"YDR318W",37.5552687413891,0.0940296609040677,0.184033831524635,0.510901479196637,0.609420045357333,0.746633370247811
"YGL241W",58.3507495484313,-0.0772297987062442,0.150971767808838,-0.51157740430283,0.608946802815668,0.746633370247811
"YKL091C",111.528279080107,-0.0814232946967176,0.15928210954704,-0.511362626377855,0.609097159812432,0.746633370247811
"YLR398C",131.012112626307,-0.0654718685214183,0.127947575330687,-0.511714037891409,0.608851159980935,0.746633370247811
"YML081C-A",71.9499007089997,0.107798426744918,0.211072895706212,0.510899558531596,0.60942139032568,0.746633370247811
"YOR189W",64.3565166242627,0.0836076482652624,0.163666478864336,0.510889346746238,0.609428541270975,0.746633370247811
"YBR107C",45.4011417717286,0.094133641604164,0.184691827775865,0.50999100403417,0.610057764237037,0.746803836658189
"YGR040W",48.6552117534339,0.0820474005195605,0.16073501539239,0.510255552920375,0.609872437238439,0.746803836658189
"YMR154C",29.8229544468334,-0.103213793824166,0.20262230430186,-0.509472381824938,0.610421152238224,0.746803836658189
"YNL312W",109.013584671035,0.105774500148402,0.207738013688879,0.509301383913248,0.610540988040609,0.746803836658189
"YOL098C",199.299915553155,-0.0973373079230638,0.190978846462433,-0.509558577078649,0.610360750326831,0.746803836658189
"YOR246C",236.997787856198,-0.0819590438246288,0.160865051914559,-0.509535302723628,0.610377059728269,0.746803836658189
"YPL045W",73.0707246443824,-0.0729947885385447,0.143240021631923,-0.50966399220177,0.610286883567164,0.746803836658189
"YPR035W",2423.2453794586,-0.119511059563277,0.234857748189082,-0.508885385717824,0.610832564284042,0.746990369483058
"YOR275C",97.5611297377915,0.082069355865366,0.161440578072936,0.508306108274195,0.611238686995992,0.747316864979621
"YBL059W",30.0429940901409,0.13657362875012,0.269028932563862,0.507500298152501,0.611803827245234,0.747335820064353
"YBL104C",66.8662460351028,0.0766547789730996,0.151027443334505,0.507479432636904,0.611818463965977,0.747335820064353
"YGL079W",31.2392575489558,0.103961423083097,0.204941894905149,0.50752117950579,0.611789179569851,0.747335820064353
"YJL126W",30.9973170667281,-0.11951528777972,0.235805966653206,-0.507584373516121,0.611744851714865,0.747335820064353
"YNL056W",119.11575699606,-0.0906867093151764,0.178817259445188,-0.507292066353539,0.611949904420596,0.747335820064353
"YOR005C",61.1516613775214,0.0733432180816113,0.144739161636006,0.506683269220126,0.612377071612273,0.747687486162655
"YJL065C",14.9883117793127,-0.137724951669095,0.272797268387769,-0.506212892831564,0.612707205077261,0.747920545106811
"YGR205W",93.8875005076492,0.100574315074805,0.199217124384787,0.504995568306854,0.613561948641797,0.748793734641011
"YDR168W",137.548315650135,0.074169416567076,0.147203138154517,0.503800216910319,0.61440177525926,0.74964832687812
"YDL134C",255.624761299652,-0.0884213120223209,0.175759713778526,-0.503181376240116,0.614836757404653,0.750008681358254
"YNL253W",48.3240867321108,0.0810985455610429,0.161524908774751,0.502043237468998,0.615637106972273,0.750814464475041
"YIR008C",52.5073509943274,0.0754639425483219,0.150474104635984,0.501388358108646,0.616097831494683,0.751035282105751
"YOR022C",39.053998084453,0.0948213468089995,0.188993894942693,0.501544447977596,0.615988004506345,0.751035282105751
"YJL162C",27.4884507437809,0.116576098429158,0.232211876906015,0.50082367372716,0.61649522300866,0.751178730213138
"YNR049C",73.9724820711109,0.0829303576752931,0.16553520517052,0.500965305223234,0.616395540563148,0.751178730213138
"YDL077C",67.7128527884984,-0.0716605654800923,0.143319641621166,-0.500065538789285,0.617028930337587,0.751488069125437
"YJR089W",66.2336237791654,0.100726108120647,0.201258661331749,0.500119300820205,0.616991076593044,0.751488069125437
"YCR098C",11.6527199257156,0.127575411926034,0.256049584930154,0.499326989726424,0.617549044321632,0.751951012707206
"YCL038C",86.637228559854,-0.110099522010432,0.221530431342653,-0.497267109396747,0.619000702433282,0.753388912216363
"YOL122C",126.59773408548,-0.0752299778297894,0.151303246431899,-0.49725324721918,0.619010476561313,0.753388912216363
"YMR237W",168.608919455589,-0.092685495638679,0.186694471789536,-0.496570363314933,0.619492056784142,0.753804222244592
"YGR209C",527.065919894011,-0.126606984006792,0.255286425016987,-0.495998093579117,0.619895755992022,0.753988205483574
"YJL074C",45.4147335811401,-0.107570088177088,0.216986832838672,-0.495759074934669,0.620064402089173,0.753988205483574
"YNL212W",115.301820378522,0.0791849499961166,0.159646083498427,0.495945904865411,0.619932577450802,0.753988205483574
"YPL234C",423.125782528308,0.111279354465623,0.224745162189193,0.495159938427291,0.620487226944185,0.754331574449348
"YBR015C",270.301800600588,-0.0739420296443213,0.149529227556538,-0.494532932397248,0.620929854327778,0.754698856663158
"YDR337W",71.4455699430383,0.0805956114018736,0.163187536179621,0.493727300243328,0.621498782160667,0.75521944773415
"YCR084C",360.202952783111,-0.109152154323755,0.221304043081766,-0.493146476286599,0.621909093553377,0.755547102799183
"snR30",62.0266356378152,-0.141724976020569,0.287776343034077,-0.492933871123962,0.622059313583747,0.755558700420241
"YGR010W",57.9217212898369,0.0743517130083207,0.151258737916434,0.491658561679069,0.622960736870308,0.756394599245611
"YIL108W",141.811336084674,0.0647262081490836,0.131706762450506,0.491479234171807,0.623087535779478,0.756394599245611
"YLR289W",31.250253589064,0.0956551768981269,0.194427287416985,0.49136260789524,0.62317000589496,0.756394599245611
"YLR421C",146.484928926805,-0.118538053721656,0.241476611255022,-0.490985803227769,0.623436488647348,0.756547081004272
"snR43",16.301871092856,0.118321067363273,0.242029524988424,0.489466769879705,0.624511274941452,0.757045390090639
"YBR096W",93.8126692890099,0.0740543936228845,0.151414759880773,0.489213073557967,0.624690854769551,0.757045390090639
"YBR256C",174.94519040642,0.119697627704533,0.244469480459309,0.489759555457622,0.624304053363587,0.757045390090639
"YCL005W-A",35.7897026085358,0.124036391165764,0.25356271598404,0.489748025394779,0.624312213305451,0.757045390090639
"YEL059C-A",16.4275946952002,0.105246248820589,0.214930185127735,0.489715698945117,0.624335091305884,0.757045390090639
"YER123W",77.8822510891937,-0.0941275960387563,0.192290095188298,-0.489210288818052,0.624692826081123,0.757045390090639
"YFL056C",37.8767133197185,0.103442162391365,0.211593640076896,0.488798870783771,0.62498409755001,0.757200485571487
"YOR156C",40.7629368514883,0.122614580731467,0.250676902894725,0.4886312773391,0.625102765411278,0.757200485571487
"YBR273C",128.815003978688,-0.092323704715143,0.189210963263772,-0.488042448985665,0.625519774038872,0.757534770318553
"YKL154W",86.3824044213367,-0.0880881142354193,0.180838977751276,-0.48721991390746,0.62610249454862,0.758069544233688
"YBL075C",63.2008716356065,0.0686548279518941,0.141393154710098,0.485620598311226,0.627236189331977,0.758587158951148
"YGR062C",43.7081588679063,0.10630789720409,0.218579896285484,0.486136179647059,0.626870616763247,0.758587158951148
"YHR152W",77.403825312917,0.114954336184086,0.236368930473964,0.48593820262982,0.627010981390883,0.758587158951148
"YJR082C",46.9107692464177,0.102439449068184,0.210810556408867,0.485655204101674,0.62721164925481,0.758587158951148
"YPR118W",164.798348023855,-0.103585815066075,0.213128965696462,-0.486089206966202,0.62690391891614,0.758587158951148
"YAR014C",147.872955304286,-0.065419658597749,0.134874306933674,-0.484994656964071,0.627680135610246,0.758831948156684
"YLR342W",1455.91173491719,-0.0393914644193025,0.0812298621661091,-0.484936825518448,0.627721159124957,0.758831948156684
"YFR007W",33.1839061856322,-0.086209240642318,0.177962181000645,-0.484378997202859,0.628116921207403,0.758896340262916
"YJL121C",213.045894556501,-0.0652283083417159,0.134682174033766,-0.48433521127245,0.628147990510322,0.758896340262916
"YOR284W",23.3535782523225,0.114491434638848,0.236561346921356,0.484264296525699,0.628198311079673,0.758896340262916
"YEL016C",59.8341636378863,-0.0765392333537728,0.158591424703956,-0.4825233371933,0.629434224194653,0.760120915955544
"YGL145W",47.380243190215,-0.0954618769404606,0.197664033026355,-0.482437713999394,0.629495035220677,0.760120915955544
"YGR015C",32.1321988907399,0.100399675909749,0.208110068523408,0.482124140253559,0.629717761988587,0.76021894799746
"YBL061C",116.477648394137,-0.0931391645731189,0.193280540821084,-0.481760554355856,0.629976053802239,0.760230290489234
"YCR099C",12.907480955809,-0.122906229604083,0.255397804014006,-0.48143796189089,0.630205261720018,0.760230290489234
"YEL024W",71.425812343812,-0.0995967782851794,0.207136106372872,-0.481209142583239,0.630367863656616,0.760230290489234
"YKR050W",106.375626316347,0.0789298355794861,0.163979981368441,0.481445834078618,0.630199667961063,0.760230290489234
"YMR126C",36.5944923349516,-0.0893983242550546,0.185768925959695,-0.481114849080246,0.630434875039853,0.760230290489234
"YLR082C",34.0962471123841,0.0891132477728346,0.185378470453492,0.480510388870592,0.630864517808444,0.760577626296107
"YHR056C",28.099058943625,-0.107795240566688,0.224539757854324,-0.479252705405174,0.631758863370538,0.761484931589578
"YPR188C",51.42336832291,0.0871340434704423,0.182193153649347,0.478382804457898,0.632377770206048,0.762059906613571
"YBR149W",426.840075489936,-0.0904589423070755,0.189390709039775,-0.477698770762449,0.632864619352281,0.762475520534118
"YOL100W",65.3207592184493,-0.0768929342285075,0.161125934316928,-0.477080225674161,0.633304995109933,0.762834969440559
"YJL071W",35.0364861548287,0.0796188844300718,0.167092755368533,0.476530196146706,0.633696700106269,0.763135644903761
"YDR519W",92.4924761231034,0.083718152086781,0.176154470665391,0.475339074865937,0.634545312135629,0.763986297126309
"YOR258W",13.4554941686976,-0.118002377438548,0.248152674863329,-0.474722321788364,0.634984905574982,0.764344224079612
"YJR049C",150.698954477086,0.0770553698432149,0.163180419394995,0.4722783025554,0.63672815540951,0.76609922103595
"YMR209C",63.1769591166854,0.072584429855747,0.153594501146136,0.472402288134416,0.636639671455041,0.76609922103595
"YER089C",253.463803088685,-0.0759159902900057,0.160957897671473,-0.471706416075663,0.637136356839212,0.766418672471088
"YPR036W",774.477309979133,0.0979596504823761,0.207885202621043,0.471240285844266,0.637469152989615,0.766647295277031
"YKR010C",45.8749996888362,0.0855965220368293,0.182451927715959,0.469023217943192,0.63905304024447,0.768380093833232
"YKL134C",37.7299781505997,-0.0865097319327,0.184682705662539,-0.468408053676315,0.639492809774448,0.768574971047906
"YNL243W",429.608271778498,0.06298763670242,0.134481330602269,0.468396162523789,0.639501311787952,0.768574971047906
"YDR124W",24.320977854706,0.1025796547179,0.219074988922235,0.467715192989971,0.639988274786209,0.768988148518284
"YBL029C-A",40.8398405850963,0.100769733404822,0.215996133575754,0.466963425542736,0.640526045692311,0.76929011435899
"YPL083C",26.4561077924554,-0.0908993390731437,0.19457771670717,-0.467162858793814,0.640383364280419,0.76929011435899
"YMR210W",100.127815476491,-0.0648009357792303,0.138851928874695,-0.466754062661293,0.64067584540059,0.76929800260375
"YJL002C",290.470487481578,0.0539109049744268,0.115573316387993,0.4664189152037,0.640915674785606,0.769413967204624
"YKR042W",2729.82547160378,-0.0856736108715167,0.184449884419656,-0.464486994601028,0.642298875176433,0.770902180686619
"YOR181W",296.196443966374,0.093403919163851,0.201183546807966,0.464244543913128,0.642472550778367,0.770938353492093
"YGL048C",436.074178280231,-0.0818409768873324,0.176428642268557,-0.463917441065801,0.642706896554237,0.771047295374762
"YAL021C",198.148618418539,0.101571884112442,0.219572865868435,0.462523899995876,0.643705667239466,0.772073054654572
"YDR364C",45.6521830180302,-0.100029165361159,0.216339926124085,-0.462098052779604,0.644011006520951,0.772094445541078
"YGR172C",70.4220746269767,-0.100655835093624,0.217783358694983,-0.462186767750757,0.643947391507526,0.772094445541078
"YGL221C",181.913817110159,0.0832711537434351,0.180495497640937,0.46135668472909,0.644542722644271,0.772387095788125
"YIL132C",12.2048405130027,0.124246181100804,0.26873970509143,0.461427331848887,0.644492046022478,0.772387095788125
"YIL097W",41.9403965450243,-0.07871221039067,0.170922961134586,-0.460654725819384,0.64504634181568,0.772818180212362
"YOR241W",117.714302837301,-0.0836274220116958,0.181723543755336,-0.460241873743988,0.645342617883502,0.772878601748653
"YOR386W",51.0182891299307,-0.0917898642406467,0.199357637973286,-0.460183420157522,0.645384570627948,0.772878601748653
"YOR147W",59.2768254366835,-0.0746534484321186,0.162491405053413,-0.459397209393921,0.645948951858486,0.773238189729747
"YPL214C",92.0506631133934,0.0765603244832326,0.166714090065707,0.45936403329916,0.645972771796197,0.773238189729747
"YMR255W",94.5181112221417,0.0766607225214515,0.167483458023024,0.457681376670037,0.647181369650983,0.774512285293099
"YPR010C-A",22.9399067241588,0.111392899572399,0.244373679918512,0.456489918749347,0.648037718592948,0.775364354324509
"YML088W",179.877851242211,0.0779823963728894,0.171166179704342,0.455540093926408,0.648720729852769,0.776008694886241
"YBR101C",122.483594807717,-0.0777113453461076,0.170979525249997,-0.454409334230916,0.649534235275525,0.776774639203871
"YLR297W",17.8695569625789,0.102183682411905,0.225199416570314,0.454239725215966,0.649656293616285,0.776774639203871
"YPL072W",28.963140217412,-0.0987020933626563,0.217151538646117,-0.454047125414316,0.649794908572518,0.776774639203871
"YGL014W",205.467957824271,0.0818459141948987,0.181210854121875,0.451555530632397,0.651589212029745,0.778624930561516
"YKL214C",54.6725017647288,-0.0818229642665199,0.181270193903667,-0.451495221096439,0.651632668567122,0.778624930561516
"YKL085W",423.279302823782,-0.105698427059736,0.234306693577347,-0.451186412887363,0.651855201427822,0.778717590495737
"YFR028C",117.550799589757,0.0763826969012725,0.169408120620099,0.450814647978938,0.652123143173884,0.77886444340381
"YKL016C",165.317082882625,0.0825027966680954,0.183164026173462,0.450533720014215,0.65232564589374,0.778933091172805
"YDL025C",110.583616402929,0.0614626223932849,0.137140719101092,0.448255587630408,0.653968749135992,0.780721527363728
"YDR327W",72.0578413694903,0.119563198546095,0.267441766172738,0.447389173812378,0.654594091213711,0.781294414201965
"YPL190C",263.171865343485,-0.0809630017719115,0.181175131307813,-0.446822723010868,0.655003063339819,0.781608854298638
"YMR202W",619.963750600323,-0.099374672320803,0.222635841613854,-0.446384793546381,0.655319315237289,0.781812537125606
"YDR332W",48.4554048411702,-0.0815377136236881,0.182988579998205,-0.445747243574616,0.655779834114805,0.782188205425409
"SCR1",46.6230545722647,0.134427808092923,0.302563840651648,0.445224294121553,0.65615767178688,0.782286826060911
"YBR037C",72.5323046474699,0.0748288915477302,0.168115343242962,0.445236132768216,0.656149117239519,0.782286826060911
"YOR198C",365.402660537155,-0.0708375402493976,0.159183410246263,-0.445028072420615,0.656299467181245,0.782286826060911
"YDR082W",25.2673201009655,-0.0850216485521349,0.191324816394483,-0.444212650122409,0.656888847176374,0.782641969428639
"YER144C",158.931039584034,0.0784246727550673,0.176465979170945,0.44432339246494,0.65680879105754,0.782641969428639
"YCR028C",67.9522717644314,0.0654024727008552,0.147463559120023,0.443437039403585,0.657449649861719,0.783136409271965
"YER003C",204.438934757364,-0.0483702115317949,0.109437129031716,-0.441980447632682,0.658503354692021,0.783696325736947
"YGL178W",101.825188770933,0.11178720486996,0.252398158284957,0.442556961207975,0.658086221022865,0.783696325736947
"YLR021W",46.1055426202885,0.0837370692534633,0.189392647914555,0.442263031578361,0.658298879125822,0.783696325736947
"YLR128W",29.3621243375243,0.0820954882524632,0.185757127409299,0.44213249002082,0.658393334816385,0.783696325736947
"YBL038W",71.213727348499,0.0728895485145621,0.165208696211181,0.440990456270364,0.659219906198204,0.784375302656304
"YJL023C",33.3504084649641,-0.0963955039565105,0.219035767302865,-0.440457500238584,0.659605787091056,0.784486865027915
"YOR129C",31.9017938617636,0.0874371146615886,0.19826745018736,0.440641114341613,0.659472833106276,0.784486865027915
"YDR292C",208.059814230986,-0.0415540465502129,0.0944244314885806,-0.440085767919858,0.659874989382225,0.784633289345125
"YFL028C",89.6360805236437,0.083354557569938,0.190012051069242,0.438776281211784,0.660823648270389,0.785269940917515
"YGR199W",83.0673310287111,-0.0786259520974812,0.179134193732985,-0.439112786446006,0.660579814628917,0.785269940917515
"YNL274C",65.462182543718,0.103984660942154,0.237235310890083,0.438741257584472,0.660849028662664,0.785269940917515
"YDL157C",70.6084291985853,0.104036502760679,0.237386461976009,0.43826370343662,0.661195134279382,0.785507424511073
"YDR444W",55.6193993003062,-0.0698585469270747,0.159557547080303,-0.437819130710196,0.661517401846649,0.785716489455628
"YLR121C",227.247284566388,-0.0741942267438538,0.169791060817909,-0.437055462224004,0.662071126036174,0.786200313495532
"YDL073W",93.3304793790649,-0.0722823113347852,0.16570631378779,-0.436081190125428,0.662777823946149,0.786865537669046
"YML099C",66.6135939986495,0.0872377126447342,0.200387767429712,0.43507938214069,0.663504808442594,0.787554547214403
"YDR086C",238.995965921887,0.083707549756419,0.192707238384151,0.434391429467356,0.664004220360316,0.787973192124449
"YCR095C",37.4006330026822,0.100281561302276,0.230647712382453,0.434021299227212,0.66427297423678,0.788117990860558
"YLR023C",115.412310550341,-0.065702405278365,0.151474600490653,-0.433813025308367,0.664424222214275,0.788123343090298
"YKL130C",50.2686596284471,-0.0793731100639823,0.183302177964328,-0.433022188843251,0.66499865001551,0.788630547412962
"YAR050W",23.8352331192753,-0.0928162153430551,0.214539430143002,-0.432594698499637,0.665309241584723,0.788824710055529
"YML121W",68.6113657717337,-0.060796006592616,0.140908857565371,-0.431393386992962,0.666182357507021,0.789685597477425
"YLR115W",69.2350461904869,0.0771919062002231,0.179037519473056,0.43102622784661,0.666449299956227,0.789827711841328
"YAL026C",128.652553777234,-0.0563366379504196,0.131132565875323,-0.429532816365801,0.667535517399359,0.790417386232795
"YEL023C",37.8951056685516,0.0767268384056761,0.1784492072639,0.429732719028609,0.667390079810713,0.790417386232795
"YJL094C",97.1521642409393,0.066952816755353,0.15571864077282,0.42997353901127,0.667214889743381,0.790417386232795
"YOR334W",21.6800919455911,0.104982162851664,0.243846352252355,0.429664872692735,0.667439439471192,0.790417386232795
"YFR008W",24.1757063444699,0.0856398878882803,0.200166012824727,0.427958337632035,0.66868145301278,0.791599754051497
"YGR142W",36.8381634026427,-0.100828486411434,0.235494202242602,-0.427662698449865,0.668896711044554,0.791680087047224
"YAL016W",236.096498588439,-0.0873874101790981,0.204529037430263,-0.427282026407825,0.669173922489597,0.791833694137833
"YLR066W",122.784468752439,0.102838333952561,0.240932034804727,0.427009402765041,0.6693724790821,0.791894181751092
"YPL002C",42.2031570441129,0.0718119487024455,0.168160330975788,0.426796903617937,0.669527261978927,0.791902868110288
"YDL204W",78.0619931785052,-0.112963138138607,0.265052603587417,-0.426186030069078,0.669972296177111,0.792080388018328
"YDR139C",63.6016915655768,0.0985784364928022,0.231390311100096,0.426301885676538,0.669887884027536,0.792080388018328
"YPR105C",111.896884351404,-0.0642138209003494,0.150896251944121,-0.425531379573108,0.670449351427833,0.792469953019122
"YDR262W",133.04178600314,0.0858125421946798,0.20213879657568,0.424465857182463,0.671226100350513,0.792864610728526
"YFL017C",53.5749331137822,-0.0738226943424672,0.173927199064702,-0.424594089243868,0.671132602597889,0.792864610728526
"YNL249C",26.8103697272602,0.0990879492169931,0.233455516819409,0.42460813364624,0.671122362721951,0.792864610728526
"YML086C",209.480216223389,-0.0720277073393965,0.1698042749708,-0.424225280428741,0.671401525638961,0.792897448154543
"YLL040C",221.777050832951,0.0926901888203692,0.219568075827667,0.422220239240062,0.672864269986136,0.794450207539138
"YDR500C",1223.35253111236,-0.0631718176114043,0.150054757271089,-0.420993873383979,0.673759555634257,0.795332433694856
"YER147C",72.8862809645536,0.070316779149841,0.167726140459792,0.419379333709384,0.674938925226495,0.796549542384423
"YBR128C",22.5787162225447,0.0848984457212213,0.203013653343756,0.418337810210403,0.675700148859146,0.797097627832742
"YKL165C",61.9671669356081,-0.0800450416331243,0.191234525012083,-0.418453317918277,0.675615710779081,0.797097627832742
"YDL040C",221.356558232693,-0.0573579552577713,0.137195182700781,-0.418030633269492,0.67592472022817,0.797187455499671
"YBR257W",27.9787639940786,-0.0812963843286262,0.194640421281774,-0.41746325454999,0.676339596111049,0.797326595854355
"YDR457W",284.576955448483,-0.0499469804390893,0.119601473173622,-0.417578906779972,0.676255021476709,0.797326595854355
"YDR256C",48.5915632634408,-0.0786979130444913,0.188804619402298,-0.416802811785596,0.676822645601885,0.797679897987125
"YMR222C",62.2191731861652,0.0720924937023983,0.173044538201659,0.416647418385093,0.676936320056845,0.797679897987125
"YBR161W",50.573303480116,-0.07564521301862,0.181735386553858,-0.41620198463986,0.67726220760917,0.797888860949517
"YIL063C",112.61367857722,0.0638733545031069,0.154315216728172,0.413957220238816,0.678905437099995,0.799171328059373
"YJL081C",119.976354613046,0.0674040536299927,0.162624440622082,0.414371396960696,0.678602133176278,0.799171328059373
"YML034W",100.351478393151,0.0741245747396746,0.179023106553129,0.413996506966793,0.678876664976711,0.799171328059373
"YOL044W",31.1228556909254,-0.09367857207858,0.226118881060716,-0.413901884791949,0.678945963495609,0.799171328059373
"YMR099C",152.955095826395,0.077167197683868,0.18655663953805,0.413662525342265,0.679121275485224,0.799202535195254
"YCR012W",5671.52712117586,-0.104354844978704,0.252891803328486,-0.412652761634827,0.679861039045772,0.79937251329134
"YGL250W",47.9398441603368,0.0803437456374771,0.194666273994973,0.412878700964095,0.679695486708885,0.79937251329134
"YGR002C",50.6837577642789,-0.0693577226297386,0.16788142488586,-0.412982847209393,0.679619180916523,0.79937251329134
"YGR037C",403.545931909268,-0.0766966728639586,0.185799805590227,-0.412800674572316,0.679752657176742,0.79937251329134
"YDL052C",234.164756040065,-0.0688515695744901,0.167883522448792,-0.410121019980009,0.681717173928361,0.801379501240803
"YBR003W",123.23843563607,0.0520950132985708,0.127533022255656,0.408504169083877,0.682903570382188,0.802598485015915
"YEL028W",13.8566065047177,-0.0966060950094364,0.23641726342806,-0.408085625181328,0.68321081310668,0.802783915378687
"YGL019W",245.600141175951,-0.0489049450616229,0.119924737679467,-0.407820345456517,0.683405575566334,0.802837127376811
"YKL098W",108.54212922331,-0.0521712185211645,0.128154994292755,-0.407137973080157,0.683906654937384,0.803250086085433
"YBR274W",47.3799344486052,-0.0901307461584755,0.222069862575504,-0.405858804015437,0.684846348757028,0.804064792150829
"YLL005C",32.8417388110433,-0.0808420124911979,0.199202401099389,-0.405786164653855,0.684899725207604,0.804064792150829
"YCL014W",46.6232738469868,-0.0722540637724048,0.178547626887101,-0.404404544497977,0.685915258914864,0.804443444897271
"YGL013C",74.0911312277451,0.0737612032162929,0.182440182081302,0.4041248495636,0.68612091250687,0.804443444897271
"YGL247W",32.096139729373,-0.0768618993357212,0.189773596919688,-0.404987765798608,0.685486503833387,0.804443444897271
"YJL183W",114.52029590041,-0.069099125340562,0.170977872592279,-0.404269579299505,0.686014492981898,0.804443444897271
"YJR119C",23.6674420952458,-0.0938510506897306,0.231920701367224,-0.404673295442204,0.685717674112984,0.804443444897271
"YNL025C",50.4831146779232,0.0780311436674954,0.192989659541151,0.404369847669672,0.685940769473346,0.804443444897271
"YOR085W",173.226685939458,-0.0555166269605218,0.137550648697478,-0.403669295352853,0.686455921354021,0.804660574769194
"YDR483W",433.683377981833,-0.0419083659507953,0.104054209721955,-0.402769097120787,0.687118096939675,0.805085361837477
"YGL213C",61.5807743454988,0.077922526846099,0.193396076029355,0.402912522899845,0.687012578473776,0.805085361837477
"YPL091W",297.464061894173,0.0790444327470602,0.196410120593779,0.402489552893673,0.687323775378902,0.805150708300999
"YDR034C",67.7623531170445,0.0584977300768106,0.145587137068908,0.401772291884185,0.68785161568867,0.805412648603534
"YML128C",245.924502889825,-0.0790800523998818,0.196860904338603,-0.401772348131801,0.68785157428946,0.805412648603534
"YNL172W",48.2843841117618,-0.066571271086546,0.165775208673767,-0.401574431139557,0.687997250380379,0.805412648603534
"YCR106W",19.622190924465,-0.0912544800375253,0.227814234953291,-0.400579952659022,0.688729407851588,0.806094061793611
"YGR028W",73.714761642253,0.0936991467780901,0.2347802992395,0.399352457103059,0.689633519946372,0.806795898066634
"YKR070W",104.039793368002,0.0926574962673855,0.23244908650614,0.398810673870152,0.690032711573973,0.806795898066634
"YLR363C",30.218780404586,-0.0800938875802173,0.200750893976815,-0.398746331008845,0.690080125808623,0.806795898066634
"YOR137C",75.5456747557283,0.0569767093801193,0.142737577767628,0.399124042167705,0.689801807967407,0.806795898066634
"YOR173W",69.0038666900714,0.0846287038586874,0.212265338520478,0.398908054824778,0.689960953892729,0.806795898066634
"YER178W",760.06990415371,0.0920508306108189,0.231090901506629,0.398353725166676,0.690369463284071,0.806814487937927
"YKL089W",27.4325697393129,0.0754990740461948,0.189432918997727,0.398317096123404,0.690396459981886,0.806814487937927
"YCR102C",16.4213134055071,-0.0941924476308543,0.236910669258875,-0.397656903293596,0.690883109293741,0.807167163193967
"YKR045C",25.2084500502002,0.0934303235574944,0.235072019497084,0.397499966201253,0.690998811462644,0.807167163193967
"YBR136W",50.5484109655447,0.0717323619027641,0.180604689824738,0.397126140382794,0.69127444432578,0.80722163330493
"YBR268W",103.917590549949,0.0694945478066337,0.175062141110623,0.397029065233484,0.69134602740694,0.80722163330493
"YAL002W",70.7607937046006,-0.0677891987928831,0.170884822052197,-0.396616210354985,0.691650496836285,0.807401612368548
"YER188W",23.9716743012826,-0.100308413483399,0.253608509151093,-0.39579843068958,0.692253734615509,0.807582705832298
"YFR050C",321.509069899515,-0.0547635726523704,0.138276208228957,-0.396085517907189,0.69204194155153,0.807582705832298
"YOR038C",62.9994273799719,0.0673801802624371,0.170176052174403,0.395794400731435,0.692256707810818,0.807582705832298
"YDR288W",41.9971807579926,-0.0753004467029589,0.190498694778755,-0.395272260900209,0.692641968707229,0.807681288303632
"YHR081W",97.6523716259207,0.107671691896858,0.272166794645391,0.395300923800761,0.6926208177212,0.807681288303632
"YGR261C",139.705717430544,-0.0499656580769891,0.12647235693269,-0.395044748494744,0.692809863624294,0.807701709903643
"YKL025C",116.448139138771,0.0833178761461409,0.211350885516475,0.394098025065988,0.693508669039019,0.808263831242795
"YOR081C",84.7472291373808,0.0813577871341152,0.206427219282814,0.393983800779502,0.693592999105947,0.808263831242795
"YBR005W",137.537966124486,0.0877296349919516,0.222914066369003,0.393726439770582,0.693783018762116,0.808309890189008
"YJR013W",61.2290284710157,0.0594528604641065,0.15184370687002,0.391537370828415,0.69540007099887,0.809666980562525
"YLR065C",140.781605104653,-0.0447843444347455,0.114338609466999,-0.391694603429059,0.695283877912203,0.809666980562525
"YML028W",3086.50990226166,-0.0998660737677225,0.255037748995617,-0.391583659736735,0.695365863283987,0.809666980562525
"YBR206W",9.60821141656537,0.106412647856105,0.271692022898682,0.390670946122514,0.696040477159044,0.81023697503711
"YKL126W",310.385240996433,0.0563503052261963,0.144514976519575,0.389966308338644,0.696561460571564,0.810667736669528
"YDR513W",162.397532222262,-0.0882184369767152,0.226772053046198,-0.389131579034422,0.697178814148921,0.811210444279431
"YLR361C-A",28.5110639596275,0.085800014997176,0.221194027826919,0.38806034489355,0.69797137704078,0.811780915133398
"YPL179W",199.545570933499,-0.0699131971761957,0.18010464417917,-0.38812241165343,0.697925447349983,0.811780915133398
"YIL089W",10.2163259549631,0.0973449186621571,0.252196993366519,0.386108037268996,0.699416657651479,0.813285747617687
"YIL003W",40.2054372197441,-0.0739487449526785,0.191791420641911,-0.385659358966918,0.699748965462325,0.813496037553711
"YLR165C",28.7213880810984,0.0685256052960837,0.1779593359896,0.385005920492887,0.700233029104821,0.81387815383922
"YLR201C",61.3532722788503,0.0574341419358362,0.14926669077232,0.384806590042443,0.700380716262311,0.81387815383922
"YDR244W",93.3018532866723,-0.0498019753225031,0.129710746946006,-0.384016751607636,0.700966031675931,0.81438212332499
"YIL124W",272.225362903395,0.0888325420693066,0.232023265924961,0.382929415536268,0.701772100247321,0.815142290317552
"YBR009C",683.430472318776,0.0504673150281258,0.132382346265667,0.381228191658048,0.703033931900902,0.81626434464347
"YLR437C",115.854241828762,0.0628370819944758,0.16493420734716,0.381116684731074,0.703116667431934,0.81626434464347
"YOR008C",286.075882297833,0.0511592751355177,0.134271120972716,0.381012426636953,0.703194027679265,0.81626434464347
"YIL010W",62.342509361462,0.0599301602323441,0.15773075125186,0.38006255377627,0.703898981550118,0.816729624088503
"YKR018C",327.361699525658,0.0554980552174813,0.146022276085358,0.38008498703,0.703882329638672,0.816729624088503
"YDL160C-A",26.9199906273403,-0.0847626503054546,0.223773823372755,-0.379207385070946,0.704533867916254,0.817113237870481
"YLR118C",74.3925569105992,0.0651529240141717,0.171806168715523,0.379323939051837,0.704447324868968,0.817113237870481
"YDL086W",94.173664357869,-0.0768817221987972,0.203329507112884,-0.378334919002273,0.705181808234688,0.817688145947433
"YKR048C",322.125527013646,-0.0788789193924705,0.209109064695114,-0.377260081258402,0.705980334710286,0.818260763428776
"YOR347C",181.537897578851,-0.0865657814367092,0.229432210631219,-0.377447301550503,0.705841220298904,0.818260763428776
"YNL265C",32.6700997044492,0.0867650079747972,0.231062832400648,0.375983299164702,0.706929311976245,0.819183890965353
"YDR279W",45.398104308413,-0.0598588325514906,0.159457974630523,-0.375510504491818,0.707280835618878,0.8194144452349
"YHR097C",268.616190328006,-0.0817125807629869,0.218033572830013,-0.374764392259801,0.707835698270625,0.81988042601068
"YGR012W",89.2293343695404,0.0536734787031392,0.143378638623723,0.374332330891126,0.70815708110352,0.820075826349075
"YAR023C",14.8368142207177,-0.0992388978014357,0.266411219852023,-0.373375346605637,0.708869105545096,0.820632162540383
"YBR289W",86.9179027935458,-0.0851896987693284,0.228123208733139,-0.373275954255976,0.708943070971398,0.820632162540383
"YGL043W",86.0026632691278,-0.0548818066004367,0.147143560531091,-0.372995314111696,0.709151931513604,0.82069705325567
"YJL062W-A",110.557087426543,-0.0744725789738157,0.200042071193031,-0.372459587176729,0.709550695744566,0.820883214258182
"YML050W",25.2343638693979,0.0788913366873576,0.21204996277857,0.372368554919207,0.709618462818979,0.820883214258182
"YCL009C",748.844178265846,0.0743680854427981,0.200431888024721,0.37105852112135,0.710593944444872,0.820999413714466
"YDR270W",47.0833166212509,-0.0832068690879518,0.224034408155138,-0.371413011630583,0.710329935702122,0.820999413714466
"YJL127C",33.6627435875099,0.0908839024293772,0.243976179568263,0.371918945311666,0.709953199040146,0.820999413714466
"YJR066W",137.280467797832,-0.0518303063898088,0.139599645278318,-0.371242433462108,0.710456970387875,0.820999413714466
"YML002W",65.4639438673824,-0.0536855993704054,0.144688145920272,-0.371075848395897,0.710581039055009,0.820999413714466
"YNR044W",66.5857274515669,0.091352457856415,0.246176679316825,0.371001976901695,0.710636059273609,0.820999413714466
"YIR006C",447.138469549758,0.0490850331717909,0.132399424526259,0.370749721023868,0.710823953308167,0.821039882412509
"YMR010W",119.219170076174,0.0507874687384849,0.137403131594926,0.369598756088849,0.711681478073723,0.821853626904745
"YOR384W",101.305490886874,0.0650899538537019,0.176378220827084,0.36898232355218,0.712140900345548,0.822207389457424
"YLR286C",1415.53050035732,-0.0760241726515192,0.206272211765922,-0.368557332167645,0.71245770392065,0.822219666471381
"YOR365C",15.26376255954,-0.0873415147028346,0.237068250516458,-0.368619283505887,0.712411520116057,0.822219666471381
"YER169W",87.3757187380263,-0.0839772233827191,0.228079169974204,-0.367997287120769,0.712875257040346,0.822524813225284
"YJR090C",127.134701985689,-0.0437997393661353,0.119502442533746,-0.366561467623278,0.713946154738659,0.823406656023479
"YPR068C",34.7503959901504,0.0654139128297855,0.178440235708753,0.366580072758101,0.713932274596585,0.823406656023479
"YPR070W",82.8758285220265,-0.0526913616227176,0.143905665253887,-0.366095725232193,0.714293647207264,0.823630566584417
"YPL218W",407.266129918696,0.0916476027927334,0.251770941994558,0.364052788886373,0.715818590231477,0.825211772511969
"YMR294W-A",12.1827459235589,0.0989629447227028,0.271554345790239,0.363270616680906,0.716402740720371,0.825707965753029
"YDR131C",24.3570293142796,0.0777489522376388,0.215418812331815,0.360609239276197,0.718391581498105,0.826935530267107
"YDR146C",82.2485741396621,0.0867353032537728,0.240324334409484,0.360754186995155,0.71828321314336,0.826935530267107
"YFL010W-A",24.9824179714121,-0.0975805831382687,0.270872864448686,-0.360650881011019,0.718360447994289,0.826935530267107
"YOL087C",283.170051588742,-0.0382975690713208,0.106046585129598,-0.361138505464863,0.71799590966682,0.826935530267107
"YOR185C",76.5444977561506,-0.0908682822735495,0.251689620476766,-0.361335379594724,0.717848748674781,0.826935530267107
"YPL041C",17.4195366921152,-0.079844434457444,0.221171044505279,-0.360854661183726,0.71820809819424,0.826935530267107
"YNR034W",74.7474954175821,-0.0558655286811365,0.155329265971117,-0.359741698479031,0.719040305899286,0.827487820144131
"YOR115C",67.0333721385663,0.0519440057241551,0.144433494293637,0.359555576719667,0.719179509296743,0.827487820144131
"snR46",9.49186747376507,0.103365153796237,0.288416013184724,0.358816667916324,0.719732242703665,0.827946428691665
"YNL158W",48.9142890049452,0.0598845345555355,0.167216199638197,0.358313572010294,0.72010866249447,0.828202061297174
"YDR090C",73.0867269984066,-0.0544353947720836,0.152183944383112,-0.357714047878412,0.720557319154058,0.828389128617243
"YGL151W",129.782916074255,0.080294303243339,0.224373311220009,0.357684035003132,0.720579781958622,0.828389128617243
"YKL026C",32.3803368774419,0.0856251843858567,0.23981857801222,0.357391293942726,0.720798893411778,0.828463697092801
"YER022W",85.9009553946525,0.060774748495762,0.171283553792233,0.35468289759675,0.722827164763005,0.829375069844499
"YER166W",245.662789319917,0.0399963623985268,0.112759847489867,0.354701109060534,0.722813519987346,0.829375069844499
"YER173W",38.9616361040611,-0.0702771072866759,0.198075930494704,-0.354707160095576,0.722808986323201,0.829375069844499
"YHR186C",101.36723885921,-0.0525225106778423,0.147854429506915,-0.355179985578904,0.722454757700098,0.829375069844499
"YJL180C",59.9234422625716,-0.0590206259417598,0.166066676379529,-0.355469123770932,0.72223817214963,0.829375069844499
"YKL022C",68.6429863284185,0.0494279612870187,0.138859999894759,0.355952238631553,0.721876333632672,0.829375069844499
"YMR304C-A",32.0295937998231,0.0744293139308761,0.209631705788809,0.355079934086083,0.722529708731412,0.829375069844499
"YOL078W",37.4306489549826,-0.0602871970994502,0.16947907802158,-0.355661590578585,0.722094012841363,0.829375069844499
"YAL017W",177.308522427982,-0.0493851267313253,0.140001451794216,-0.352765630017398,0.724264152570862,0.830687966822243
"YHL014C",38.5650692695812,-0.0663349966744102,0.188010547186902,-0.352537257741732,0.724435381976426,0.830687966822243
"YPR122W",96.0245809922238,-0.0600281452137093,0.170117273977503,-0.352711531373741,0.724304713509809,0.830687966822243
"YMR074C",124.745926985628,0.0695724038896263,0.19820886272143,0.351068406601827,0.72553702917168,0.831773614446337
"YER151C",157.446948696093,0.0861025637976294,0.246629199523171,0.348949023856869,0.727127579891626,0.832262762951585
"YGL205W",23.0306362301833,-0.0715087514343758,0.204588104424716,-0.34968267335424,0.726576858391383,0.832262762951585
"YGR017W",101.445540468613,-0.082933010959118,0.236913588424053,-0.349933028228972,0.72638895925898,0.832262762951585
"YGR270W",204.917433959394,0.0459868910804108,0.131975606712746,0.348438999860125,0.727510517723804,0.832262762951585
"YIL099W",24.4151193198578,-0.0817788774822141,0.235168861014244,-0.348435359581035,0.727513251174398,0.832262762951585
"YJL053W",101.808321987367,0.0594996822552387,0.16993418020341,0.350122436184358,0.726246813625156,0.832262762951585
"YNR030W",99.3094013610434,-0.0608637252511288,0.174385740862512,-0.348981122985237,0.72710348140092,0.832262762951585
"YOR011W",65.0935023817124,0.072564621529387,0.207976290974564,0.348864827065077,0.727190792099437,0.832262762951585
"YOR166C",40.4645043200511,0.0642156226669446,0.183924743769687,0.348858626576384,0.72719544729772,0.832262762951585
"YPL008W",59.9832779603105,0.0596988227999917,0.171243940103428,0.348437537095522,0.727511616099274,0.832262762951585
"YBR129C",61.9232636899683,0.0543845071670053,0.15662850786189,0.3472027953798,0.728438970913423,0.83263536550812
"YJL003W",30.7450035025473,-0.0787007046811158,0.226959429388272,-0.347176060423308,0.728459054649536,0.83263536550812
"YOR188W",65.4856128237447,0.0669484392287365,0.192676049861447,0.347248785909337,0.728404422512433,0.83263536550812
"YPR062W",454.28996459215,0.0470111945073273,0.13523957506058,0.347617964321789,0.728127113154942,0.83263536550812
"YLR285W",109.120385466431,0.0460971631822768,0.133331999691147,0.345743315176475,0.72953562864376,0.833688481158645
"YBL099W",560.622878120585,0.0727053735477435,0.211086991891288,0.344458039911287,0.730501846696722,0.834595500917603
"YHR099W",145.171023823291,-0.044257764790312,0.128587253841106,-0.344120917508809,0.730755352596771,0.834595500917603
"YJL093C",119.771302233097,-0.0530764625853635,0.154289796689331,-0.344067528901932,0.730795501920589,0.834595500917603
"YGR091W",32.7792432653188,0.0622726388058548,0.181114504549664,0.343797668226781,0.730998453948694,0.83464980785681
"YGR127W",59.568270963662,0.0594468398494854,0.173167557045473,0.343286787468667,0.731382719640666,0.834911070603617
"YLR126C",52.9183823145851,0.0574349378589542,0.167772515752749,0.342242256442257,0.732168587085999,0.835285607888346
"YOR117W",370.446251300326,-0.0732436150654219,0.214040394493174,-0.3422305878474,0.732177367704028,0.835285607888346
"YPL051W",45.3311092520517,0.0576737470441149,0.16841502011323,0.342546018609297,0.73194001838609,0.835285607888346
"YMR296C",466.955746435178,0.0614836866880726,0.179904365587122,0.341741669907817,0.732545309971896,0.835527895489287
"YGL142C",60.5976125340143,0.0500563856967514,0.146611804074775,0.341462936324047,0.732755102484376,0.83558973576297
"YOL062C",228.731157654849,-0.0560383539700298,0.165028423300692,-0.339617398015866,0.734144674392663,0.836996613492463
"YMR073C",41.2864636848888,0.0594027548140165,0.175057819297207,0.339375406823912,0.734326942928301,0.837026742459232
"YHR117W",101.002002755816,-0.0504982560790754,0.14901514635172,-0.338919435199978,0.734670422875631,0.837085712780521
"YIL068C",64.5185107159937,-0.0528062573077026,0.155815413385352,-0.33889293945604,0.734690383550061,0.837085712780521
"YIR031C",30.5556994978087,0.0621047521023929,0.183341290357634,0.338678757484698,0.734851744972217,0.83709198775096
"YLR381W",43.0332256822335,0.0638177362047623,0.188694803303993,0.33814366363108,0.735254927637068,0.83737366758666
"YML124C",379.560471131387,0.054454355598213,0.161198950014651,0.337837230977026,0.735485851458348,0.837459085898407
"YKL090W",33.1771667493509,0.0571996378069504,0.169898290208793,0.336607054299488,0.736413137683638,0.838159559758174
"YML017W",86.2655272688366,0.0716526707844903,0.212704617290407,0.336620770959931,0.736402796179059,0.838159559758174
"YBL020W",67.0481450210684,-0.0614860070056688,0.183057864170714,-0.335926663310242,0.736926169850786,0.838417646057855
"YLR357W",81.4279469342459,0.0570114834629339,0.169759365167051,0.335718345992422,0.737083269883278,0.838417646057855
"YOR025W",71.0441980235559,-0.0632415015165319,0.188467954639826,-0.335685293896727,0.737108196739004,0.838417646057855
"YBL088C",87.0450403220947,0.0544686778848209,0.162944676260394,0.334329852858061,0.738130665885034,0.839402880895303
"YJR139C",565.74655282963,0.0793320804053321,0.237566100695676,0.333948547940275,0.738418384653178,0.839552316674899
"YGL233W",101.787929449787,0.0460570333668135,0.13808357126307,0.333477711887872,0.738773710896226,0.839778539941509
"YOL093W",78.3838526747914,-0.0717141672818146,0.215418565069313,-0.332694215324564,0.739365116551856,0.840272966779521
"YFR017C",238.04433517237,-0.0688829448190322,0.207297424712388,-0.332355559237162,0.739620791612471,0.840385714353836
"YNL046W",80.1665505842384,0.0467756331587891,0.141679932563863,0.330204715037974,0.741245284384848,0.842053388839048
"YHR026W",426.444340173986,0.076447236966109,0.232157275668568,0.329309074176299,0.741922086085719,0.842644010227616
"YOR035C",116.808226390012,-0.0482971688055594,0.147009981039966,-0.32850579844406,0.742529260814038,0.843155319203424
"YGR254W",4508.67813642941,-0.0903441600582226,0.275663329316405,-0.327742266351427,0.743106542935705,0.843632475609315
"YDR206W",159.147076713624,-0.0465122673694651,0.142103920626405,-0.32727619156479,0.743458998162973,0.843854243265707
"YGR220C",41.6749355712574,-0.0595349903717771,0.182051140247209,-0.327035408955328,0.743641103933927,0.843882604950163
"YML015C",71.29958371541,0.0576985398886398,0.176649758428401,0.326480065520014,0.744061169181758,0.844180933602709
"YDR075W",33.299633679208,-0.0682628744280009,0.209304851239005,-0.326038643733129,0.744395117721361,0.84438145243536
"YBR045C",13.5060002082132,0.088037832475445,0.270684147178686,0.32559227380154,0.744732858554193,0.844472241260254
"YGL245W",1003.23506178807,-0.0772561302855234,0.237340685934588,-0.325517272662625,0.744789612148542,0.844472241260254
"YGR204W",967.81247029819,-0.066519109303242,0.205250818644856,-0.324109035941014,0.745855486181269,0.845393788797099
"YPL067C",52.7625206669869,-0.0600490231002237,0.185432138656357,-0.324027547673098,0.745917178385674,0.845393788797099
"YDL225W",128.60507904367,0.0554596690819508,0.171228421133548,0.323777949351133,0.746106151558707,0.845429565405446
"YLR081W",18.1741421121587,-0.0694634510917975,0.215053209717705,-0.322877055433108,0.746788353552659,0.846024097644238
"YMR317W",60.9345557476716,0.0518693644104652,0.161602362519588,0.32092035711728,0.748270746496302,0.847524710972509
"YNR002C",57.8838397745903,-0.0759866545193586,0.237160698083078,-0.320530058238951,0.748566548141629,0.84768098884012
"YPL139C",86.5275442426753,0.0475527453308091,0.148621099635945,0.319971048361641,0.748990277764462,0.847982036651123
"YNL008C",76.4029505081491,-0.0541877264074014,0.169526094521523,-0.319637641466547,0.749243036364941,0.8480894306251
"YDL045W-A",55.2279505696131,-0.0485799995423413,0.15235004797403,-0.318872962909063,0.749822847377899,0.848566901236135
"YPR027C",61.62390936818,0.0588655954800077,0.185081453179039,0.317950002768198,0.750522862353479,0.849180175626825
"YDL113C",91.8680856697138,0.0490363229587849,0.154737403011004,0.316941422588859,0.751288050369944,0.849791453199041
"YPR022C",96.6416432034259,0.049695043243078,0.156831508103519,0.316820828392046,0.751379558972677,0.849791453199041
"YPL108W",16.4207013089616,0.073857894086059,0.233309925876747,0.316589112856384,0.751555397850018,0.849811377232094
"YDR125C",16.1111031432487,0.0715336300937849,0.226847098965137,0.315245530555566,0.752575238213117,0.850676283461941
"YOR304W",120.501573640311,-0.0543770477519331,0.172472857603333,-0.31516408994488,0.75263706926292,0.850676283461941
"YJL029C",83.4855032584348,0.0558001435678995,0.177481479933912,0.314288863703605,0.753301655505487,0.851069245208239
"YPL036W",17.3101261503248,-0.0789970098367997,0.250870062139889,-0.314292011286516,0.753299265120976,0.851069245208239
"YER176W",140.806228284393,0.0351182023877839,0.112240079346827,0.31288416991163,0.754368664774046,0.852087462097665
"YMR003W",17.5295353649304,-0.0762255557781516,0.243377411437755,-0.31268473329685,0.75452019544526,0.852087462097665
"YDL066W",235.236344447905,0.0644185568962312,0.206658855400392,0.311773942488429,0.755212328545712,0.852689807992226
"YLR269C",10.9611560220898,-0.0808941308731506,0.260134766528742,-0.311218187675011,0.755634757361973,0.852987448884228
"YOR201C",66.9807502377346,-0.0483367701655809,0.155943720474479,-0.310070934000819,0.756507014995963,0.853613272593134
"YPR037C",105.27918238242,-0.0747690089187497,0.241223658573914,-0.31008404796927,0.756497042682712,0.853613272593134
"YBR159W",253.925012588149,0.0615221413545988,0.199392567887922,0.308566881537262,0.757651016921786,0.854724556161923
"YKR072C",241.487574430606,-0.0600189185440546,0.194776723356239,-0.308141744164819,0.757974478324537,0.854788006937044
"YNR008W",96.5602219383766,0.0480935000179145,0.156109143168052,0.30807461210884,0.758025558935234,0.854788006937044
"YBR126W-A",94.337444648639,-0.0900432369667745,0.293019354297338,-0.30749645147639,0.758465523596697,0.855104602694765
"YCR015C",16.4431451013557,-0.074108042976531,0.241928186090973,-0.306469005563944,0.759247575190219,0.85562709323262
"YOR076C",46.7093895525381,0.0573544967231238,0.186935483132806,0.306598881151704,0.759148705364568,0.85562709323262
"YDR013W",38.9829610332559,0.0648544714249336,0.213107124541206,0.304469038288442,0.760770577594782,0.857163577147382
"YBR280C",68.9809584262818,0.0448384948057589,0.147782608711736,0.303487319281048,0.761518509821999,0.857809893433292
"YER023W",342.17682472478,-0.0617780341793713,0.203968605512744,-0.302930730030623,0.76194265182644,0.857809893433292
"YIL029C",18.4317587908279,-0.0694038470604484,0.229079935352853,-0.30299484286568,0.761893791780748,0.857809893433292
"YPR040W",75.9353937444473,0.0474904484546053,0.156804817893905,0.302877711799516,0.76198305745117,0.857809893433292
"YDR328C",274.777186802072,0.0528800774320311,0.176138812732816,0.300252489642208,0.763984569971979,0.859882884601739
"YNL199C",122.109415904598,-0.057837499614612,0.193029911128572,-0.299562667940484,0.76451076373323,0.860294848525283
"YKL149C",43.7170773982096,0.0573670779358887,0.191961906612659,0.298749280111641,0.765131353029147,0.860812839782059
"YML004C",221.801056486249,0.0606921958661623,0.203733684090567,0.297926202147921,0.765759489118053,0.861339102838337
"YLR148W",50.8843270362055,-0.0615623579854026,0.2074645903134,-0.296781110546099,0.766633627691077,0.86214179529497
"YPR003C",80.7526600311453,-0.0404222818255462,0.136510329820714,-0.29614881626404,0.767116435091307,0.862504160116268
"YBR260C",69.8343431847,0.051286076043892,0.173352798076853,0.295781870989857,0.767396668713482,0.86263865794477
"YDR242W",38.657936925382,0.0539321145396711,0.18286792992045,0.294846294609396,0.7681112996233,0.863261307862889
"YBR262C",72.7484974845651,0.0534655671104381,0.182237607530993,0.293588486738023,0.76907237452831,0.86397986270478
"YNL275W",49.685427840022,-0.0449116126245304,0.152922607504897,-0.293679559075318,0.769002775383266,0.86397986270478
"YDR448W",41.5383053679718,-0.052328619821242,0.179707569187467,-0.291210080748695,0.770890653206163,0.865841425840715
"YJR009C",8154.16219747378,0.0592539729253913,0.204610958982555,0.289594794613077,0.772126249737319,0.86690896876387
"YNR013C",260.590316406009,0.0360568905736589,0.124619315665019,0.289334592672314,0.772325342680156,0.86690896876387
"YOL145C",197.64689475281,-0.0553154294998917,0.191090948842512,-0.289383796315212,0.772287693471374,0.86690896876387
"YOR033C",87.1201825535179,0.04309414937325,0.14926019590582,0.288756623286028,0.772767628292524,0.867224181270193
"YPL007C",45.1826992631581,0.050625094242601,0.17572344966511,0.288083767309073,0.773282617956608,0.867620835814694
"YGR020C",325.778321080327,0.0344782319650569,0.119796557209979,0.287821541578065,0.773483347004994,0.867664798822853
"YAL042W",540.239838093741,0.0570585151620659,0.198431192543296,0.287569310186648,0.773676439862853,0.867700179265689
"YIL021W",74.5306872228827,-0.0482907598346588,0.168215892773696,-0.286992052157797,0.774118405836608,0.868014604957917
"YMR213W",69.1893312363622,-0.0528614413938582,0.184449312685595,-0.28651830504812,0.774481175475051,0.868240115524212
"YFL027C",46.681745309205,-0.0475127679520529,0.166191055966713,-0.285901030485465,0.774953924463084,0.868407579447366
"YNL015W",71.5882202506804,0.0588582676346114,0.205906922627288,0.286067717654473,0.774826256362597,0.868407579447366
"YMR002W",324.633838594943,-0.0432809619632346,0.151600149959007,-0.285521062809378,0.775244969909118,0.868552510092173
"YDR138W",48.5677953353035,-0.0516598551953124,0.181878077673912,-0.283823432182537,0.776545696367764,0.869828349362099
"YFR052W",201.30859454372,0.0711866951259483,0.251357390331824,0.283259259670762,0.776978104920133,0.870131234680157
"YNL166C",92.7436541250713,-0.0421107486128518,0.14887018412491,-0.28283008170958,0.777307093539419,0.870318198749265
"YCR028C-A",171.669660511057,-0.0606502613231675,0.215559981256373,-0.281396290660688,0.778406462851913,0.87136746810705
"YDR233C",584.858912620183,0.0507235167182411,0.180588323038906,0.280856267766671,0.778820644308494,0.87164944375514
"YBR245C",137.596175123552,-0.0341342311915614,0.121961325720733,-0.279848969358639,0.779593379946712,0.872096873115564
"YHR190W",647.011636376405,0.0525112513946829,0.187649319479963,0.279857141440156,0.77958710996503,0.872096873115564
"YLR007W",74.4169032858682,-0.0432245293565611,0.154589576577592,-0.279700183350476,0.779707537646795,0.872096873115564
"YCR032W",76.196420331903,0.0378068708761441,0.135986970713944,0.277984843131729,0.781023993808022,0.872388223569535
"YGR238C",50.6509031977686,0.0473665028872176,0.169775620469259,0.278921197194066,0.780305300834257,0.872388223569535
"YIL017C",196.166537227182,0.0402176667984813,0.144752373205941,0.277879316011336,0.781105002261384,0.872388223569535
"YPL111W",194.862836302271,0.0557252079808172,0.200560915821199,0.277929294011981,0.781066636088097,0.872388223569535
"YPL158C",46.9446661535594,-0.0454783443119253,0.163332755222542,-0.278373447035163,0.78072570045604,0.872388223569535
"YPL233W",38.3171038656033,0.0555528813529576,0.199832930183875,0.277997691799744,0.781014130622177,0.872388223569535
"YPL249C-A",9.83408594585159,-0.072520133932439,0.259328997802561,-0.27907557176888,0.780186829556393,0.872388223569535
"YNL016W",440.694014931483,-0.0527220422665037,0.190042944276443,-0.277406231733216,0.781468197099457,0.872612408860953
"YOR174W",62.6460346089667,0.0535063835736802,0.193506085965627,0.27662265141294,0.78206986985049,0.873034508542833
"YOR305W",47.43044453384,-0.0440949242995351,0.159468930380668,-0.276490571298385,0.782171300522829,0.873034508542833
"YPL208W",57.8451821838712,-0.0550821007657144,0.199713767980621,-0.27592634403961,0.782604639461671,0.873336696145572
"YNL011C",63.1211260251251,-0.0520890507861399,0.189226797387764,-0.27535934069296,0.783040178465275,0.873641212824468
"YKL192C",239.884188910885,0.0426901195197278,0.155318582570452,0.274890203775086,0.783400593586031,0.873861804392642
"YNR059W",71.2373738600988,-0.051259372460214,0.186990446736425,-0.27429208935049,0.783860163262549,0.874192885565438
"YHR104W",144.738865320422,0.0469197368394809,0.171849207283625,0.273111570776382,0.78476745254021,0.875023040812429
"YGL094C",106.305645876114,-0.0377096180349686,0.138514920824688,-0.272220780724797,0.785452264276131,0.8756048384033
"YNL267W",154.099765646897,0.0457792068886124,0.168470884018342,0.271685744548839,0.785863663343811,0.875881663378213
"YCL028W",254.011889550739,0.041442310214342,0.153302637950959,0.270337805789518,0.786900382912134,0.876673295295804
"YNL117W",9.78617262267688,0.074731857030413,0.276965128936899,0.270528277210985,0.786753865570299,0.876673295295804
"YJL168C",88.6567723357179,0.0414930784153051,0.153631489527002,0.269975442955585,0.787179146022668,0.87680198948315
"YBR236C",76.7956678320976,-0.0554358066801117,0.206340906151892,-0.268765453893182,0.788110179253884,0.877293217154945
"YLR451W",85.6549506296248,-0.0556215026184363,0.206578614420972,-0.26911721329245,0.787839484629235,0.877293217154945
"YMR245W",24.7342549442624,-0.0635804719729419,0.23655061294713,-0.268976946869508,0.787947422858918,0.877293217154945
"YIL155C",318.162639703717,0.0532149340182804,0.19822227909593,0.268484170321298,0.788326657987075,0.877352358070572
"YFR048W",59.1732096292083,-0.043500278280116,0.162231476877285,-0.268114516340346,0.788611172355015,0.877487177691897
"YHR202W",31.0255122033808,-0.056854240896514,0.212286763450358,-0.267853738940133,0.788811903829904,0.877528735598678
"YBR166C",74.9274894603996,-0.0447040588607942,0.167345411691083,-0.267206032324728,0.789310531842043,0.877901608308887
"YNL230C",40.4693499899209,0.064795520425473,0.242509952073336,0.266890473605976,0.789553491651572,0.877990021461821
"YGL231C",175.519589677128,-0.038295722062059,0.143682916114726,-0.266545353890626,0.789819234944292,0.87810372818998
"YKL059C",80.9315272382794,0.0342673636638743,0.128788989354229,0.266021095044381,0.790222962709624,0.878370764220487
"YBR133C",94.6880189001202,-0.0392307254402691,0.147618560347303,-0.26570632127798,0.790465394663094,0.87845843880312
"YAL020C",67.7708206651968,0.068470302997216,0.258602715897943,0.264951017518432,0.791047195958565,0.878923146357769
"YLR145W",31.4661369581718,0.0548888825274345,0.207278391327355,0.264716050124866,0.791228212243391,0.878942446320424
"YDR047W",202.220620086384,-0.0553676410836842,0.209361377394857,-0.264491096640253,0.791401524473417,0.878953181957553
"YDR071C",206.676650257369,-0.0505779202595484,0.191521549034856,-0.264099972641689,0.791702884972113,0.879106097826177
"YDR231C",37.8020072340454,0.071253596747403,0.271511129200208,0.262706502045926,0.792776804865414,0.87920797417554
"YIL035C",135.539693779447,-0.0383229381636606,0.145627809191029,-0.26312564842286,0.792453735705902,0.87920797417554
"YML100W",875.258792961914,0.0615363466309204,0.234205023532131,0.262765366292141,0.792731431401322,0.87920797417554
"YNL258C",96.2416594449359,-0.0445773039004991,0.169095400673613,-0.26359467394823,0.792092262997386,0.87920797417554
"YOR149C",43.7384016636627,-0.0461173760300691,0.175134723588551,-0.263310675736164,0.792311131899675,0.87920797417554
"YOR231W",84.3431819925897,0.0347323400336001,0.131870521371503,0.263336457185391,0.792291262234451,0.87920797417554
"YDL219W",31.1352838169431,-0.0598583341960288,0.228001890230487,-0.26246398183074,0.792963750567017,0.879233753983371
"YJL197W",134.047876021615,0.0496844410978384,0.189673027849689,0.261889020655654,0.793407004533058,0.879362158759194
"YPL101W",73.1611885973137,-0.0410292740732248,0.156612742180295,-0.261893450912321,0.793403588866503,0.879362158759194
"YGL139W",116.897595178739,0.0465697092214794,0.178124261906088,0.261404532573742,0.793780562037102,0.879594676851924
"YCR017C",416.951578700258,0.0234249554435865,0.0898387415711828,0.260750868052104,0.794284635543747,0.879637516496227
"YNL058C",74.5756860257507,-0.0645997591505348,0.247891746911513,-0.260507690946711,0.794472183549073,0.879637516496227
"YPL189C-A",38.4452036101705,-0.0604351812570183,0.232263867157162,-0.260532679388023,0.794452910905974,0.879637516496227
"YPR058W",51.7868180321929,0.0548807590831167,0.210812850572101,0.260504916105772,0.794474323687059,0.879637516496227
"YLR253W",117.678172159233,-0.0356698349245655,0.137666433378488,-0.259131734538445,0.795533600212959,0.880628806006555
"YMR088C",119.891306742208,0.047952333600166,0.18525869994147,0.258855735439962,0.795746552336079,0.880683027528762
"YHL013C",46.5610369653476,-0.0500229541752499,0.193291517553665,-0.258572132112246,0.795965387489635,0.880743736342569
"YBR058C-A",85.2993521907822,-0.0603433930313869,0.234004030853349,-0.257950238147229,0.796445311997571,0.8810932586486
"YBR211C",63.8272055591414,0.0386607953953117,0.150659028469824,0.256617130164025,0.797474349783001,0.881868382269816
"YPL262W",273.616252041247,0.0439536299126403,0.171189547697698,0.256805027988952,0.797329288442982,0.881868382269816
"YKL033W",38.6683453401185,0.0445504715338824,0.173803418528332,0.256229182884784,0.797773875918058,0.881928617319642
"YNL273W",39.3701184722656,0.0463009623940132,0.180765439759397,0.256121236673131,0.797857224270367,0.881928617319642
"YPL050C",218.131498800768,0.0334732359525944,0.130841195088079,0.255817968326795,0.798091398748396,0.882005947053011
"snR63",16.7045640077386,-0.0656575381070497,0.257210560063821,-0.255455372915479,0.798371407604564,0.88213388813909
"YGL037C",1464.66129510548,-0.03930439559766,0.1544540178598,-0.25447922581044,0.799125351341514,0.882502035868617
"YHR154W",47.9012314981801,0.0557570535713924,0.218883980414332,0.254385794798482,0.799197524197534,0.882502035868617
"YOL147C",61.1147559995984,-0.0512688248768804,0.201567427459697,-0.254480495808832,0.799124370314927,0.882502035868617
"YJR126C",252.374426783752,-0.0249061161264826,0.0980848893703438,-0.25392663785128,0.799552235076607,0.882657705404617
"YPR186C",26.9882907631606,-0.0544136063119097,0.214362943278128,-0.253777865470378,0.79966717454829,0.882657705404617
"YDL044C",22.9982002681772,-0.0532645546375721,0.210186396571513,-0.253295116932569,0.800040169227433,0.882887969780263
"YAL022C",166.388527094949,0.048829964546573,0.194452923459072,0.251157053552699,0.801692686799963,0.884529872802506
"YBL067C",120.05057633898,-0.0313500598560449,0.125700663887612,-0.249390903094691,0.803058421176872,0.885841613385997
"YCR073W-A",167.083619914677,0.0557857814667462,0.223940201009717,0.249193066522216,0.803211442411061,0.885841613385997
"YNL190W",311.007314287802,0.0515631064398321,0.207779819951886,0.248138377753161,0.804027342803922,0.88637743394907
"YNR039C",58.9439271931104,-0.0428504305267351,0.172603472343128,-0.248270170252309,0.803925377288152,0.88637743394907
"YNL218W",43.1399417460065,0.0426736671309048,0.17244407692237,0.247474232360561,0.804541231006949,0.886761943718104
"YOL066C",63.6099225413529,0.0404009669799902,0.163662077485469,0.246915273034863,0.804973796057147,0.887056680062154
"YBR197C",42.7112462470392,-0.0407638584663776,0.165581337167855,-0.246255957419816,0.805484101139544,0.887378526568144
"YDL093W",69.4538611182964,0.0367204659796469,0.149354268533176,0.245897588381847,0.805761510719203,0.887378526568144
"YER071C",22.472164837597,-0.0512296826382219,0.208527718518524,-0.245926332540716,0.805739259275812,0.887378526568144
"YGL041W-A",11.5970866764558,-0.0584326431328488,0.238502087727403,-0.244858223785264,0.80656620971341,0.887791448942248
"YOR176W",161.178327983493,0.0343908955376628,0.140400261597612,0.24498407691418,0.806468760530098,0.887791448942248
"YPL109C",38.8097157622723,0.0440340325851659,0.179906296876417,0.244772826984374,0.806632334916807,0.887791448942248
"YLL039C",408.673449507221,-0.0666002502956208,0.272862405308117,-0.244123456615634,0.807135206287825,0.888162915995064
"YBR222C",242.176502009403,-0.0360161507755254,0.148429210553343,-0.242678132827546,0.808254748612716,0.889212669971097
"YDR505C",104.811569115686,-0.0384619071851341,0.15988055328792,-0.240543416254635,0.809909009756774,0.890850151833634
"YBR286W",1498.54053214904,-0.0403015202690377,0.168218886509738,-0.239577914459368,0.81065748790587,0.891490861495174
"YNL264C",85.3314607375878,-0.0313108062407668,0.131302742422273,-0.238436447929425,0.811542601086243,0.89228153744815
"YCL010C",91.1448672565533,-0.050976342793037,0.214942576215066,-0.2372777589521,0.812441315260721,0.892626168939379
"YDR515W",36.2764590953228,-0.0660257757450612,0.278172361347467,-0.236961038079653,0.812687016591615,0.892626168939379
"YER155C",243.042579507527,-0.0309944210844562,0.130775301663057,-0.23698927951751,0.812665107090989,0.892626168939379
"YHR023W",75.1898032395292,-0.0449586302094449,0.189336719350784,-0.237275612427051,0.812442980400069,0.892626168939379
"YKL174C",86.1408275897991,0.0448157465281667,0.18859918769943,0.237641749942692,0.812158966177017,0.892626168939379
"YKL028W",210.657497466998,0.0257780440548542,0.108957674794737,0.236591252703715,0.812973906900234,0.892758710685168
"YLR096W",162.870432441005,-0.0607434077949098,0.25708363678018,-0.236182843659454,0.813290791748803,0.892924129698042
"YDL186W",20.991715226474,-0.0618791331206667,0.26302403334059,-0.235668059729162,0.813690256483355,0.893042853522717
"YGL085W",35.0376203787212,0.0442175988205168,0.18766606077519,0.235614952128819,0.81373146995721,0.893042853522717
"YPL066W",93.4494015370126,0.0607356893903097,0.258014366292313,0.235247890318068,0.814016337673897,0.893108841278905
"YPR121W",37.9105060945514,-0.0467786118330588,0.198847268264213,-0.235108960181368,0.814124164383079,0.893108841278905
"YBR086C",445.300050262886,-0.0263385510277237,0.112339663055315,-0.234448331577768,0.814636940810067,0.893488872593602
"YDR108W",52.5471671259426,-0.0344625204879701,0.147280799102356,-0.233980629353321,0.815000016835275,0.89370459175628
"YLR107W",61.6804812658249,-0.0469237184525612,0.200881614086301,-0.233621176135455,0.815279086445241,0.893828122738802
"YFR021W",79.8017221844258,-0.0406109683152178,0.174094578578883,-0.233356698816813,0.815484434342063,0.893870795275759
"YBR013C",13.0960612647093,-0.054188790875512,0.232456351893601,-0.232902277974679,0.815837289513583,0.894075103443676
"YJR010C-A",30.832071051695,-0.0595258022590315,0.256723745121047,-0.232032333785874,0.816512900301132,0.894560850980464
"YNR041C",82.8785401682033,0.0512560577903065,0.221125150941962,0.231902634209815,0.816613638495106,0.894560850980464
"YJL001W",330.253778734989,-0.0464418819511597,0.200838370094978,-0.231271639978398,0.817103777508244,0.894866365170167
"YKL218C",71.744460480217,0.0548341636655476,0.237487739376332,0.231114625288741,0.817225753334513,0.894866365170167
"YLR010C",9.62352439794046,-0.0672110821457059,0.292402305232798,-0.230592464865524,0.81763142203661,0.895128081483619
"YDR177W",177.4043249815,0.0340308008756354,0.148027373245204,0.229946718970765,0.818133172375481,0.895377281750549
"YML111W",136.684638277275,0.027570518127973,0.120042369599629,0.229655900639501,0.818359165167277,0.895377281750549
"YML113W",43.8481558722198,0.0634141849163186,0.275542993711266,0.229824490134638,0.818228153667389,0.895377281750549
"YER180C",40.1460751111673,0.049364236690187,0.215029844493666,0.229435161915063,0.818530709688129,0.895382574691434
"YBL025W",23.2792738939387,0.0464937344537237,0.20452399413619,0.227315589519705,0.82017835169961,0.895649427360218
"YBR164C",121.179622166888,-0.0259154984229547,0.113803267344731,-0.227725309997121,0.81985979482541,0.895649427360218
"YDL069C",12.03338969583,0.0638053022969299,0.280995710217933,0.227231340339934,0.820243858952435,0.895649427360218
"YFL009W",102.216511669421,0.0285339523191685,0.125264702207856,0.227787213474336,0.819811667575512,0.895649427360218
"YLR251W",35.0013572611133,0.0463110123681683,0.203879512303682,0.227190689678443,0.820275466986579,0.895649427360218
"YNL149C",36.5688359487077,0.0442832037586624,0.193981533262861,0.228302300426408,0.819411236299353,0.895649427360218
"YNL208W",1288.14142602715,-0.0544429965458003,0.238512269326211,-0.228276408619853,0.819431363601357,0.895649427360218
"YNR068C",16.2623085884784,-0.05128120819502,0.225503113049836,-0.227571991111104,0.819978996483791,0.895649427360218
"YOL095C",21.9164354683911,-0.0497413861836749,0.217723176095796,-0.228412184084401,0.819325818262462,0.895649427360218
"YLR443W",77.6859941975069,-0.0313164156304181,0.138292504968785,-0.226507633016602,0.820806623204816,0.896047230331924
"YGR084C",67.5491432411684,0.0453122570884003,0.200979529288758,0.225368151391968,0.82169288585643,0.896331565584142
"YHR051W",97.3122552019824,0.0386918044561882,0.171425519118798,0.225741238859055,0.821402681872097,0.896331565584142
"YOR060C",38.7087502182963,0.0484372670557056,0.214866642090704,0.225359502954726,0.821699613284146,0.896331565584142
"YPL099C",36.6775982967398,0.039839057651143,0.176750196229402,0.225314503992254,0.821734617191643,0.896331565584142
"YER112W",129.678956900945,-0.0353283733676442,0.15739317609537,-0.224421278763271,0.822429514861208,0.896801727363572
"YKL127W",180.803664154458,-0.0228296615360695,0.101762378962794,-0.224331211093003,0.822499592067205,0.896801727363572
"YDL189W",168.200084566571,0.0331577122099395,0.14902064836943,0.222458217808125,0.82395719571116,0.898208666158847
"YDL126C",1633.61192596252,-0.0388729659807018,0.175775259461968,-0.221156058954983,0.824970921983382,0.899124905340629
"YLR361C",41.9494021188674,0.0425226137211353,0.192417474667574,0.220948542096958,0.825132500172028,0.899124905340629
"YCR048W",141.818527255053,-0.0497395747803004,0.226271412773976,-0.219851131802508,0.825987096273082,0.899597082586179
"YGR066C",14.5313857323059,-0.0552492897098143,0.251188413581388,-0.219952003936504,0.825908534595975,0.899597082586179
"YMR092C",230.924055290429,-0.0474433801189209,0.215929079277765,-0.219746876353091,0.826068294789617,0.899597082586179
"YMR314W",403.834797778213,-0.0386806389769665,0.176470909826578,-0.219210654281065,0.82648595640015,0.899869465198704
"YBR033W",38.2504257764668,0.0389275188655698,0.178149624431606,0.218604808518309,0.826957906742011,0.900200834436835
"YPL094C",246.248912985658,0.0203994975520316,0.0934709133690331,0.218240713537584,0.827241564706083,0.900327141648708
"YBR239C",45.6255951400138,0.0532005893602803,0.244830856444661,0.217157136430189,0.828085887748745,0.900880960724835
"YLR262C-A",195.402893203195,-0.0605849115567555,0.278777680110782,-0.217355603356346,0.827931227472078,0.900880960724835
"YIL120W",35.0310797944257,-0.038559639919796,0.177886132555788,-0.216671725927464,0.828464184004142,0.901109990337433
"YBL016W",80.6199319335544,-0.042668954560485,0.197883090201998,-0.215523555920193,0.8293591485963,0.901718216014318
"YNL311C",45.3893440131657,-0.043089429557193,0.199828528143493,-0.215717342667605,0.829208081985435,0.901718216014318
"YHR111W",74.8765298946951,0.0356989563222151,0.166725560121293,0.214134857702633,0.830441893669516,0.902530030533988
"YMR025W",9.47783645951906,-0.0588664200451553,0.27529715081882,-0.214204660582941,0.830387461813099,0.902530030533988
"YDL232W",37.4012131026285,0.0548098647296759,0.257859771667012,0.21289505640091,0.831408818418132,0.902996145887867
"YDR174W",385.451031594141,-0.0211190438193747,0.0990332923833304,-0.213248846059015,0.831132870715493,0.902996145887867
"YGR129W",24.3934123853415,-0.0532664142291812,0.249827493618198,-0.21264144955474,0.831606638649954,0.902996145887867
"YKL119C",33.9428507340326,-0.0490284472605732,0.230312852552191,-0.213034272320691,0.831300230757371,0.902996145887867
"YNL026W",100.294522606663,-0.0275026149655795,0.129417550572974,-0.212507149322695,0.83171140080195,0.902996145887867
"YOR249C",45.9140409597437,0.0371004909000893,0.175215827948867,0.211591564118623,0.832425691184055,0.903589003102174
"YJL164C",126.169107130583,-0.0316701685856483,0.150179872010701,-0.210920791793019,0.832949079578456,0.903937312647892
"YOR099W",373.939678910156,0.0346256471308713,0.164300057132736,0.210748959384051,0.833083168424328,0.903937312647892
"YJR098C",27.9179104434664,0.0384856444684722,0.183197848750822,0.210021365480423,0.833650997662135,0.904370734890593
"YKR067W",179.072039085305,0.0359447060723013,0.172243705481516,0.208721486589267,0.834665665679492,0.90528862891045
"YMR178W",119.512351055848,0.0346069547795688,0.166170394928677,0.208309594905629,0.834987240321982,0.905454566478774
"YBR150C",89.7668223353887,0.0329265770346458,0.1587947523056,0.207307146223432,0.83576999349658,0.905832996790056
"YDR390C",127.032682699568,0.0333134613190295,0.160730884501164,0.207214713603079,0.835842176892854,0.905832996790056
"YOR259C",337.510320557459,-0.0225289426319091,0.108649291485386,-0.207351781768667,0.835735136760235,0.905832996790056
"YMR218C",80.0952593765011,0.0474788800295895,0.229673959614537,0.206576201716064,0.836340847642831,0.906190577504468
"YOR040W",38.985753145853,0.0343510969588714,0.166900701914329,0.20583052566793,0.836923295674611,0.906638769880665
"YDR323C",21.7936033457377,0.04266340156998,0.207659325195979,0.205380916260542,0.837274529090614,0.906836357278824
"YGR119C",175.345941888206,0.0399227946452025,0.194794746511318,0.204892927977253,0.837655780664201,0.906883531132316
"YKL207W",326.123166640931,0.0398138727029173,0.194271121081554,0.20496816244109,0.837596999597708,0.906883531132316
"YEL060C",749.94917301561,0.0361023803017072,0.178120696119801,0.202697637074162,0.839371370182377,0.908557764862868
"YLR183C",41.005101682102,-0.0389305531579267,0.193291084084356,-0.201464013148111,0.840335765850512,0.909418375656478
"YPL260W",176.14884785431,-0.0298704138063743,0.148506253240761,-0.20115563738934,0.840576878646242,0.909496054635166
"YLR424W",25.3599579635987,-0.0392495433082459,0.195541393316751,-0.200735754782535,0.840905200444119,0.90966804261538
"YOR159C",71.5692468987464,0.0441454205503736,0.221809777152042,0.198964462321472,0.842290543735877,0.910983187757832
"YBR024W",38.7192985090633,0.0333879944920457,0.16873202267754,0.19778292611433,0.843214905275183,0.91175733873746
"YBR117C",18.8977405979761,-0.0443783495304043,0.224807060539838,-0.19761559663373,0.843345831101787,0.91175733873746
"YPR162C",34.1314515413127,0.040757382978614,0.208615572776035,0.195272961787049,0.845179262970794,0.913555609059396
"YNR010W",17.9222198771726,0.0421068678465368,0.21707306879033,0.193978868073178,0.846192428454695,0.914466706887358
"YMR162C",131.495025193667,0.0284067052260069,0.147189398569116,0.192969918828753,0.846982526584197,0.915136421300286
"YCR075W-A",43.3633180040311,0.0500692997351648,0.260556939270357,0.192374904472605,0.847448548581386,0.915289343069478
"YNL289W",63.2807763932351,-0.0409388976793152,0.213055394192005,-0.192354046092118,0.847464886070473,0.915289343069478
"YOL019W",111.631348102935,0.0452176381704961,0.23556898694988,0.191871153218119,0.84784313398857,0.915513766114317
"YER157W",56.198188161198,0.034831144811833,0.183007830562608,0.190282668954202,0.84908763371314,0.91573304509616
"YGL133W",99.4926667303706,0.0326835664796588,0.17178268532102,0.190189805751271,0.849160399159749,0.91573304509616
"YGR063C",39.9309221043362,-0.0398695332738179,0.210004094257812,-0.190088635095995,0.849239675595601,0.91573304509616
"YHR086W",117.50586195952,-0.025141298727009,0.131870022421544,-0.190697389965903,0.848762683672961,0.91573304509616
"YMR106C",26.1103290925289,0.0386262866875154,0.202645261578554,0.190609053698043,0.848831896421933,0.91573304509616
"YPL023C",171.400660995496,-0.0312238225418759,0.163974749841073,-0.190456406240475,0.848951500668771,0.91573304509616
"YPL244C",101.14728651318,0.0294933091539685,0.154774676152835,0.190601202540904,0.848838047973991,0.91573304509616
"YFR022W",59.161981530539,0.0298309960711446,0.157632840081084,0.189191012448008,0.849943111490833,0.916307597715228
"YNL090W",10.6264884611279,0.0564463401890537,0.300010281576856,0.188113523315776,0.850787660271573,0.916850024742901
"YNL282W",19.0148223819573,0.0424142462624761,0.225074403831672,0.188151317099248,0.850758034152475,0.916850024742901
"YBR095C",63.0800832481978,0.0317229811820579,0.169155915428267,0.187502158222281,0.851266931681567,0.917182485468745
"YLR237W",65.9959183129206,-0.0285850147630644,0.153499442600631,-0.186170226828976,0.852311271318056,0.918123513487622
"YDR160W",78.026538253417,-0.0304070739322775,0.163619118939999,-0.18581609877644,0.852588979398617,0.918238501774609
"YHL019C",59.4571974562451,-0.0378854525147349,0.205103176291816,-0.184657923111757,0.853497351012729,0.91903253253596
"YLR144C",65.9366108567909,0.030386009967038,0.165129423528364,0.184058513470497,0.853967551840313,0.919342153729664
"YNL291C",78.9435093638247,-0.0278669577086321,0.151589427713317,-0.183854972849218,0.854127229028305,0.919342153729664
"YDR482C",109.842096274576,-0.0398034351300655,0.21702428482534,-0.183453830385679,0.854441941931921,0.919496627953586
"YER101C",27.9664057771647,-0.0361915391731905,0.197629933213242,-0.183176909128683,0.854659211661883,0.919546199085732
"YBR026C",112.029481744293,0.035256148694172,0.193944816817654,0.181840812289071,0.855707654854853,0.919766914811079
"YJR061W",42.4025013518703,-0.0334837366172629,0.183671809794364,-0.182262730172411,0.855376545756833,0.919766914811079
"YLL015W",220.886488651445,-0.0322566142616611,0.177417773125615,-0.181824333951133,0.855720587099416,0.919766914811079
"YML081W",139.012887583981,-0.0314190557154976,0.172630952462209,-0.18194953926005,0.855622326602967,0.919766914811079
"YOR270C",703.464254128491,-0.03575620951356,0.195962070226839,-0.182471889143725,0.855212413209161,0.919766914811079
"YDR400W",44.7703190011648,0.0336824059124765,0.186247758617309,0.180884956249739,0.856457877241331,0.920191089950628
"YLR306W",22.9218029877391,-0.0462539879027172,0.255975157746747,-0.180966658012853,0.856393746928244,0.920191089950628
"YGL065C",56.1668635761085,-0.033514905172856,0.185810323007066,-0.180371246526119,0.85686112604372,0.920440221596164
"YDL097C",511.649503900886,0.0188051202410399,0.10455899739182,0.179857347660073,0.857264560704776,0.920685822052229
"YOR326W",344.885190715128,0.0210955819323,0.117571010431479,0.179424983635454,0.857604015588773,0.920685822052229
"YPL151C",85.0132118594128,0.0236068555187031,0.131458765894105,0.17956441377866,0.857494544204591,0.920685822052229
"YLR371W",146.0727205619,-0.0209998028063698,0.119302097717834,-0.176021713557323,0.860276883828132,0.923276405322382
"YPL069C",29.5449993022488,-0.0411933380863198,0.233716722278586,-0.175914768445682,0.860360902744093,0.923276405322382
"YGR076C",31.3019271597151,-0.0342757659998431,0.195252612117437,-0.175610252562952,0.860600147152659,0.92334865967977
"YER087W",25.4432588190875,-0.0357144471848114,0.203552088238935,-0.175330409409257,0.860820018591471,0.923362623020985
"YNR045W",92.6636740369066,-0.032101420807895,0.18325275857083,-0.175156079480043,0.860956994244851,0.923362623020985
"YGL022W",587.009580565812,0.0247740062477978,0.141840793062275,0.174667110231087,0.861341212670096,0.923590268167516
"YDL006W",62.8188419420228,-0.0264038378782632,0.151756964148288,-0.173961513360258,0.861895708872183,0.924000369731037
"YPL135W",121.02550735033,0.0331293720989955,0.190837783622236,0.173630444165481,0.862155904437612,0.924094863846421
"YBR119W",45.2514716855981,0.0323101970270372,0.186507811566824,0.173134712110532,0.862545540623554,0.924328032459918
"YDR061W",85.5146876192087,-0.0266126103584462,0.154516733979742,-0.172245956845204,0.863244169415383,0.924707705211412
"YLL006W",37.9106865776148,-0.0315460522138736,0.183095924163393,-0.17241566282912,0.863110759411068,0.924707705211412
"YMR087W",39.9022912591261,-0.0306850138475778,0.179925777834013,-0.170553829948855,0.864574604241913,0.92594819529079
"YNR070W",41.9360101529929,0.0301145879570799,0.176834534065244,0.170237341896752,0.864823485723666,0.926030092069739
"YOL096C",71.0466993759614,-0.0298345895787954,0.176365447971683,-0.169287528446767,0.865570485260819,0.926645221514024
"YDR028C",379.521912886337,0.0203612737567909,0.12110459343152,0.16813353291488,0.866478229393854,0.927217315740947
"YGR021W",115.717696249032,0.0323173685489711,0.192408872318742,0.167949795790775,0.866622775092078,0.927217315740947
"YNL246W",122.34362411372,0.0277699566172474,0.16521904871066,0.168059503499843,0.866536467678026,0.927217315740947
"YJR110W",73.146460675446,0.0311649650062213,0.186291617183807,0.167290332683544,0.867141610353214,0.92758764971263
"YEL050C",89.0249504979419,0.0257893900381381,0.154497084078912,0.166947411730822,0.867411427432679,0.927607318837175
"YHR067W",20.2558637715306,-0.0381880492874462,0.229148424365759,-0.166827968986372,0.867505411007099,0.927607318837175
"YGR169C",43.0037729437823,0.0291988488254066,0.176125822199329,0.165800234150061,0.868314161848174,0.927944270573931
"YLR069C",158.399493557075,0.0254000497939835,0.153346995255189,0.16562525285132,0.868451872862904,0.927944270573931
"YML094W",33.1110590176909,-0.0325885672231254,0.196792206591765,-0.165549352117863,0.868511608299228,0.927944270573931
"YNL055C",976.623909652307,0.0281965052911337,0.170135217048489,0.165739281703617,0.868362131225481,0.927944270573931
"YDR538W",9.58798012072372,-0.042985890835339,0.260304138755172,-0.165102398314486,0.868863385336433,0.927950933116322
"YGL050W",50.6001496805464,0.0324003889899613,0.195883153472241,0.165281665258048,0.868722289345976,0.927950933116322
"YGR282C",1550.57406008267,0.0422788832025373,0.258003225218007,0.163874826514013,0.86982968469932,0.928798257757465
"YDR415C",66.7677293411107,0.0241844519860942,0.148467413792528,0.162912083239362,0.87058765688175,0.929318702144113
"YPL042C",75.5622913329312,-0.025758618184717,0.158192571309628,-0.162816219874068,0.870663137067432,0.929318702144113
"YGL220W",133.693483283108,0.0217088838854093,0.13384974693393,0.162220421555208,0.871132278717837,0.929467056285846
"YPR032W",67.7800325063785,-0.028976746381657,0.178571450746523,-0.162200160574957,0.871148233353742,0.929467056285846
"YBR221C",536.274051554048,-0.0345763488548862,0.213774906045124,-0.161754137396933,0.871499470371631,0.92965713115512
"YAR033W",13.6448678300599,0.0375512724259952,0.237133160321719,0.158610792150942,0.87397552553302,0.930450455428712
"YDL020C",187.136959607552,0.0333133624249706,0.208351619298432,0.159841446683832,0.873005974070588,0.930450455428712
"YDL218W",11.7439303910489,-0.0410872420858872,0.258690225689432,-0.159032281725982,0.873643440339171,0.930450455428712
"YDR159W",88.7492321709706,-0.0288142171729624,0.179766266780657,-0.160192161053262,0.87272970422666,0.930450455428712
"YDR198C",32.6872854714618,-0.029769343399987,0.187233772504729,-0.158994199562061,0.873673443780196,0.930450455428712
"YML025C",79.3109325553505,-0.0243316118491645,0.153301634714154,-0.158716415316141,0.873892304568628,0.930450455428712
"YML078W",230.646620527779,-0.043906727072894,0.275757201726564,-0.159256580312925,0.873466727981634,0.930450455428712
"YOR261C",271.413699572905,0.0357792196248878,0.225252964551532,0.158850616486282,0.873786568878794,0.930450455428712
"YOR363C",70.3499219350916,0.0325101943765499,0.202754718258504,0.160262972104753,0.872673925793418,0.930450455428712
"YPL022W",137.191633058809,0.0206442898884605,0.130105825068554,0.158657051722409,0.87393907723806,0.930450455428712
"YNL059C",179.678217056185,0.0162616417066862,0.103244112527851,0.157505427728495,0.874846530577394,0.931193166018863
"YPR046W",24.240273926593,0.0313078093949791,0.19938752504099,0.157061685017239,0.875196233672969,0.931380814554689
"YAL048C",21.6430934169402,-0.0352788520741732,0.226621130404379,-0.155672084974946,0.876291501839124,0.931807890789533
"YBR010W",633.848811071967,-0.0431345515235043,0.275984784927586,-0.156296463689451,0.875799343652113,0.931807890789533
"YLR266C",67.7824361504463,-0.0325846042340279,0.20931751953241,-0.155674266650288,0.876289782079262,0.931807890789533
"YNR052C",162.457079724015,-0.024790578088513,0.159180138289365,-0.155739689603343,0.876238211080412,0.931807890789533
"YAR028W",55.4069223079293,-0.0286420584097723,0.184923934694587,-0.154943625051482,0.876865761102433,0.932227466042115
"YCR075C",57.5444248997077,0.0351322492040279,0.227888785717578,0.154290932581329,0.877380346461161,0.932227466042115
"YDL140C",775.973282797698,0.0339418126130662,0.219942767833023,0.154313818848388,0.877362301958536,0.932227466042115
"YNL102W",55.8380707740537,0.0294685294237187,0.190490513337063,0.154560105524694,0.877168123142724,0.932227466042115
"YMR166C",42.5559762162088,0.0285610327244165,0.185554250531597,0.153925287746274,0.877668644976045,0.932349345760747
"YHR083W",178.98721273662,-0.0224109180480888,0.146360625871686,-0.153152528994516,0.878277992304671,0.932695556700155
"YOR155C",154.951295342551,0.0327287035266792,0.213853445390865,0.153071539922357,0.878341859204875,0.932695556700155
"YEL015W",183.31056733469,0.0271258267779725,0.178295750595409,0.152112769476742,0.879097992823553,0.933073473220295
"YGL202W",534.867348786744,-0.0181289110405709,0.119307933984286,-0.151959441162694,0.879218925333814,0.933073473220295
"YML049C",138.198588288861,-0.0196180728050219,0.128878081812057,-0.152199624476839,0.879029490137593,0.933073473220295
"YDR205W",66.3890217839352,-0.0242528229264987,0.159993756997428,-0.15155761523235,0.87953586527663,0.933225431134093
"YJL178C",166.891562136372,0.0186334434237305,0.123684849596294,0.150665709105212,0.880239424555755,0.933418746157741
"YMR079W",150.071046957242,-0.0378002388180985,0.250447334025848,-0.150884158510075,0.880067097090224,0.933418746157741
"YOR158W",85.8752190075052,-0.0310920176160302,0.206236740212472,-0.150687048760908,0.880222590161456,0.933418746157741
"YDL036C",39.0424624928964,-0.0292594719437003,0.194981519414409,-0.15003196784387,0.880739394012669,0.933764564793139
"YOR073W",36.8284958270714,0.0318845730333951,0.212803020571869,0.149696667323472,0.881003937642935,0.933860696483166
"YIL157C",64.061686083663,-0.0304899749154798,0.207829154436447,-0.146762709567978,0.883319319348709,0.936130241559178
"YLR427W",144.139927283877,0.0178840510742519,0.122399120029193,0.146095759794008,0.883845793697698,0.936503404606498
"YDR069C",51.899948505782,0.0214101183854251,0.148121677036919,0.144543595904248,0.885071233326126,0.936951048186952
"YGL187C",86.7363030419706,-0.0280418141006262,0.194493704041415,-0.144234947952001,0.885314944991395,0.936951048186952
"YHR011W",34.2885924090224,0.0278659027752896,0.192353388563652,0.144851886085617,0.884827815014082,0.936951048186952
"YNL088W",123.489602064477,0.0238595909958212,0.165296359153166,0.144290558221303,0.885271033736624,0.936951048186952
"YNL101W",94.3150888247315,0.0211985307183449,0.146823241853602,0.144375660166422,0.885203835801748,0.936951048186952
"YPR042C",71.0810319655606,-0.026629411426089,0.184474964752663,-0.144367937141728,0.885209933998581,0.936951048186952
"YDR107C",60.0097404034086,0.0262008623879668,0.182329568098801,0.143734464678402,0.885710154892167,0.93718464182936
"YPR108W",292.32076429237,0.0150164183097124,0.105137847176511,0.142827918252114,0.886426087548878,0.937757438689191
"YIL093C",77.9509391946546,-0.0266958740513825,0.188952748694023,-0.141259697645101,0.88766478691462,0.938698084370629
"YKR016W",116.676212317121,-0.0232308429957244,0.164419439702371,-0.141293034758227,0.88763845187319,0.938698084370629
"YDR223W",30.9494186032581,-0.0265247367529109,0.188616813719544,-0.140657537891427,0.888140491359964,0.939016255727237
"YKL053C-A",76.720805486765,0.0286373086616877,0.204157912151349,0.140371448304946,0.888366515426758,0.939070370863436
"YKL068W",108.702435180634,-0.0273041702039311,0.195222344503335,-0.139779911041466,0.888833886118261,0.93937953607658
"YOR224C",183.542800162624,-0.0302676494269618,0.217119163343628,-0.139365674650419,0.88916119527635,0.93954058229968
"YKL219W",42.8459768166652,-0.0312488146468144,0.225017126312863,-0.138930090731786,0.889505392578464,0.939719406675635
"YBL082C",92.1254676961034,-0.0269405187752044,0.195671330288306,-0.13772368763047,0.890458797773495,0.94041071298426
"YLR208W",302.83299832626,0.0203580818675698,0.147895738824404,0.137658980212766,0.89050993972034,0.94041071298426
"YDR135C",342.024513269354,-0.0160477556628428,0.116770348175116,-0.137433587198037,0.890688084175279,0.940413937508438
"YMR306W",27.0320691422519,-0.0265305203407004,0.193801240663042,-0.13676599216815,0.891215765315391,0.940786139054435
"YBR112C",408.582132359677,0.0320837470337119,0.236264668009286,0.135781097032333,0.891994335034231,0.940893709219366
"YML061C",71.2775780835399,-0.0204491576183418,0.150328089888373,-0.135988604632268,0.891830289462695,0.940893709219366
"YNL180C",161.980827269793,0.0249629460210448,0.183853195826151,0.135750670724561,0.892018389004843,0.940893709219366
"YPL100W",75.367580754504,-0.0194195239295565,0.142813815145537,-0.136007669078626,0.891815218256426,0.940893709219366
"YDL141W",80.6239713743885,0.0193696068538366,0.143943377982641,0.134544618109033,0.8929719316505,0.941714558196512
"YGR134W",87.1875792048842,0.0205482021168106,0.153904535417082,0.133525000397893,0.893778193836808,0.942194833973993
"YOR090C",120.411950823479,0.0148871164847278,0.111346855333952,0.133702339205485,0.893637955355718,0.942194833973993
"YNL051W",48.368816866804,0.0223717800031257,0.168453824592373,0.13276352486647,0.89438040187622,0.94264465040761
"YMR075W",44.4212479013831,0.0305247481103195,0.230818533209645,0.132104860234098,0.894901351696592,0.943008663912575
"YFR006W",160.410256167977,-0.0198869792348278,0.151099850188989,-0.131627747116134,0.895278737450551,0.943221282629837
"YNR001C",528.272646580508,-0.0224325993625577,0.170994283980416,-0.131197874630182,0.895618777225791,0.943394479795985
"YDR227W",57.2758813103579,0.0235140374608464,0.179622182423239,0.130821468250875,0.895916539738132,0.94352308528108
"YDL226C",176.114902791547,-0.0145532368978536,0.111865094570136,-0.130099427815574,0.896487762810865,0.943939575388581
"YNL320W",58.7263821768162,0.03082891579408,0.240922904629072,0.128042878739358,0.898115039972574,0.945467636160857
"YOR190W",18.0916872846892,0.0320568565674628,0.251558036038958,0.127450597713906,0.89858377153631,0.94577570780355
"YJL129C",199.11347415265,0.0189430488366976,0.150534370621802,0.125820545793105,0.899873977828438,0.946734286327876
"YKL122C",132.830292112365,-0.025971985958069,0.206879708147924,-0.125503118608662,0.900125256268408,0.946734286327876
"YKL195W",382.76608268529,-0.0142825935516658,0.113666272014052,-0.125655547074184,0.900004591164814,0.946734286327876
"YLR209C",95.8236615754899,-0.0250657427435172,0.199943913515702,-0.12540921847628,0.900199590444323,0.946734286327876
"YCL033C",104.920617700661,0.0338931162092854,0.272683389334536,0.124388170099953,0.90100793949693,0.947213474855747
"YEL051W",349.666880984221,-0.0264414884745614,0.212385662962478,-0.124512977859512,0.900909125496053,0.947213474855747
"YDR255C",55.5172078752024,-0.0235224422378143,0.189635337794449,-0.124049246674868,0.901276282948578,0.94731015963147
"YDR501W",13.024243463869,-0.0297131766737832,0.240115310113871,-0.123596670917574,0.901634628498798,0.947501387138925
"YBR278W",25.6072732509192,0.0298822055495292,0.243579798713385,0.122842282312258,0.902231991356857,0.947943666975289
"YDR099W",463.212328796278,-0.0154097029305788,0.12614778706169,-0.122161712399383,0.902770948369054,0.94832442082734
"YPL183W-A",31.799613789298,-0.0306599537968345,0.253536577085658,-0.121041363596583,0.90365827262093,0.949070899930976
"YMR153W",44.8908159694785,0.019069308242258,0.157823177816452,0.120795358472387,0.903853126586917,0.949089959510916
"YJL079C",342.887168657489,0.0213139212106278,0.176998465651655,0.120414369059069,0.904154909359654,0.949221270166283
"YGR014W",228.924616048436,-0.0264657430425164,0.221790946208268,-0.119303794989371,0.905034677008719,0.949959204653866
"YKL095W",32.4417740605015,-0.0258288146403963,0.221881359509323,-0.116325223319758,0.907394795990216,0.951735209016072
"YNL086W",15.791533493122,-0.0294514079003303,0.253384672332056,-0.116519148697752,0.907241110995504,0.951735209016072
"YOR254C",275.176390745073,-0.015526057679823,0.133161471603149,-0.11659819780143,0.907178465930342,0.951735209016072
"YPL137C",151.556711001889,0.0145148438302967,0.124841839175883,0.116273877537152,0.907435487874009,0.951735209016072
"YOL064C",175.68023403516,0.0273989204361228,0.237171909153537,0.115562579346384,0.907999221500736,0.952140534689662
"YGR267C",263.468273935508,-0.0174357286871107,0.151533023339629,-0.115072950187087,0.908387300075297,0.952175680855664
"YLR380W",122.829747811599,0.0224238782836517,0.194733297974005,0.115135801889359,0.908337482783039,0.952175680855664
"YLR195C",106.486254484854,-0.0205575845773381,0.179227669684666,-0.114661410866625,0.908713501799319,0.952331749885686
"YMR193C-A",15.0167498262096,0.0346079148588612,0.302110289721449,0.114299621431836,0.909000282587142,0.952446452940995
"YFR004W",398.874309029186,-0.0157943671094753,0.13866108050647,-0.113910000998913,0.909309137523005,0.952584235934476
"YIL045W",67.4885530091021,0.0243075504527855,0.214059056162449,0.113516917012572,0.909620751933705,0.952724855428223
"YEL061C",56.9622780463893,-0.0195642793743708,0.172962005003141,-0.113038955322614,0.909999671241907,0.95293590061226
"YPL199C",117.0484188104,-0.0138486232133134,0.123046611883039,-0.112560819432645,0.910378749136798,0.953147029554335
"YHR082C",270.859692625923,-0.0117305158467147,0.104448696018149,-0.112302898921392,0.910583243339139,0.95317532644212
"YDR308C",41.8348090745175,0.0187829056608931,0.16761856477139,0.112078150175635,0.910761441889678,0.953176092047829
"YBR044C",75.9988139145759,-0.0160537333292144,0.144517158696315,-0.111064009877508,0.911565588085089,0.95383182809371
"YJR057W",39.7891508252331,0.0225000091554455,0.203274631152323,0.110696824491878,0.911856764193255,0.953950658449936
"YPL191C",27.7880794832221,0.0237018602401866,0.215289509913993,0.110258575751403,0.912204308663292,0.954128401524935
"YDL188C",128.324200676825,-0.0132721095967446,0.120783798657286,-0.109870736053667,0.912511891251589,0.95426428502965
"YGR249W",110.807681355095,0.0283265150113151,0.259890151465492,0.108929937030228,0.913258061607476,0.954858681894833
"YJL049W",49.9501085294546,-0.0199515295812374,0.185680174783846,-0.107434812883202,0.914444037634492,0.955540647107949
"YML092C",253.500732439106,0.0122175860206655,0.113568155174756,0.107587175856532,0.914323170123403,0.955540647107949
"YMR182C",60.0795227021688,0.0281508768732069,0.260772563480665,0.107817360991915,0.914140571089484,0.955540647107949
"YIL061C",30.953988160245,0.0276018751015815,0.25903859843951,0.106504935642215,0.915181739608097,0.956125485982316
"YGL057C",18.6030853628639,0.0219870069389606,0.20783864510845,0.105711970728163,0.915810882305957,0.956596703396595
"YAL047C",30.1128460784049,0.0220323782773505,0.209381359654769,0.105209658079722,0.916209447218337,0.95682693778139
"YAL058W",37.7188301358713,0.0200251705834842,0.191387128152544,0.10466372524639,0.91664264687941,0.957093245798855
"YKL088W",166.152454994704,0.0197262633029765,0.189455037476996,0.104104474230636,0.917086440231547,0.957370509326266
"YDR464W",74.4203875939289,0.0221020476952425,0.213989185431882,0.103211520959977,0.917795096342731,0.957619430741104
"YER094C",461.712112829716,-0.0200750763653224,0.194247017653268,-0.103359788106999,0.917677425603663,0.957619430741104
"YOL033W",33.6491544474532,-0.022162953676326,0.214915047098374,-0.103130030887738,0.917859770890933,0.957619430741104
"YPR045C",91.718526685384,-0.0143510451196669,0.14105837708378,-0.101731016110698,0.918970182559097,0.958591736361412
"YDR291W",70.9599131609349,-0.014540759921607,0.143768523861084,-0.10113870790527,0.91944035110276,0.958895946752024
"YBR152W",22.7386556324482,0.0247235822592895,0.244503150731242,0.100837704522489,0.919679295490573,0.958958939250606
"snR33",23.8210641294709,0.0291017039999135,0.294653564669645,0.0989782926489621,0.921155505415078,0.959487117963219
"YCR082W",97.4324706015245,-0.0205082898814977,0.208246647042353,-0.0985183772731367,0.921520679990754,0.959487117963219
"YHR072W",157.047587380397,0.0214144565762503,0.217480312572008,0.0984372115675814,0.921585127592761,0.959487117963219
"YIL129C",162.499975205815,0.0164758165286789,0.165911537987983,0.0993092545884125,0.920892730644109,0.959487117963219
"YJR121W",793.049696990413,0.0161976886567107,0.163008536029384,0.099371104153338,0.920843624730088,0.959487117963219
"YLR270W",130.636173215433,0.0171910812709061,0.174768856177256,0.098399619235971,0.921614977019595,0.959487117963219
"YPL028W",795.709771628558,-0.0222700609185985,0.222930833110591,-0.0999020661220535,0.920422076031208,0.959487117963219
"YPR004C",161.4628169578,-0.015155862394413,0.153545388715503,-0.0987242132135512,0.921357243413005,0.959487117963219
"YGL229C",40.3496043647783,0.0170396749869272,0.174358667606251,0.0977177398416567,0.922156428617309,0.959753074366796
"YHR039C-A",353.023325959164,0.0193684090655386,0.198401882890302,0.0976278372290414,0.922227819178372,0.959753074366796
"YHR057C",184.135571696849,-0.0163031507341146,0.168061920893448,-0.0970233794668356,0.92270782790806,0.95988063987879
"YLR301W",202.698237929873,-0.0256041627710594,0.263874535200299,-0.0970492815318605,0.922687258121676,0.95988063987879
"YKL019W",163.475229323464,0.0193162366559581,0.19996891972207,0.0966177691549567,0.923029944769838,0.960029789573741
"YCR011C",251.060748721632,0.0127151671064052,0.132555225265462,0.0959270836300439,0.923578484140746,0.96041433462148
"YLR453C",13.935199235061,-0.0216815792167633,0.226672114031697,-0.0955737847567053,0.923859086600806,0.960520161465918
"YIL115C",160.979276385558,0.0104949250020285,0.110913619915982,0.0946222069109656,0.924614910410196,0.961012314713953
"YMR315W",298.290152741642,0.015174072234929,0.160548218888546,0.0945272869193142,0.924690307659972,0.961012314713953
"YLR084C",74.2208620991608,0.0173249150027919,0.184075117553201,0.0941082564500788,0.925023161793078,0.961119477369429
"YMR251W",26.9662352215627,-0.0212533089967626,0.226300549431121,-0.0939469321171996,0.925151312232349,0.961119477369429
"YML009C",60.3494073717054,0.0168582126545628,0.180021514842634,0.0936769736294165,0.925365762208836,0.961156354442788
"YLR411W",16.0012266320683,0.0234666885087655,0.252566733788955,0.0928452082817867,0.926026535082213,0.961656713056181
"YOL102C",39.3584299442933,0.0167623433902074,0.182851607432255,0.0916390136393149,0.926984853445077,0.9624658124596
"YPL174C",50.3011270902048,-0.0141145551483202,0.155138553456471,-0.0909470022116759,0.927534702552437,0.962850577388701
"LSR1",29.1853377333553,0.0252097698480718,0.279131289729452,0.0902438304023697,0.928093454772176,0.963058335699644
"YBR049C",104.67581803512,-0.0117906505556315,0.130543130742121,-0.0903129220516424,0.928038551803124,0.963058335699644
"YJR105W",705.640437947619,-0.0226964689189327,0.252512877273049,-0.0898866767517387,0.928377268702987,0.963166758779939
"YPR133C",189.80596210913,0.0125710146294425,0.140943543030276,0.0891904581528904,0.928930548446886,0.963554649615339
"YLR252W",12.9577509819748,-0.024373010926795,0.27479023379251,-0.088769733319627,0.929264912015122,0.963715358647078
"YNL290W",161.877791914342,0.0141701854598191,0.160565674091626,0.0882725837156904,0.929660028900763,0.963938999078378
"YML031W",188.4896399239,-0.00966818379948851,0.110431589953404,-0.087555090836742,0.930230297357937,0.964344127988705
"YBL057C",132.189883183484,-0.0156355829270699,0.181407333907331,-0.0862156211401293,0.931295013071022,0.965261581475195
"YDR129C",624.096974614002,0.0114808737954729,0.133934318697537,0.0857231854231511,0.931686470666405,0.965481002112533
"YOL063C",77.7303467783405,0.0129879342267256,0.152405600242447,0.0852244189726389,0.932082977669332,0.965705569649302
"YBR283C",510.394756759447,0.00874391021408052,0.103799088634232,0.0842358136214561,0.932868944211549,0.966009019186316
"YGR072W",74.5851730336662,-0.0164172687877397,0.195951846425464,-0.083724918758812,0.93327514439728,0.966009019186316
"YHR103W",129.107145794809,0.0118364904886813,0.141064742867214,0.0838885426644182,0.933145049079176,0.966009019186316
"YJL035C",56.3250813123869,-0.0148372111853303,0.176126952715701,-0.0842286658555996,0.932874627107495,0.966009019186316
"YKL166C",44.3627657155336,0.0208112742467534,0.247355410337768,0.0840210864828214,0.933039666458123,0.966009019186316
"YLR370C",147.971208095745,0.0149816379829687,0.180129263950972,0.0831651894320887,0.933720191630059,0.966283458428718
"YER140W",53.9727440268139,-0.0145921624393923,0.177215203774577,-0.0823467577140691,0.934370973368041,0.96677066036597
"YDR197W",40.8799794535982,-0.0176195664681205,0.215334570221409,-0.0817641788599427,0.93483424179018,0.966840672229701
"YHR013C",121.969275534473,0.0112044980650072,0.137724893638537,0.0813561960294902,0.935158684087376,0.966840672229701
"YKL201C",83.589690075347,0.012043886727355,0.147926807229502,0.0814152904980113,0.935111689419192,0.966840672229701
"YOR233W",63.9837500601468,-0.0145378698275671,0.177331096528081,-0.0819496408285924,0.934686759484166,0.966840672229701
"YDL101C",35.7700816986168,0.0159309783091536,0.198769180359763,0.0801399458529877,0.93612595270294,0.966994789090894
"YER019C-A",363.726675382327,0.0199372548519259,0.247069894020573,0.0807040597423102,0.935677308143369,0.966994789090894
"YER133W",326.214802433382,-0.0091220480398791,0.114286047021922,-0.0798104779614613,0.936387990702241,0.966994789090894
"YJR040W",104.978589473066,0.0146870154034363,0.183841632391203,0.0798981573455005,0.936318255371329,0.966994789090894
"YLR395C",83.6477168828555,0.016606778908829,0.207104465817279,0.0802290508328539,0.936055085404383,0.966994789090894
"YML012W",493.767528199331,0.0175749377448722,0.219906861767013,0.0799285170891332,0.936294109024833,0.966994789090894
"YFL018C",461.662798904071,-0.0150322631266905,0.190582822854671,-0.0788857609994674,0.937123489020546,0.967368608580638
"YHR048W",53.8823314286874,-0.0129245151764476,0.16430394914966,-0.0786760358169764,0.937290307029164,0.967368608580638
"YNR065C",73.9973867195085,0.0122917611258125,0.156130457413803,0.0787258307800538,0.937250699249121,0.967368608580638
"YMR180C",51.9334384471119,-0.0114594180161058,0.14741091583663,-0.0777412575703532,0.938033874602133,0.967950036597129
"YCL017C",157.97935459416,0.0157177514469428,0.204877764333278,0.0767396258929326,0.93883068056483,0.96821420608942
"YDR289C",76.8799000882429,-0.0124732126147945,0.161904460704325,-0.0770165211032673,0.938610402064212,0.96821420608942
"YMR064W",73.1958471808435,0.0141181522256936,0.183653987113621,0.0768676387577987,0.938728841882723,0.96821420608942
"YGR295C",109.817055698756,-0.0153007729005443,0.200800751185433,-0.0762090888699821,0.93925275184766,0.968463530461467
"YDR164C",81.9936837279498,0.0114208385275398,0.151190928061196,0.075532677071749,0.939790899243456,0.968832422233512
"YDL078C",324.236868597309,-0.0140165948214529,0.186405095798781,-0.0752048860664693,0.940051696847369,0.968915306806221
"YJL051W",48.6931253919077,0.0141544958635283,0.190219088346089,0.0743823529513604,0.940706150205809,0.969217865481565
"YLR052W",86.6575570080126,0.0161329347649481,0.216231219877742,0.0745674274006082,0.940558891114127,0.969217865481565
"YBR056W",174.0398914469,-0.0151758006378642,0.209358454383242,-0.0725142111195106,0.942192696404331,0.970181434360581
"YDR035W",415.107998747022,-0.0126417301340646,0.175424764872041,-0.0720720866984677,0.942544540028582,0.970181434360581
"YMR262W",109.725815954082,-0.0111777002160021,0.155004415457876,-0.0721346565657128,0.942494746102647,0.970181434360581
"YNL084C",154.362214000097,0.0139947955385131,0.193389450886094,0.072378463848837,0.942300723195611,0.970181434360581
"YPL177C",129.853776043634,0.0197483166800223,0.27384854425293,0.0720981413118785,0.942523805396156,0.970181434360581
"YOR291W",130.898625397743,0.00944788444739189,0.131634420868478,0.0717687783140573,0.942785920021898,0.970243950265877
"YDR103W",83.1475407896295,0.00982114595159549,0.138147873014165,0.0710787994240729,0.943335041095346,0.970623085387568
"YEL037C",370.088947268915,-0.00984322086050862,0.143113951550853,-0.0687812726999608,0.945163725000334,0.971574041526659
"YGR026W",197.115241723549,-0.0113300187827786,0.164511487024512,-0.0688756259686142,0.945088620094219,0.971574041526659
"YGR165W",70.6716242316925,0.0139799140144379,0.201146345951022,0.0694678048177906,0.94461725875754,0.971574041526659
"YLR173W",79.2291935866074,-0.0125974548265118,0.183261289986357,-0.0687836864146458,0.945161803684932,0.971574041526659
"YMR171C",156.768776881254,-0.00958642567548344,0.138215122326023,-0.0693498376526548,0.944711156484485,0.971574041526659
"YGR224W",58.985649293514,0.0114242012687639,0.168071084129534,0.0679769398154697,0.945803991175357,0.971605445739674
"YJL144W",30.3908384635196,0.0158044747143848,0.231633733969923,0.0683629983212183,0.945496675955341,0.971605445739674
"YML129C",121.448096357941,-0.0131542777355933,0.193845985775152,-0.0678886849396091,0.945874246082501,0.971605445739674
"YPL144W",24.265485643724,0.0145847254126528,0.215230132597117,0.0678338853647431,0.945917869255773,0.971605445739674
"YBR091C",27.4964749309482,-0.0140363557242834,0.209600518923891,-0.0670359106866082,0.946553114892443,0.971957053958062
"YJL072C",34.7764528228012,-0.0155080187580517,0.231604802236881,-0.0669492447118741,0.946622109338041,0.971957053958062
"YBR098W",26.6793030612194,-0.0130141401381002,0.196950166037376,-0.0660640510519673,0.947326831404823,0.972123120266585
"YIL125W",246.570004892347,0.00882282118366124,0.133448604841543,0.0661240678493843,0.94727904940887,0.972123120266585
"YLR087C",71.4027404514719,0.0105110890403838,0.158691836527717,0.0662231324516272,0.947200180163488,0.972123120266585
"YDL164C",70.5833125958287,-0.0087619743996194,0.136264015717649,-0.0642982680890215,0.948732732467959,0.973008116495209
"YMR129W",132.564194491716,-0.0134952007239745,0.209801833738922,-0.0643009138723538,0.94873062579774,0.973008116495209
"YOR193W",33.1549496108398,0.0139702504771166,0.216419341746663,0.0645990078441748,0.948493274687314,0.973008116495209
"YCL031C",131.376913448454,-0.0130880614209616,0.206371076922174,-0.0633923494797,0.94945407923055,0.973376190026204
"YLR153C",637.009901906365,0.0151055091268218,0.237823505763133,0.0635199146881748,0.949352501636562,0.973376190026204
"YCR008W",185.264348123302,-0.00946811590761002,0.149885724911536,-0.0631579650655679,0.949640716936288,0.973381734859695
"YBL081W",121.543800536528,-0.0179742100958039,0.287858311410019,-0.0623975348553936,0.950246258036941,0.973754559523248
"YKR031C",130.479467278633,0.00957919100439015,0.153866523357035,0.0622458560301362,0.950367045433042,0.973754559523248
"YBR080C",193.796005174266,0.00972916578145911,0.157567400153698,0.0617528931258705,0.950759617685257,0.973970991147724
"YHR192W",96.3664403652599,0.00961815198597392,0.157569700228836,0.0610510063332347,0.951318587601249,0.974357767735756
"YDR435C",109.741221942356,-0.0143958711371152,0.239150223285529,-0.0602278390253989,0.951974173619274,0.974843333938822
"YLR292C",91.3558759655322,0.0111832526271057,0.188442397800648,0.0593281343571597,0.952690752600344,0.975205266288631
"YMR149W",274.248895012518,0.00880465734065325,0.148192833610427,0.059412565324202,0.952623505058169,0.975205266288631
"YCR068W",64.2184001963408,-0.0136168414500148,0.230614772088355,-0.0590797561284598,0.952888582741846,0.975221908899858
"YPL274W",122.732133033295,-0.0126554990852605,0.215350946265695,-0.0587943349702902,0.953115920695678,0.975268738818153
"YBL079W",114.892382914733,-0.011773478538906,0.203632879396784,-0.0577836316561302,0.953920976438125,0.975876552487818
"YBR137W",36.9896343416479,0.0141878110895064,0.24755579645423,0.0573642894106258,0.954255009060886,0.975876552487818
"YBR243C",100.210909771779,0.00833515302937863,0.144793814282241,0.057568870427974,0.954092046332966,0.975876552487818
"YHR059W",28.6643364996298,-0.0110528776881215,0.201994142257503,-0.0547791039675331,0.956314448019886,0.976866660386993
"YKR084C",138.944547654342,-0.00899446252472378,0.162123197025539,-0.0554870928451116,0.955750412526418,0.976866660386993
"YLL031C",112.239221926031,-0.00753149687811342,0.137305802563727,-0.0548406850855295,0.956265387144471,0.976866660386993
"YML070W",260.611348250691,0.010048206933802,0.181856586339449,0.0552550560998232,0.955935267466745,0.976866660386993
"YOL159C",33.5420621873445,-0.0119712300839824,0.217680680912164,-0.0550718459297487,0.956081225787548,0.976866660386993
"YOR336W",78.7076009274063,-0.00717156857263899,0.129203229640929,-0.0555016231123598,0.955738836888551,0.976866660386993
"YDR080W",44.4787704282784,0.0102365779484488,0.193293926048593,0.0529099703382872,0.957803640344186,0.977829947213196
"YHR113W",182.515278911161,0.00947235260675699,0.177956237110106,0.0532349843413326,0.957544681650087,0.977829947213196
"YOL142W",77.8211367713896,0.00850617942000097,0.160632002621945,0.0529533339331491,0.957769089636657,0.977829947213196
"YDR265W",53.3669744076834,-0.00801399094672307,0.154873874274625,-0.0517425028745878,0.958733870182889,0.978036014577834
"YIL147C",128.664806213786,-0.0062046404835354,0.118979626752704,-0.0521519777074257,0.958407597061712,0.978036014577834
"YPL252C",47.6201436668998,0.00899551428681259,0.173296393928958,0.051886810485234,0.958618883827402,0.978036014577834
"YPR191W",181.068984781592,-0.00910375698976785,0.173861314053617,-0.0523740382451207,0.958230660197191,0.978036014577834
"YAL046C",44.5586469964413,-0.0129720177791401,0.252850080068746,-0.0513601493906593,0.959038539018855,0.978161031726219
"YGR102C",45.0701980387587,0.0087779930860059,0.175225995265033,0.0500908825818337,0.960049965264647,0.979006714151589
"YER090W",254.875324122737,-0.00975746626328748,0.195876593388387,-0.049823581594086,0.960262974622917,0.979038047968809
"YDR458C",82.1368145367635,-0.00958130555260263,0.194458551717968,-0.049269967558388,0.960704152856095,0.979301955777203
"YGL209W",348.622815841781,0.0114516127455841,0.235789602651893,0.0485590743426395,0.961270685408349,0.979512021767619
"YGR135W",470.439662477277,-0.00986698501560732,0.204586871447318,-0.0482328758905813,0.961530649497422,0.979512021767619
"YHR119W",85.867455607489,-0.00955573205166124,0.19791522228014,-0.0482648921920322,0.96150513390167,0.979512021767619
"YOR250C",64.3687406102319,0.00784998730367477,0.163257720290587,0.0480960282289219,0.961639711558491,0.979512021767619
"YER054C",73.0521479068757,0.0109900390225109,0.229958765214796,0.0478368082471328,0.961846301383894,0.979536686525009
"YGR052W",30.0587315858917,-0.00899846842091231,0.189477912423308,-0.0474941901662605,0.962119360687938,0.979629021090979
"YGR212W",22.1137122154916,-0.0101725588415633,0.218695892565136,-0.0465517929964949,0.962870453958522,0.980158132938434
"YIL048W",124.104754613516,0.00801312879975484,0.172789259594155,0.0463842409029785,0.963003996930947,0.980158132938434
"YDR167W",97.6525825331345,-0.00681978301923973,0.151240452299287,-0.0450973111575717,0.964029744629275,0.980811968405747
"YHR208W",944.017737438094,0.010388892659759,0.231850086955385,0.0448070639865738,0.96426109450265,0.980811968405747
"YMR065W",21.633599596978,0.00954271853629335,0.211396103271059,0.045164729334332,0.963976007460981,0.980811968405747
"YNL081C",109.832746138119,0.00698273821689925,0.156341755582045,0.0446618538766258,0.964376839536539,0.980811968405747
"YKR043C",434.137450360828,0.00828601518138726,0.186746910150055,0.0443686207983058,0.964610573982014,0.980863951695835
"YLR116W",87.1818201956024,-0.0084666083602676,0.192887210217681,-0.0438757961435011,0.965003408595953,0.981077665638627
"YGR038W",57.489230702116,-0.00867898817044637,0.201173557301403,-0.0431623323670731,0.965572131506027,0.981284374327128
"YGR089W",100.339942476772,0.00801961128057379,0.185497226929685,0.0432155626940103,0.965529699442412,0.981284374327128
"YPR125W",82.7335099577595,-0.00630536462290647,0.148317651865448,-0.0425170581336147,0.966086513621658,0.981621389455529
"YNL087W",272.995637759314,0.00629057633720021,0.149986900244674,0.0419332390645586,0.96655191875146,0.981908521962188
"YDR495C",44.5337971257345,0.00907363820652646,0.225231047839001,0.0402404588822906,0.967901422213804,0.982528781691259
"YLR166C",71.3069280346486,0.00633847120218254,0.155902752177617,0.0406512799157478,0.967573902455448,0.982528781691259
"YLR320W",53.0687724150873,-0.0071082377158464,0.177529861840396,-0.0400260888047823,0.968072327096672,0.982528781691259
"YNL316C",35.0122455137387,-0.00727608420757083,0.177922028007606,-0.0408948310772857,0.967379738204874,0.982528781691259
"YPR020W",28.0109824407067,0.00975698527956234,0.243917317042017,0.0400200533467247,0.968077138840093,0.982528781691259
"YGL137W",397.287876113024,0.00491567362496123,0.128366459319154,0.0382949144500238,0.969452545494891,0.983738828991698
"YBR088C",14.3299017918381,0.0106814975014881,0.291506167811201,0.0367071732635091,0.970718489062116,0.984551576673673
"YDL160C",134.054462935125,0.00852794906502208,0.231869737750697,0.0367729938504375,0.970666007264839,0.984551576673673
"YDR067C",48.8420241004635,0.00736839101728481,0.201311069569266,0.0366006609689281,0.970803416507871,0.984551576673673
"YPL225W",168.040173656276,0.00603600108842739,0.180988435598463,0.033350097963823,0.973395403558897,0.986993904571424
"YCL005W",92.2039907478439,0.00635367847137728,0.192703129069617,0.032964437146292,0.973702947265082,0.987003918277967
"YDR326C",122.710625205736,-0.00425344872489471,0.134050632033885,-0.0317246498494016,0.974691637040837,0.987003918277967
"YFL039C",2781.99993281,-0.00784449369816019,0.244648436280848,-0.0320649213641665,0.97442027771299,0.987003918277967
"YGR024C",94.9891391192698,0.00596588594565701,0.184100344924544,0.0324158507509914,0.974140422059478,0.987003918277967
"YHR200W",418.168826434818,-0.00515413980130361,0.162190000222114,-0.0317814443589153,0.9746463444176,0.987003918277967
"YJR088C",55.8554826954016,-0.00462444212424495,0.145664931202264,-0.0317370315285587,0.974681762862342,0.987003918277967
"YKL209C",181.137855004076,-0.00499656881547917,0.15270110465156,-0.0327161594330612,0.973900937425233,0.987003918277967
"YER093C",85.4174517416739,-0.0047049594318045,0.154877314955243,-0.0303733363567897,0.975769309546539,0.987722759437328
"YHR121W",112.090173828273,0.00448151294776454,0.147553191609068,0.0303792231448574,0.975764614735721,0.987722759437328
"YDR228C",92.1884963044665,0.0064852385914589,0.216928872928098,0.0298813197703207,0.976161703860664,0.987747647218468
"YOR061W",253.746722649365,-0.0029824552298602,0.0993626677313437,-0.0300185472734866,0.976052261250595,0.987747647218468
"YML016C",170.880948640862,-0.00460966536984869,0.158958357297779,-0.0289948056453554,0.976868733348671,0.98827688205231
"YJR012C",40.5494898204847,0.006510745639118,0.233364900843422,0.0279384761671324,0.977711220867418,0.988756725151365
"YMR292W",44.1331029611712,-0.0055957760736194,0.198726938076017,-0.0281533994342037,0.977539804340398,0.988756725151365
"YGR117C",76.4685613356649,-0.00472215323677526,0.172434970729019,-0.0273735965057816,0.978161757291162,0.988895484013743
"YJL091C",41.6827140999677,0.00488889473770129,0.180544384487005,0.0270739119757951,0.978400782358784,0.988895484013743
"YJR060W",98.741260929295,0.00483600309210126,0.17827306110705,0.0271251909585939,0.97835988267095,0.988895484013743
"YIL139C",25.3260297200908,-0.00555894986637415,0.208537564214258,-0.026620871604997,0.978762126024421,0.989074577399278
"snR8",15.0016640044488,0.00757872149206753,0.290368721195961,0.026176980585901,0.979116176421389,0.989246234680076
"YGR120C",26.8149572312184,0.00562196554366068,0.220376922020071,0.0255312479619482,0.979631224336649,0.98958046001733
"YPL175W",66.9687204059044,-0.00391361142863211,0.159568787424173,-0.0245275640319837,0.98043179740745,0.990202930401545
"YGL089C",16.0724691528273,0.00567659848751482,0.236291375656895,0.0240418269112547,0.980819245288032,0.990408002715175
"YBR285W",13.2396972828424,-0.00598146520981068,0.262348780543062,-0.0228249934677637,0.981789871311838,0.990815751601002
"YER122C",313.029637576514,-0.00474795671001697,0.208096521158602,-0.0228124732242073,0.981799858420414,0.990815751601002
"YFR039C",72.9552912250916,-0.00304763108697025,0.133865815116037,-0.0227655311559235,0.981837303047464,0.990815751601002
"YKR068C",82.3994605382649,0.00351358142582742,0.157008033952178,0.0223792629314359,0.982145421992876,0.990815751601002
"YML013W",85.5477825527694,0.00365911449269042,0.163408502340116,0.0223989327789656,0.982129731658272,0.990815751601002
"YDR338C",61.8995429007544,-0.00353532667255924,0.16000802531236,-0.022100107019878,0.982368101108287,0.990854285643683
"YLR329W",9.42337563966923,-0.0057061034731913,0.266179377272975,-0.02145050203325,0.982886288021305,0.991190809793922
"YDR196C",110.706423197582,-0.00280333306401517,0.13735754263934,-0.020414146537853,0.983712998897028,0.991697787557526
"YLR059C",115.137240097677,-0.00306386810044217,0.15050271001578,-0.0203573622391754,0.983758296798827,0.991697787557526
"YJL056C",42.8099800100993,-0.00491693139409661,0.244284359498378,-0.0201038263959898,0.983960547740614,0.991715537983644
"YKL040C",87.2265719762182,0.0029490083250668,0.150712720112734,0.0195659104189887,0.984389658169454,0.991961886309219
"YDR437W",12.553132495322,0.00536492860030755,0.283278736407973,0.0189020556196988,0.98491923968733,0.992309367165757
"YGR253C",436.657252424968,0.00436031769385713,0.241478490771943,0.0180584724279952,0.985592206746072,0.992801151994215
"YIL075C",810.210129679777,0.00178714530641844,0.101068716456035,0.0176825758900406,0.985892080901326,0.992917001035257
"YKL184W",155.463348763959,0.00197776955037984,0.116720660221673,0.0169438394976588,0.986481418917095,0.99318689561519
"YNL036W",149.268083004211,-0.00296744070274159,0.175812060617232,-0.0168830698980767,0.986529899107622,0.99318689561519
"YGR092W",93.992824489524,-0.00223870778973661,0.138957786530535,-0.0161104681963982,0.987146262186439,0.993390054795393
"YGR154C",25.454265510724,0.0032325776835915,0.199534246414678,0.0162064498786553,0.987069689881082,0.993390054795393
"YLL014W",72.1901208524337,0.00410885303042383,0.257972512373967,0.0159346086855001,0.987286559764999,0.993390054795393
"YDR140W",40.8106406391086,-0.0032862797043805,0.212175377569684,-0.0154827707208038,0.987647029819881,0.99356662243165
"YDL029W",465.955581660767,-0.00297584665793678,0.219985253018991,-0.0135289791744281,0.989205765678319,0.994166245323283
"YDR267C",115.685600452084,-0.00177272650608143,0.132841759922754,-0.013343587269857,0.989353673664671,0.994166245323283
"YDR369C",36.5904584744685,0.00242094353815843,0.174205530769592,0.0138959612499056,0.988912983875291,0.994166245323283
"YGR140W",38.2335631117763,0.00264767604130368,0.196735567239991,0.0134437134451806,0.989273791700611,0.994166245323283
"YNL072W",46.2912097921459,-0.00246390974022818,0.172135006767288,-0.0143103259313671,0.988582401573599,0.994166245323283
"YOR016C",67.3793978184235,0.00193410229140373,0.144761351865256,0.0133633868442959,0.989337877298348,0.994166245323283
"YGR122W",57.6128080804516,0.00205519596764474,0.156808256498173,0.0131017533357193,0.989546612359186,0.994174121769769
"YGL176C",45.7284439999137,-0.0022330322998791,0.187712573490905,-0.0118928989782761,0.990511063210097,0.994956970357477
"YDR070C",13.4603536711808,0.00273126831883965,0.25526965679448,0.0107055161971542,0.991458397067292,0.995398154179464
"YNL127W",64.9122532764851,0.00158617178414243,0.14899440607551,0.0106455249284539,0.991506260446869,0.995398154179464
"YPL098C",88.5208234980856,-0.00193769451737794,0.179644116875016,-0.0107925853036934,0.991388929984785,0.995398154179464
"YBR123C",76.633680444773,-0.00157787971207638,0.152756759182294,-0.0103265972832604,0.991760713899989,0.9954675377232
"YDL128W",222.015235868347,0.00108313672727581,0.122111567877639,0.00887071956099331,0.992922282643062,0.995703058266595
"YDR170C",332.19055505195,-0.00111516341768233,0.115529329252228,-0.0096526216726315,0.992298441792671,0.995703058266595
"YDR293C",683.822129528943,0.00130136204492784,0.143994499181108,0.00903730329676951,0.99278937338042,0.995703058266595
"YFR014C",216.641693968585,0.0014298619044294,0.158102939084779,0.00904537161993265,0.992782936053055,0.995703058266595
"YLL041C",154.650479208284,-0.00164622712339598,0.183395706659163,-0.00897895705271927,0.992835925058933,0.995703058266595
"YEL013W",130.657072571626,-0.00119890603178573,0.158827147740382,-0.00754803387924697,0.993977597488924,0.99657526154807
"YER154W",158.373209761711,-0.000801830674403686,0.116875809061565,-0.00686054705544505,0.994526118365794,0.99666586251998
"YHL030W",170.044622641735,0.00104154508694916,0.153614621660654,0.00678083664161869,0.994589716594934,0.99666586251998
"YML006C",90.9065848482235,0.00128232178676834,0.196678096975661,0.00651710355156633,0.994800140503703,0.99666586251998
"YMR289W",75.3446234599365,0.000999094988804521,0.153630536982812,0.00650447112708038,0.994810219506538,0.99666586251998
"YBR168W",35.3222022971655,-0.00108260112126157,0.195614195040505,-0.00553209075710001,0.995586052710056,0.997071170819636
"YCL002C",51.062117360464,0.0011057287928433,0.191927449380559,0.00576246294719696,0.995402245227739,0.997071170819636
"YER077C",61.1242718520361,-0.00107357328421628,0.216256805848047,-0.00495987466814492,0.996042608804316,0.99715654275638
"YNL071W",718.360599739404,-0.00106801671160804,0.209375570134955,-0.00510124053726561,0.995929816587211,0.99715654275638
"YPL253C",19.1176776618012,-0.00102682632270205,0.234058522997664,-0.00438071195840132,0.996504708742548,0.997433244624716
"YKR006C",80.1265345173431,0.000495571949050157,0.14560568334971,0.00340424467799314,0.9972838109765,0.997841160349252
"YOR118W",95.8443827498166,-0.000799293758760308,0.223465655014177,-0.00357456770477333,0.99714791369059,0.997841160349252
"YHR107C",167.711141293944,7.73302705726382e-06,0.116660017106213,6.62929011423795e-05,0.999947105917726,0.999947105917726
"YHR168W",37.9228152045381,3.60808836148356e-05,0.17346632669325,0.000207944055437582,0.999834084649851,0.999947105917726
"YOR069W",86.6201818012333,3.61289571593307e-05,0.157487084199457,0.000229281823945491,0.999817059574204,0.999947105917726
"YBL051C",228.430233337291,0.181468463625829,0.271303151439523,0.668711911608817,NA,NA
"YBR016W",334.48695930134,0.680604908496332,0.270018399042261,2.52155495271937,NA,NA
"YDL012C",129.220845327398,0.603944858651249,0.287227864928196,2.10330557717935,NA,NA
"YDL224C",171.813735501746,0.53391080212959,0.273073561718356,1.95514023712542,NA,NA
"YDR169C",176.048746654942,0.558114585787453,0.268157211724463,2.08101526389816,NA,NA
"YDR363W-A",171.47216305971,0.614159750125848,0.269442467356506,2.27921894616097,NA,NA
"YDR453C",44.0895241102179,0.376123059520632,0.292311991299716,1.28547508846477,NA,NA
"YGR136W",164.402448550705,0.62542729545888,0.282874288290969,2.21181319829204,NA,NA
"YHR143W-A",110.066179964737,0.639847150865944,0.299284515734085,2.14135227461542,NA,NA
"YHR175W-A",20.805587775102,0.692727228296861,0.304361704683517,2.3076021553921,NA,NA
"YJR091C",310.635084771426,0.475988952546772,0.268729879214836,1.77127780212277,NA,NA
"YKL032C",505.003228259488,0.711845698331148,0.269000742366433,2.64723039878387,NA,NA
"YKL204W",189.103793422821,0.551089928043609,0.276387551676622,1.99390981904633,NA,NA
"YLR139C",67.7923376044878,0.583644933323291,0.293665475626441,1.98744177759586,NA,NA
"YMR043W",292.359527890156,0.0321685112830386,0.270352186263797,0.118963113843543,NA,NA
"YMR136W",297.377532529372,0.0135523593391003,0.268319079220068,0.0504955634550155,NA,NA
"YMR311C",412.293446355157,0.60346147086706,0.278263661254147,2.16969444390753,NA,NA
"YNL044W",62.3223849934774,0.603899879042404,0.307493625610901,1.97856807404788,NA,NA
"YNL197C",191.786746521899,0.136807902591353,0.262052570664222,0.52190117336342,NA,NA
"YNL309W",82.9052590446971,0.60801632072897,0.280606928360644,2.16742525561645,NA,NA
"YOR023C",174.295883187254,0.508256649953972,0.266650152603681,1.90590429199507,NA,NA
"YOR066W",69.6426547254223,0.768838300533878,0.274690435889057,2.79640629983343,NA,NA
"YOR194C",202.436642308579,0.582299033711758,0.262439598756852,2.21843570564917,NA,NA
"YOR247W",477.982074973735,0.272311031865728,0.281305477495054,0.968044208007826,NA,NA
"YPL014W",111.663839125302,0.631843505270003,0.292665665710521,2.15971459012675,NA,NA
"YPL032C",258.588401004974,0.33235716046302,0.282571524792959,1.17609474355347,NA,NA
"YPL089C",306.569602434813,0.380870925372828,0.263169430421818,1.44707951563051,NA,NA
"YPL204W",377.918688780321,0.391220103827284,0.270343372715047,1.44716480484461,NA,NA
"YPR036W-A",1022.99431261413,0.9161950825023,0.264176363771567,3.47059806541813,NA,NA
"YPR065W",143.525826722137,1.06623583103555,0.28168910083932,3.78855963085668,NA,NA
